budget,matchup,base_seed,opening_id,leg,opening_plies,first_ai,second_ai,winner,moves,a_moves,b_moves,a_simulations,b_simulations,a_policy_evaluations,b_policy_evaluations,a_policy_inference_ns,b_policy_inference_ns,a_search_time_ns,b_search_time_ns
fixed_simulations,UCT_MCTS_vs_MLP_ROOT_MCTS,42,0,0,4,UCT_MCTS,MLP_ROOT_MCTS,MLP_ROOT_MCTS,32,16,16,160000,160000,0,16,0,1939200,5908527000,5486605400
fixed_simulations,UCT_MCTS_vs_MLP_ROOT_MCTS,42,0,1,4,MLP_ROOT_MCTS,UCT_MCTS,MLP_ROOT_MCTS,33,16,17,160000,170000,0,17,0,1912200,4768428300,5037677800
fixed_simulations,UCT_MCTS_vs_MLP_ROOT_MCTS,42,1,0,6,UCT_MCTS,MLP_ROOT_MCTS,UCT_MCTS,31,16,15,160000,150000,0,15,0,1708500,4399827200,4225303100
fixed_simulations,UCT_MCTS_vs_MLP_ROOT_MCTS,42,1,1,6,MLP_ROOT_MCTS,UCT_MCTS,MLP_ROOT_MCTS,21,10,11,100000,110000,0,11,0,1155100,2859608300,3170799200
fixed_simulations,UCT_MCTS_vs_MLP_ROOT_MCTS,42,2,0,2,UCT_MCTS,MLP_ROOT_MCTS,MLP_ROOT_MCTS,36,18,18,180000,180000,0,18,0,1932700,5794873800,5535221400
fixed_simulations,UCT_MCTS_vs_MLP_ROOT_MCTS,42,2,1,2,MLP_ROOT_MCTS,UCT_MCTS,MLP_ROOT_MCTS,29,14,15,140000,150000,0,15,0,1708200,4330216600,4664287400
fixed_simulations,UCT_MCTS_vs_MLP_ROOT_MCTS,42,3,0,6,UCT_MCTS,MLP_ROOT_MCTS,MLP_ROOT_MCTS,18,9,9,90000,90000,0,9,0,1135000,2844167100,2566043000
fixed_simulations,UCT_MCTS_vs_MLP_ROOT_MCTS,42,3,1,6,MLP_ROOT_MCTS,UCT_MCTS,UCT_MCTS,30,15,15,150000,150000,0,15,0,1631900,3819236900,4036604900
fixed_simulations,UCT_MCTS_vs_MLP_ROOT_MCTS,42,4,0,5,UCT_MCTS,MLP_ROOT_MCTS,MLP_ROOT_MCTS,28,14,14,140000,140000,0,14,0,1543500,3852215900,3617797000
fixed_simulations,UCT_MCTS_vs_MLP_ROOT_MCTS,42,4,1,5,MLP_ROOT_MCTS,UCT_MCTS,UCT_MCTS,28,14,14,140000,140000,0,14,0,2540900,6945521000,7344200800
fixed_simulations,UCT_MCTS_vs_MLP_ROOT_MCTS,42,5,0,5,UCT_MCTS,MLP_ROOT_MCTS,MLP_ROOT_MCTS,24,12,12,120000,120000,0,12,0,1729300,4704648000,5035021100
fixed_simulations,UCT_MCTS_vs_MLP_ROOT_MCTS,42,5,1,5,MLP_ROOT_MCTS,UCT_MCTS,UCT_MCTS,12,6,6,60000,60000,0,6,0,1099200,2285942900,2605914300
fixed_simulations,UCT_MCTS_vs_MLP_ROOT_MCTS,42,6,0,2,UCT_MCTS,MLP_ROOT_MCTS,UCT_MCTS,35,18,17,180000,170000,0,17,0,4481500,7763741000,6900816700
fixed_simulations,UCT_MCTS_vs_MLP_ROOT_MCTS,42,6,1,2,MLP_ROOT_MCTS,UCT_MCTS,MLP_ROOT_MCTS,13,6,7,60000,70000,0,7,0,1348800,2499519700,3326013100
fixed_simulations,UCT_MCTS_vs_MLP_ROOT_MCTS,42,7,0,5,UCT_MCTS,MLP_ROOT_MCTS,UCT_MCTS,29,15,14,150000,140000,0,14,0,2708900,6405637300,6251514300
fixed_simulations,UCT_MCTS_vs_MLP_ROOT_MCTS,42,7,1,5,MLP_ROOT_MCTS,UCT_MCTS,MLP_ROOT_MCTS,29,14,15,140000,150000,0,15,0,3489400,6260539600,6536205700
fixed_simulations,UCT_MCTS_vs_MLP_ROOT_MCTS,42,8,0,6,UCT_MCTS,MLP_ROOT_MCTS,UCT_MCTS,1,1,0,10000,0,0,0,0,0,35415200,0
fixed_simulations,UCT_MCTS_vs_MLP_ROOT_MCTS,42,8,1,6,MLP_ROOT_MCTS,UCT_MCTS,MLP_ROOT_MCTS,1,0,1,0,10000,0,1,0,198600,0,35946500
fixed_simulations,UCT_MCTS_vs_MLP_ROOT_MCTS,42,9,0,6,UCT_MCTS,MLP_ROOT_MCTS,UCT_MCTS,15,8,7,80000,70000,0,7,0,1121200,4026284100,3678448100
fixed_simulations,UCT_MCTS_vs_MLP_ROOT_MCTS,42,9,1,6,MLP_ROOT_MCTS,UCT_MCTS,MLP_ROOT_MCTS,21,10,11,100000,110000,0,11,0,3132100,5522390400,5928256300
fixed_simulations,UCT_MCTS_vs_MLP_ROOT_MCTS,42,10,0,3,UCT_MCTS,MLP_ROOT_MCTS,UCT_MCTS,33,17,16,170000,160000,0,16,0,2940400,9386218400,8915807800
fixed_simulations,UCT_MCTS_vs_MLP_ROOT_MCTS,42,10,1,3,MLP_ROOT_MCTS,UCT_MCTS,UCT_MCTS,28,14,14,140000,140000,0,14,0,2514000,7209819400,7745119400
fixed_simulations,UCT_MCTS_vs_MLP_ROOT_MCTS,42,11,0,3,UCT_MCTS,MLP_ROOT_MCTS,DRAW,39,20,19,200000,190000,0,19,0,3614900,10391369600,10035918800
fixed_simulations,UCT_MCTS_vs_MLP_ROOT_MCTS,42,11,1,3,MLP_ROOT_MCTS,UCT_MCTS,MLP_ROOT_MCTS,27,13,14,130000,140000,0,14,0,2886300,7933608500,8412630800
fixed_simulations,UCT_MCTS_vs_MLP_ROOT_MCTS,42,12,0,2,UCT_MCTS,MLP_ROOT_MCTS,UCT_MCTS,29,15,14,150000,140000,0,14,0,2566200,5863347200,5535447500
fixed_simulations,UCT_MCTS_vs_MLP_ROOT_MCTS,42,12,1,2,MLP_ROOT_MCTS,UCT_MCTS,MLP_ROOT_MCTS,33,16,17,160000,170000,0,17,0,3107400,7797584300,9043960400
fixed_simulations,UCT_MCTS_vs_MLP_ROOT_MCTS,42,13,0,2,UCT_MCTS,MLP_ROOT_MCTS,DRAW,40,20,20,200000,200000,0,20,0,4166200,11628432100,11003507800
fixed_simulations,UCT_MCTS_vs_MLP_ROOT_MCTS,42,13,1,2,MLP_ROOT_MCTS,UCT_MCTS,UCT_MCTS,38,19,19,190000,190000,0,19,0,4191100,10053777200,10801884000
fixed_simulations,UCT_MCTS_vs_MLP_ROOT_MCTS,42,14,0,2,UCT_MCTS,MLP_ROOT_MCTS,UCT_MCTS,29,15,14,150000,140000,0,14,0,2785900,7561749500,6301231200
fixed_simulations,UCT_MCTS_vs_MLP_ROOT_MCTS,42,14,1,2,MLP_ROOT_MCTS,UCT_MCTS,MLP_ROOT_MCTS,19,9,10,90000,100000,0,10,0,1906200,5688712400,6128617400
fixed_simulations,UCT_MCTS_vs_MLP_ROOT_MCTS,42,15,0,2,UCT_MCTS,MLP_ROOT_MCTS,UCT_MCTS,35,18,17,180000,170000,0,17,0,3318900,7981145900,7513001600
fixed_simulations,UCT_MCTS_vs_MLP_ROOT_MCTS,42,15,1,2,MLP_ROOT_MCTS,UCT_MCTS,MLP_ROOT_MCTS,31,15,16,150000,160000,0,16,0,3154500,7781390900,8171048100
fixed_simulations,UCT_MCTS_vs_MLP_ROOT_MCTS,42,16,0,5,UCT_MCTS,MLP_ROOT_MCTS,UCT_MCTS,3,2,1,20000,10000,0,1,0,191900,198209100,129567200
fixed_simulations,UCT_MCTS_vs_MLP_ROOT_MCTS,42,16,1,5,MLP_ROOT_MCTS,UCT_MCTS,MLP_ROOT_MCTS,3,1,2,10000,20000,0,2,0,397900,100765700,192963700
fixed_simulations,UCT_MCTS_vs_MLP_ROOT_MCTS,42,17,0,4,UCT_MCTS,MLP_ROOT_MCTS,MLP_ROOT_MCTS,28,14,14,140000,140000,0,14,0,2835100,6872301500,6439117100
fixed_simulations,UCT_MCTS_vs_MLP_ROOT_MCTS,42,17,1,4,MLP_ROOT_MCTS,UCT_MCTS,UCT_MCTS,30,15,15,150000,150000,0,15,0,2910600,7036475800,7491316000
fixed_simulations,UCT_MCTS_vs_MLP_ROOT_MCTS,42,18,0,2,UCT_MCTS,MLP_ROOT_MCTS,UCT_MCTS,35,18,17,180000,170000,0,17,0,3348400,8637210000,8326531000
fixed_simulations,UCT_MCTS_vs_MLP_ROOT_MCTS,42,18,1,2,MLP_ROOT_MCTS,UCT_MCTS,MLP_ROOT_MCTS,33,16,17,160000,170000,0,17,0,3436100,8472464900,8897862100
fixed_simulations,UCT_MCTS_vs_MLP_ROOT_MCTS,42,19,0,2,UCT_MCTS,MLP_ROOT_MCTS,MLP_ROOT_MCTS,22,11,11,110000,110000,0,11,0,2300000,6188422900,5820500000
fixed_simulations,UCT_MCTS_vs_MLP_ROOT_MCTS,42,19,1,2,MLP_ROOT_MCTS,UCT_MCTS,UCT_MCTS,36,18,18,180000,180000,0,18,0,3555200,8185178300,8668755200
fixed_simulations,UCT_MCTS_vs_MLP_ROOT_MCTS,42,20,0,5,UCT_MCTS,MLP_ROOT_MCTS,UCT_MCTS,3,2,1,20000,10000,0,1,0,202300,226280100,122196200
fixed_simulations,UCT_MCTS_vs_MLP_ROOT_MCTS,42,20,1,5,MLP_ROOT_MCTS,UCT_MCTS,MLP_ROOT_MCTS,3,1,2,10000,20000,0,2,0,382000,122182800,242985900
fixed_simulations,UCT_MCTS_vs_MLP_ROOT_MCTS,42,21,0,6,UCT_MCTS,MLP_ROOT_MCTS,UCT_MCTS,3,2,1,20000,10000,0,1,0,197900,201454400,125016400
fixed_simulations,UCT_MCTS_vs_MLP_ROOT_MCTS,42,21,1,6,MLP_ROOT_MCTS,UCT_MCTS,MLP_ROOT_MCTS,3,1,2,10000,20000,0,2,0,385200,114898900,210498300
fixed_simulations,UCT_MCTS_vs_MLP_ROOT_MCTS,42,22,0,5,UCT_MCTS,MLP_ROOT_MCTS,UCT_MCTS,33,17,16,170000,160000,0,16,0,3149300,6568195500,6223465900
fixed_simulations,UCT_MCTS_vs_MLP_ROOT_MCTS,42,22,1,5,MLP_ROOT_MCTS,UCT_MCTS,UCT_MCTS,14,7,7,70000,70000,0,7,0,1282800,2680417900,3217935000
fixed_simulations,UCT_MCTS_vs_MLP_ROOT_MCTS,42,23,0,3,UCT_MCTS,MLP_ROOT_MCTS,UCT_MCTS,19,10,9,100000,90000,0,9,0,1781100,5692166400,5364690200
fixed_simulations,UCT_MCTS_vs_MLP_ROOT_MCTS,42,23,1,3,MLP_ROOT_MCTS,UCT_MCTS,MLP_ROOT_MCTS,17,8,9,80000,90000,0,9,0,1758000,4869505000,5302025800
fixed_simulations,UCT_MCTS_vs_MLP_ROOT_MCTS,42,24,0,3,UCT_MCTS,MLP_ROOT_MCTS,MLP_ROOT_MCTS,32,16,16,160000,160000,0,16,0,3386300,8342379900,7906669800
fixed_simulations,UCT_MCTS_vs_MLP_ROOT_MCTS,42,24,1,3,MLP_ROOT_MCTS,UCT_MCTS,MLP_ROOT_MCTS,35,17,18,170000,180000,0,18,0,3729200,8133512500,8667638200
fixed_simulations,UCT_MCTS_vs_MLP_ROOT_MCTS,42,25,0,3,UCT_MCTS,MLP_ROOT_MCTS,MLP_ROOT_MCTS,32,16,16,160000,160000,0,16,0,3200800,7155904400,6662021100
fixed_simulations,UCT_MCTS_vs_MLP_ROOT_MCTS,42,25,1,3,MLP_ROOT_MCTS,UCT_MCTS,MLP_ROOT_MCTS,33,16,17,160000,170000,0,17,0,3234500,7555728300,7966014200
fixed_simulations,UCT_MCTS_vs_MLP_ROOT_MCTS,42,26,0,4,UCT_MCTS,MLP_ROOT_MCTS,MLP_ROOT_MCTS,32,16,16,160000,160000,0,16,0,3455200,6976455800,6527286100
fixed_simulations,UCT_MCTS_vs_MLP_ROOT_MCTS,42,26,1,4,MLP_ROOT_MCTS,UCT_MCTS,MLP_ROOT_MCTS,21,10,11,100000,110000,0,11,0,2258800,4842416600,5283944400
fixed_simulations,UCT_MCTS_vs_MLP_ROOT_MCTS,42,27,0,6,UCT_MCTS,MLP_ROOT_MCTS,MLP_ROOT_MCTS,24,12,12,120000,120000,0,12,0,2500200,5747110600,5295107800
fixed_simulations,UCT_MCTS_vs_MLP_ROOT_MCTS,42,27,1,6,MLP_ROOT_MCTS,UCT_MCTS,MLP_ROOT_MCTS,31,15,16,150000,160000,0,16,0,3181100,7052061500,7569099100
fixed_simulations,UCT_MCTS_vs_MLP_ROOT_MCTS,42,28,0,4,UCT_MCTS,MLP_ROOT_MCTS,MLP_ROOT_MCTS,24,12,12,120000,120000,0,12,0,2356300,5872896800,5500138900
fixed_simulations,UCT_MCTS_vs_MLP_ROOT_MCTS,42,28,1,4,MLP_ROOT_MCTS,UCT_MCTS,MLP_ROOT_MCTS,11,5,6,50000,60000,0,6,0,1167600,2022383300,2594764700
fixed_simulations,UCT_MCTS_vs_MLP_ROOT_MCTS,42,29,0,4,UCT_MCTS,MLP_ROOT_MCTS,UCT_MCTS,3,2,1,20000,10000,0,1,0,200800,282058500,191363600
fixed_simulations,UCT_MCTS_vs_MLP_ROOT_MCTS,42,29,1,4,MLP_ROOT_MCTS,UCT_MCTS,MLP_ROOT_MCTS,3,1,2,10000,20000,0,2,0,392300,179439300,273654000
fixed_simulations,UCT_MCTS_vs_MLP_ROOT_MCTS,42,30,0,2,UCT_MCTS,MLP_ROOT_MCTS,MLP_ROOT_MCTS,36,18,18,180000,180000,0,18,0,3525900,8742230200,8409415900
fixed_simulations,UCT_MCTS_vs_MLP_ROOT_MCTS,42,30,1,2,MLP_ROOT_MCTS,UCT_MCTS,DRAW,40,20,20,200000,200000,0,20,0,3915000,9849255900,10355438000
fixed_simulations,UCT_MCTS_vs_MLP_ROOT_MCTS,42,31,0,5,UCT_MCTS,MLP_ROOT_MCTS,UCT_MCTS,27,14,13,140000,130000,0,13,0,2986700,5790638900,5270258500
fixed_simulations,UCT_MCTS_vs_MLP_ROOT_MCTS,42,31,1,5,MLP_ROOT_MCTS,UCT_MCTS,MLP_ROOT_MCTS,37,18,19,180000,190000,0,19,0,3788900,6872184700,7549692700
fixed_simulations,UCT_MCTS_vs_MLP_ROOT_MCTS,42,32,0,2,UCT_MCTS,MLP_ROOT_MCTS,UCT_MCTS,13,7,6,70000,60000,0,6,0,1145700,2994954900,2637195300
fixed_simulations,UCT_MCTS_vs_MLP_ROOT_MCTS,42,32,1,2,MLP_ROOT_MCTS,UCT_MCTS,MLP_ROOT_MCTS,15,7,8,70000,80000,0,8,0,1832000,3774372500,4062074100
fixed_simulations,UCT_MCTS_vs_MLP_ROOT_MCTS,42,33,0,6,UCT_MCTS,MLP_ROOT_MCTS,UCT_MCTS,29,15,14,150000,140000,0,14,0,2813200,7194583000,6833011700
fixed_simulations,UCT_MCTS_vs_MLP_ROOT_MCTS,42,33,1,6,MLP_ROOT_MCTS,UCT_MCTS,UCT_MCTS,30,15,15,150000,150000,0,15,0,3516200,7925516100,8395160500
fixed_simulations,UCT_MCTS_vs_MLP_ROOT_MCTS,42,34,0,6,UCT_MCTS,MLP_ROOT_MCTS,DRAW,36,18,18,180000,180000,0,18,0,6923100,8891171600,8497667700
fixed_simulations,UCT_MCTS_vs_MLP_ROOT_MCTS,42,34,1,6,MLP_ROOT_MCTS,UCT_MCTS,UCT_MCTS,18,9,9,90000,90000,0,9,0,2059900,3746388100,4089435000
fixed_simulations,UCT_MCTS_vs_MLP_ROOT_MCTS,42,35,0,2,UCT_MCTS,MLP_ROOT_MCTS,UCT_MCTS,33,17,16,170000,160000,0,16,0,1678900,4038925800,3644351400
fixed_simulations,UCT_MCTS_vs_MLP_ROOT_MCTS,42,35,1,2,MLP_ROOT_MCTS,UCT_MCTS,MLP_ROOT_MCTS,33,16,17,160000,170000,0,17,0,1761900,3778835300,4092971600
fixed_simulations,UCT_MCTS_vs_MLP_ROOT_MCTS,42,36,0,2,UCT_MCTS,MLP_ROOT_MCTS,UCT_MCTS,29,15,14,150000,140000,0,14,0,1475400,3807848900,3543735100
fixed_simulations,UCT_MCTS_vs_MLP_ROOT_MCTS,42,36,1,2,MLP_ROOT_MCTS,UCT_MCTS,UCT_MCTS,34,17,17,170000,170000,0,17,0,1815900,3926627100,4216631700
fixed_simulations,UCT_MCTS_vs_MLP_ROOT_MCTS,42,37,0,2,UCT_MCTS,MLP_ROOT_MCTS,MLP_ROOT_MCTS,32,16,16,160000,160000,0,16,0,1789800,4614162600,4372949700
fixed_simulations,UCT_MCTS_vs_MLP_ROOT_MCTS,42,37,1,2,MLP_ROOT_MCTS,UCT_MCTS,UCT_MCTS,32,16,16,160000,160000,0,16,0,1632300,4325616400,4566922500
fixed_simulations,UCT_MCTS_vs_MLP_ROOT_MCTS,42,38,0,2,UCT_MCTS,MLP_ROOT_MCTS,MLP_ROOT_MCTS,36,18,18,180000,180000,0,18,0,1899500,4964660800,4712487200
fixed_simulations,UCT_MCTS_vs_MLP_ROOT_MCTS,42,38,1,2,MLP_ROOT_MCTS,UCT_MCTS,MLP_ROOT_MCTS,35,17,18,170000,180000,0,18,0,1872200,4651141400,4956819700
fixed_simulations,UCT_MCTS_vs_MLP_ROOT_MCTS,42,39,0,6,UCT_MCTS,MLP_ROOT_MCTS,UCT_MCTS,17,9,8,90000,80000,0,8,0,838400,2215801100,1986373500
fixed_simulations,UCT_MCTS_vs_MLP_ROOT_MCTS,42,39,1,6,MLP_ROOT_MCTS,UCT_MCTS,DRAW,36,18,18,180000,180000,0,18,0,1887900,3986741300,4197443700
fixed_simulations,UCT_MCTS_vs_MLP_ROOT_MCTS,42,40,0,6,UCT_MCTS,MLP_ROOT_MCTS,MLP_ROOT_MCTS,32,16,16,160000,160000,0,16,0,1663400,3592676200,3438699400
fixed_simulations,UCT_MCTS_vs_MLP_ROOT_MCTS,42,40,1,6,MLP_ROOT_MCTS,UCT_MCTS,UCT_MCTS,36,18,18,180000,180000,0,18,0,1838400,3943797700,4128309400
fixed_simulations,UCT_MCTS_vs_MLP_ROOT_MCTS,42,41,0,2,UCT_MCTS,MLP_ROOT_MCTS,UCT_MCTS,27,14,13,140000,130000,0,13,0,1347800,4113486800,3854735400
fixed_simulations,UCT_MCTS_vs_MLP_ROOT_MCTS,42,41,1,2,MLP_ROOT_MCTS,UCT_MCTS,MLP_ROOT_MCTS,21,10,11,100000,110000,0,11,0,1170600,3585426100,3814189900
fixed_simulations,UCT_MCTS_vs_MLP_ROOT_MCTS,42,42,0,3,UCT_MCTS,MLP_ROOT_MCTS,MLP_ROOT_MCTS,32,16,16,160000,160000,0,16,0,1686500,4420062300,4202333100
fixed_simulations,UCT_MCTS_vs_MLP_ROOT_MCTS,42,42,1,3,MLP_ROOT_MCTS,UCT_MCTS,UCT_MCTS,34,17,17,170000,170000,0,17,0,1761200,4379212600,4608176900
fixed_simulations,UCT_MCTS_vs_MLP_ROOT_MCTS,42,43,0,2,UCT_MCTS,MLP_ROOT_MCTS,MLP_ROOT_MCTS,34,17,17,170000,170000,0,17,0,1800000,4516529700,4277857200
fixed_simulations,UCT_MCTS_vs_MLP_ROOT_MCTS,42,43,1,2,MLP_ROOT_MCTS,UCT_MCTS,MLP_ROOT_MCTS,31,15,16,150000,160000,0,16,0,1675900,4125410400,4438708500
fixed_simulations,UCT_MCTS_vs_MLP_ROOT_MCTS,42,44,0,2,UCT_MCTS,MLP_ROOT_MCTS,UCT_MCTS,31,16,15,160000,150000,0,15,0,1565000,4720542500,4388185400
fixed_simulations,UCT_MCTS_vs_MLP_ROOT_MCTS,42,44,1,2,MLP_ROOT_MCTS,UCT_MCTS,MLP_ROOT_MCTS,37,18,19,180000,190000,0,19,0,1977300,4389132500,4716488500
fixed_simulations,UCT_MCTS_vs_MLP_ROOT_MCTS,42,45,0,4,UCT_MCTS,MLP_ROOT_MCTS,UCT_MCTS,29,15,14,150000,140000,0,14,0,1506300,3958285600,3688265700
fixed_simulations,UCT_MCTS_vs_MLP_ROOT_MCTS,42,45,1,4,MLP_ROOT_MCTS,UCT_MCTS,UCT_MCTS,32,16,16,160000,160000,0,16,0,1683700,3785938800,4033028700
fixed_simulations,UCT_MCTS_vs_MLP_ROOT_MCTS,42,46,0,4,UCT_MCTS,MLP_ROOT_MCTS,UCT_MCTS,29,15,14,150000,140000,0,14,0,1477000,4262607200,3997531200
fixed_simulations,UCT_MCTS_vs_MLP_ROOT_MCTS,42,46,1,4,MLP_ROOT_MCTS,UCT_MCTS,DRAW,38,19,19,190000,190000,0,19,0,2171700,4692024900,4996703200
fixed_simulations,UCT_MCTS_vs_MLP_ROOT_MCTS,42,47,0,4,UCT_MCTS,MLP_ROOT_MCTS,MLP_ROOT_MCTS,30,15,15,150000,150000,0,15,0,1566600,3996795200,3762791400
fixed_simulations,UCT_MCTS_vs_MLP_ROOT_MCTS,42,47,1,4,MLP_ROOT_MCTS,UCT_MCTS,MLP_ROOT_MCTS,31,15,16,150000,160000,0,16,0,1642900,3977757400,4232328900
fixed_simulations,UCT_MCTS_vs_MLP_ROOT_MCTS,42,48,0,3,UCT_MCTS,MLP_ROOT_MCTS,MLP_ROOT_MCTS,30,15,15,150000,150000,0,15,0,1569400,4031271900,3784215700
fixed_simulations,UCT_MCTS_vs_MLP_ROOT_MCTS,42,48,1,3,MLP_ROOT_MCTS,UCT_MCTS,MLP_ROOT_MCTS,27,13,14,130000,140000,0,14,0,1408300,3575297000,3824965600
fixed_simulations,UCT_MCTS_vs_MLP_ROOT_MCTS,42,49,0,2,UCT_MCTS,MLP_ROOT_MCTS,MLP_ROOT_MCTS,28,14,14,140000,140000,0,14,0,1436700,4211949300,3968538200
fixed_simulations,UCT_MCTS_vs_MLP_ROOT_MCTS,42,49,1,2,MLP_ROOT_MCTS,UCT_MCTS,UCT_MCTS,38,19,19,190000,190000,0,19,0,2106500,4789977000,5073930400
fixed_simulations,UCT_MCTS_vs_MLP_ROOT_MCTS,123,0,0,4,UCT_MCTS,MLP_ROOT_MCTS,UCT_MCTS,3,2,1,20000,10000,0,1,0,102800,152525200,81173900
fixed_simulations,UCT_MCTS_vs_MLP_ROOT_MCTS,123,0,1,4,MLP_ROOT_MCTS,UCT_MCTS,MLP_ROOT_MCTS,3,1,2,10000,20000,0,2,0,206100,75258200,130592500
fixed_simulations,UCT_MCTS_vs_MLP_ROOT_MCTS,123,1,0,4,UCT_MCTS,MLP_ROOT_MCTS,MLP_ROOT_MCTS,30,15,15,150000,150000,0,15,0,1581300,4599459000,4329330000
fixed_simulations,UCT_MCTS_vs_MLP_ROOT_MCTS,123,1,1,4,MLP_ROOT_MCTS,UCT_MCTS,MLP_ROOT_MCTS,33,16,17,160000,170000,0,17,0,1762700,4203888300,4495030600
fixed_simulations,UCT_MCTS_vs_MLP_ROOT_MCTS,123,2,0,3,UCT_MCTS,MLP_ROOT_MCTS,MLP_ROOT_MCTS,26,13,13,130000,130000,0,13,0,1381900,4182357100,3893243500
fixed_simulations,UCT_MCTS_vs_MLP_ROOT_MCTS,123,2,1,3,MLP_ROOT_MCTS,UCT_MCTS,MLP_ROOT_MCTS,35,17,18,170000,180000,0,18,0,2071700,4715742300,4994945900
fixed_simulations,UCT_MCTS_vs_MLP_ROOT_MCTS,123,3,0,3,UCT_MCTS,MLP_ROOT_MCTS,UCT_MCTS,21,11,10,110000,100000,0,10,0,1053500,3609520600,3377447700
fixed_simulations,UCT_MCTS_vs_MLP_ROOT_MCTS,123,3,1,3,MLP_ROOT_MCTS,UCT_MCTS,MLP_ROOT_MCTS,31,15,16,150000,160000,0,16,0,1664200,4097285800,4363589800
fixed_simulations,UCT_MCTS_vs_MLP_ROOT_MCTS,123,4,0,3,UCT_MCTS,MLP_ROOT_MCTS,UCT_MCTS,33,17,16,170000,160000,0,16,0,1745800,4637895500,4369832100
fixed_simulations,UCT_MCTS_vs_MLP_ROOT_MCTS,123,4,1,3,MLP_ROOT_MCTS,UCT_MCTS,DRAW,39,19,20,190000,200000,0,20,0,2125300,4930421700,5157040800
fixed_simulations,UCT_MCTS_vs_MLP_ROOT_MCTS,123,5,0,3,UCT_MCTS,MLP_ROOT_MCTS,UCT_MCTS,37,19,18,190000,180000,0,18,0,1961500,5145965100,4950364300
fixed_simulations,UCT_MCTS_vs_MLP_ROOT_MCTS,123,5,1,3,MLP_ROOT_MCTS,UCT_MCTS,UCT_MCTS,34,17,17,170000,170000,0,17,0,1889900,4626979300,4832102500
fixed_simulations,UCT_MCTS_vs_MLP_ROOT_MCTS,123,6,0,5,UCT_MCTS,MLP_ROOT_MCTS,UCT_MCTS,15,8,7,80000,70000,0,7,0,755600,2312730700,2111723900
fixed_simulations,UCT_MCTS_vs_MLP_ROOT_MCTS,123,6,1,5,MLP_ROOT_MCTS,UCT_MCTS,DRAW,37,18,19,180000,190000,0,19,0,2039400,4437524900,4709127400
fixed_simulations,UCT_MCTS_vs_MLP_ROOT_MCTS,123,7,0,6,UCT_MCTS,MLP_ROOT_MCTS,MLP_ROOT_MCTS,30,15,15,150000,150000,0,15,0,1582500,3796594700,3550538400
fixed_simulations,UCT_MCTS_vs_MLP_ROOT_MCTS,123,7,1,6,MLP_ROOT_MCTS,UCT_MCTS,UCT_MCTS,32,16,16,160000,160000,0,16,0,1713100,3478040600,3701420700
fixed_simulations,UCT_MCTS_vs_MLP_ROOT_MCTS,123,8,0,4,UCT_MCTS,MLP_ROOT_MCTS,UCT_MCTS,3,2,1,20000,10000,0,1,0,110900,170159900,115190100
fixed_simulations,UCT_MCTS_vs_MLP_ROOT_MCTS,123,8,1,4,MLP_ROOT_MCTS,UCT_MCTS,MLP_ROOT_MCTS,3,1,2,10000,20000,0,2,0,226500,111754300,155379300
fixed_simulations,UCT_MCTS_vs_MLP_ROOT_MCTS,123,9,0,5,UCT_MCTS,MLP_ROOT_MCTS,UCT_MCTS,35,18,17,180000,170000,0,17,0,1843900,4589347900,4213131300
fixed_simulations,UCT_MCTS_vs_MLP_ROOT_MCTS,123,9,1,5,MLP_ROOT_MCTS,UCT_MCTS,UCT_MCTS,30,15,15,150000,150000,0,15,0,1613300,4122469600,4357503700
fixed_simulations,UCT_MCTS_vs_MLP_ROOT_MCTS,123,10,0,4,UCT_MCTS,MLP_ROOT_MCTS,MLP_ROOT_MCTS,34,17,17,170000,170000,0,17,0,1837600,4195222400,3990859300
fixed_simulations,UCT_MCTS_vs_MLP_ROOT_MCTS,123,10,1,4,MLP_ROOT_MCTS,UCT_MCTS,UCT_MCTS,32,16,16,160000,160000,0,16,0,1661000,3727736900,3968093000
fixed_simulations,UCT_MCTS_vs_MLP_ROOT_MCTS,123,11,0,5,UCT_MCTS,MLP_ROOT_MCTS,MLP_ROOT_MCTS,26,13,13,130000,130000,0,13,0,1325000,3234258300,2973341000
fixed_simulations,UCT_MCTS_vs_MLP_ROOT_MCTS,123,11,1,5,MLP_ROOT_MCTS,UCT_MCTS,UCT_MCTS,34,17,17,170000,170000,0,17,0,1778700,4274981600,4553729100
fixed_simulations,UCT_MCTS_vs_MLP_ROOT_MCTS,123,12,0,3,UCT_MCTS,MLP_ROOT_MCTS,UCT_MCTS,31,16,15,160000,150000,0,15,0,1571600,4158227200,3916229100
fixed_simulations,UCT_MCTS_vs_MLP_ROOT_MCTS,123,12,1,3,MLP_ROOT_MCTS,UCT_MCTS,MLP_ROOT_MCTS,35,17,18,170000,180000,0,18,0,1923000,4385592400,4677522700
fixed_simulations,UCT_MCTS_vs_MLP_ROOT_MCTS,123,13,0,6,UCT_MCTS,MLP_ROOT_MCTS,UCT_MCTS,31,16,15,160000,150000,0,15,0,1620700,4442562700,4223322800
fixed_simulations,UCT_MCTS_vs_MLP_ROOT_MCTS,123,13,1,6,MLP_ROOT_MCTS,UCT_MCTS,UCT_MCTS,30,15,15,150000,150000,0,15,0,1586100,3952515200,4194912400
fixed_simulations,UCT_MCTS_vs_MLP_ROOT_MCTS,123,14,0,4,UCT_MCTS,MLP_ROOT_MCTS,MLP_ROOT_MCTS,34,17,17,170000,170000,0,17,0,1827500,5065194200,4815470200
fixed_simulations,UCT_MCTS_vs_MLP_ROOT_MCTS,123,14,1,4,MLP_ROOT_MCTS,UCT_MCTS,UCT_MCTS,32,16,16,160000,160000,0,16,0,1731500,4296167200,4592388900
fixed_simulations,UCT_MCTS_vs_MLP_ROOT_MCTS,123,15,0,6,UCT_MCTS,MLP_ROOT_MCTS,UCT_MCTS,1,1,0,10000,0,0,0,0,0,26265400,0
fixed_simulations,UCT_MCTS_vs_MLP_ROOT_MCTS,123,15,1,6,MLP_ROOT_MCTS,UCT_MCTS,MLP_ROOT_MCTS,1,0,1,0,10000,0,1,0,85700,0,26132700
fixed_simulations,UCT_MCTS_vs_MLP_ROOT_MCTS,123,16,0,6,UCT_MCTS,MLP_ROOT_MCTS,MLP_ROOT_MCTS,32,16,16,160000,160000,0,16,0,1676000,3739150800,3536721600
fixed_simulations,UCT_MCTS_vs_MLP_ROOT_MCTS,123,16,1,6,MLP_ROOT_MCTS,UCT_MCTS,MLP_ROOT_MCTS,17,8,9,80000,90000,0,9,0,904000,1833371400,2090304400
fixed_simulations,UCT_MCTS_vs_MLP_ROOT_MCTS,123,17,0,6,UCT_MCTS,MLP_ROOT_MCTS,UCT_MCTS,3,2,1,20000,10000,0,1,0,94200,115977900,78893800
fixed_simulations,UCT_MCTS_vs_MLP_ROOT_MCTS,123,17,1,6,MLP_ROOT_MCTS,UCT_MCTS,MLP_ROOT_MCTS,3,1,2,10000,20000,0,2,0,202800,77628500,123406900
fixed_simulations,UCT_MCTS_vs_MLP_ROOT_MCTS,123,18,0,5,UCT_MCTS,MLP_ROOT_MCTS,DRAW,37,19,18,190000,180000,0,18,0,2104000,4585602200,4427143100
fixed_simulations,UCT_MCTS_vs_MLP_ROOT_MCTS,123,18,1,5,MLP_ROOT_MCTS,UCT_MCTS,UCT_MCTS,24,12,12,120000,120000,0,12,0,1222000,3002123700,3183629200
fixed_simulations,UCT_MCTS_vs_MLP_ROOT_MCTS,123,19,0,6,UCT_MCTS,MLP_ROOT_MCTS,UCT_MCTS,27,14,13,140000,130000,0,13,0,1372000,3386549200,3081524000
fixed_simulations,UCT_MCTS_vs_MLP_ROOT_MCTS,123,19,1,6,MLP_ROOT_MCTS,UCT_MCTS,MLP_ROOT_MCTS,23,11,12,110000,120000,0,12,0,1213800,2823792800,3085681300
fixed_simulations,UCT_MCTS_vs_MLP_ROOT_MCTS,123,20,0,6,UCT_MCTS,MLP_ROOT_MCTS,MLP_ROOT_MCTS,26,13,13,130000,130000,0,13,0,1352500,2837923900,2629711600
fixed_simulations,UCT_MCTS_vs_MLP_ROOT_MCTS,123,20,1,6,MLP_ROOT_MCTS,UCT_MCTS,UCT_MCTS,28,14,14,140000,140000,0,14,0,1493500,2870558700,3073667800
fixed_simulations,UCT_MCTS_vs_MLP_ROOT_MCTS,123,21,0,2,UCT_MCTS,MLP_ROOT_MCTS,UCT_MCTS,35,18,17,180000,170000,0,17,0,1743800,5486436700,5185201500
fixed_simulations,UCT_MCTS_vs_MLP_ROOT_MCTS,123,21,1,2,MLP_ROOT_MCTS,UCT_MCTS,MLP_ROOT_MCTS,33,16,17,160000,170000,0,17,0,4200100,4885476200,5203659300
fixed_simulations,UCT_MCTS_vs_MLP_ROOT_MCTS,123,22,0,3,UCT_MCTS,MLP_ROOT_MCTS,MLP_ROOT_MCTS,34,17,17,170000,170000,0,17,0,1825300,4820111900,4524008900
fixed_simulations,UCT_MCTS_vs_MLP_ROOT_MCTS,123,22,1,3,MLP_ROOT_MCTS,UCT_MCTS,MLP_ROOT_MCTS,29,14,15,140000,150000,0,15,0,1622700,4073207000,4411515900
fixed_simulations,UCT_MCTS_vs_MLP_ROOT_MCTS,123,23,0,4,UCT_MCTS,MLP_ROOT_MCTS,UCT_MCTS,3,2,1,20000,10000,0,1,0,102800,171691100,80184000
fixed_simulations,UCT_MCTS_vs_MLP_ROOT_MCTS,123,23,1,4,MLP_ROOT_MCTS,UCT_MCTS,MLP_ROOT_MCTS,3,1,2,10000,20000,0,2,0,218000,84852400,149948600
fixed_simulations,UCT_MCTS_vs_MLP_ROOT_MCTS,123,24,0,4,UCT_MCTS,MLP_ROOT_MCTS,UCT_MCTS,3,2,1,20000,10000,0,1,0,107200,130128100,81059200
fixed_simulations,UCT_MCTS_vs_MLP_ROOT_MCTS,123,24,1,4,MLP_ROOT_MCTS,UCT_MCTS,MLP_ROOT_MCTS,3,1,2,10000,20000,0,2,0,209300,81994300,131749800
fixed_simulations,UCT_MCTS_vs_MLP_ROOT_MCTS,123,25,0,2,UCT_MCTS,MLP_ROOT_MCTS,UCT_MCTS,33,17,16,170000,160000,0,16,0,1681800,4505829500,4163054800
fixed_simulations,UCT_MCTS_vs_MLP_ROOT_MCTS,123,25,1,2,MLP_ROOT_MCTS,UCT_MCTS,UCT_MCTS,32,16,16,160000,160000,0,16,0,1684900,3811871700,4108837400
fixed_simulations,UCT_MCTS_vs_MLP_ROOT_MCTS,123,26,0,3,UCT_MCTS,MLP_ROOT_MCTS,MLP_ROOT_MCTS,28,14,14,140000,140000,0,14,0,1501200,4026119300,3811970700
fixed_simulations,UCT_MCTS_vs_MLP_ROOT_MCTS,123,26,1,3,MLP_ROOT_MCTS,UCT_MCTS,UCT_MCTS,20,10,10,100000,100000,0,10,0,1062600,2969465100,3263979000
fixed_simulations,UCT_MCTS_vs_MLP_ROOT_MCTS,123,27,0,6,UCT_MCTS,MLP_ROOT_MCTS,MLP_ROOT_MCTS,28,14,14,140000,140000,0,14,0,1468700,3461622400,3202206700
fixed_simulations,UCT_MCTS_vs_MLP_ROOT_MCTS,123,27,1,6,MLP_ROOT_MCTS,UCT_MCTS,MLP_ROOT_MCTS,31,15,16,150000,160000,0,16,0,1722600,3564324600,3785124800
fixed_simulations,UCT_MCTS_vs_MLP_ROOT_MCTS,123,28,0,5,UCT_MCTS,MLP_ROOT_MCTS,UCT_MCTS,33,17,16,170000,160000,0,16,0,1669900,4159697200,3886015400
fixed_simulations,UCT_MCTS_vs_MLP_ROOT_MCTS,123,28,1,5,MLP_ROOT_MCTS,UCT_MCTS,UCT_MCTS,30,15,15,150000,150000,0,15,0,1597500,3816169100,4003157700
fixed_simulations,UCT_MCTS_vs_MLP_ROOT_MCTS,123,29,0,6,UCT_MCTS,MLP_ROOT_MCTS,MLP_ROOT_MCTS,28,14,14,140000,140000,0,14,0,1498400,3436971800,3228638700
fixed_simulations,UCT_MCTS_vs_MLP_ROOT_MCTS,123,29,1,6,MLP_ROOT_MCTS,UCT_MCTS,MLP_ROOT_MCTS,21,10,11,100000,110000,0,11,0,1163700,2641836400,2880880000
fixed_simulations,UCT_MCTS_vs_MLP_ROOT_MCTS,123,30,0,6,UCT_MCTS,MLP_ROOT_MCTS,UCT_MCTS,27,14,13,140000,130000,0,13,0,1547800,2934195000,2662366600
fixed_simulations,UCT_MCTS_vs_MLP_ROOT_MCTS,123,30,1,6,MLP_ROOT_MCTS,UCT_MCTS,DRAW,36,18,18,180000,180000,0,18,0,1865500,4032234500,4274112000
fixed_simulations,UCT_MCTS_vs_MLP_ROOT_MCTS,123,31,0,4,UCT_MCTS,MLP_ROOT_MCTS,UCT_MCTS,15,8,7,80000,70000,0,7,0,714000,2354145000,2165270300
fixed_simulations,UCT_MCTS_vs_MLP_ROOT_MCTS,123,31,1,4,MLP_ROOT_MCTS,UCT_MCTS,MLP_ROOT_MCTS,31,15,16,150000,160000,0,16,0,1680500,4036664800,4318894200
fixed_simulations,UCT_MCTS_vs_MLP_ROOT_MCTS,123,32,0,4,UCT_MCTS,MLP_ROOT_MCTS,UCT_MCTS,3,2,1,20000,10000,0,1,0,121500,198310200,121875600
fixed_simulations,UCT_MCTS_vs_MLP_ROOT_MCTS,123,32,1,4,MLP_ROOT_MCTS,UCT_MCTS,MLP_ROOT_MCTS,3,1,2,10000,20000,0,2,0,229300,107361500,189104600
fixed_simulations,UCT_MCTS_vs_MLP_ROOT_MCTS,123,33,0,2,UCT_MCTS,MLP_ROOT_MCTS,UCT_MCTS,37,19,18,190000,180000,0,18,0,1892200,5279826000,4895445400
fixed_simulations,UCT_MCTS_vs_MLP_ROOT_MCTS,123,33,1,2,MLP_ROOT_MCTS,UCT_MCTS,DRAW,40,20,20,200000,200000,0,20,0,2133800,5164227200,5473076700
fixed_simulations,UCT_MCTS_vs_MLP_ROOT_MCTS,123,34,0,4,UCT_MCTS,MLP_ROOT_MCTS,MLP_ROOT_MCTS,30,15,15,150000,150000,0,15,0,1588300,4051721800,3778831800
fixed_simulations,UCT_MCTS_vs_MLP_ROOT_MCTS,123,34,1,4,MLP_ROOT_MCTS,UCT_MCTS,UCT_MCTS,30,15,15,150000,150000,0,15,0,1621500,3757802300,4036730000
fixed_simulations,UCT_MCTS_vs_MLP_ROOT_MCTS,123,35,0,6,UCT_MCTS,MLP_ROOT_MCTS,MLP_ROOT_MCTS,28,14,14,140000,140000,0,14,0,1439100,3448779900,3197649900
fixed_simulations,UCT_MCTS_vs_MLP_ROOT_MCTS,123,35,1,6,MLP_ROOT_MCTS,UCT_MCTS,UCT_MCTS,14,7,7,70000,70000,0,7,0,752000,1646071700,1995749000
fixed_simulations,UCT_MCTS_vs_MLP_ROOT_MCTS,123,36,0,6,UCT_MCTS,MLP_ROOT_MCTS,UCT_MCTS,27,14,13,140000,130000,0,13,0,4575400,3842277600,3627632700
fixed_simulations,UCT_MCTS_vs_MLP_ROOT_MCTS,123,36,1,6,MLP_ROOT_MCTS,UCT_MCTS,UCT_MCTS,34,17,17,170000,170000,0,17,0,1766300,4663890800,4982439400
fixed_simulations,UCT_MCTS_vs_MLP_ROOT_MCTS,123,37,0,4,UCT_MCTS,MLP_ROOT_MCTS,MLP_ROOT_MCTS,34,17,17,170000,170000,0,17,0,2921500,6680224100,6601026200
fixed_simulations,UCT_MCTS_vs_MLP_ROOT_MCTS,123,37,1,4,MLP_ROOT_MCTS,UCT_MCTS,UCT_MCTS,32,16,16,160000,160000,0,16,0,3011500,7876616700,9384818700
fixed_simulations,UCT_MCTS_vs_MLP_ROOT_MCTS,123,38,0,6,UCT_MCTS,MLP_ROOT_MCTS,UCT_MCTS,1,1,0,10000,0,0,0,0,0,53554700,0
fixed_simulations,UCT_MCTS_vs_MLP_ROOT_MCTS,123,38,1,6,MLP_ROOT_MCTS,UCT_MCTS,MLP_ROOT_MCTS,1,0,1,0,10000,0,1,0,189100,0,50491200
fixed_simulations,UCT_MCTS_vs_MLP_ROOT_MCTS,123,39,0,6,UCT_MCTS,MLP_ROOT_MCTS,MLP_ROOT_MCTS,24,12,12,120000,120000,0,12,0,2247000,5562509800,5056669500
fixed_simulations,UCT_MCTS_vs_MLP_ROOT_MCTS,123,39,1,6,MLP_ROOT_MCTS,UCT_MCTS,UCT_MCTS,34,17,17,170000,170000,0,17,0,4304400,6072618700,6601747600
fixed_simulations,UCT_MCTS_vs_MLP_ROOT_MCTS,123,40,0,2,UCT_MCTS,MLP_ROOT_MCTS,UCT_MCTS,29,15,14,150000,140000,0,14,0,2881900,7887697400,7493048100
fixed_simulations,UCT_MCTS_vs_MLP_ROOT_MCTS,123,40,1,2,MLP_ROOT_MCTS,UCT_MCTS,MLP_ROOT_MCTS,31,15,16,150000,160000,0,16,0,3018300,8970218700,9908899700
fixed_simulations,UCT_MCTS_vs_MLP_ROOT_MCTS,123,41,0,5,UCT_MCTS,MLP_ROOT_MCTS,UCT_MCTS,29,15,14,150000,140000,0,14,0,2615600,7216423300,6649287800
fixed_simulations,UCT_MCTS_vs_MLP_ROOT_MCTS,123,41,1,5,MLP_ROOT_MCTS,UCT_MCTS,MLP_ROOT_MCTS,35,17,18,170000,180000,0,18,0,4285300,7366107700,8326644900
fixed_simulations,UCT_MCTS_vs_MLP_ROOT_MCTS,123,42,0,2,UCT_MCTS,MLP_ROOT_MCTS,UCT_MCTS,29,15,14,150000,140000,0,14,0,1878000,5831763600,5846362300
fixed_simulations,UCT_MCTS_vs_MLP_ROOT_MCTS,123,42,1,2,MLP_ROOT_MCTS,UCT_MCTS,UCT_MCTS,34,17,17,170000,170000,0,17,0,1826200,4347084600,4673098500
fixed_simulations,UCT_MCTS_vs_MLP_ROOT_MCTS,123,43,0,6,UCT_MCTS,MLP_ROOT_MCTS,MLP_ROOT_MCTS,28,14,14,140000,140000,0,14,0,1439100,3384879700,3122408900
fixed_simulations,UCT_MCTS_vs_MLP_ROOT_MCTS,123,43,1,6,MLP_ROOT_MCTS,UCT_MCTS,UCT_MCTS,30,15,15,150000,150000,0,15,0,1584600,3427347700,3680374600
fixed_simulations,UCT_MCTS_vs_MLP_ROOT_MCTS,123,44,0,2,UCT_MCTS,MLP_ROOT_MCTS,MLP_ROOT_MCTS,36,18,18,180000,180000,0,18,0,4546400,6037072300,5794148000
fixed_simulations,UCT_MCTS_vs_MLP_ROOT_MCTS,123,44,1,2,MLP_ROOT_MCTS,UCT_MCTS,UCT_MCTS,38,19,19,190000,190000,0,19,0,1964900,5814303000,6118508700
fixed_simulations,UCT_MCTS_vs_MLP_ROOT_MCTS,123,45,0,5,UCT_MCTS,MLP_ROOT_MCTS,UCT_MCTS,21,11,10,110000,100000,0,10,0,992100,3248902700,3013480500
fixed_simulations,UCT_MCTS_vs_MLP_ROOT_MCTS,123,45,1,5,MLP_ROOT_MCTS,UCT_MCTS,UCT_MCTS,32,16,16,160000,160000,0,16,0,1683500,3644807300,3879913900
fixed_simulations,UCT_MCTS_vs_MLP_ROOT_MCTS,123,46,0,4,UCT_MCTS,MLP_ROOT_MCTS,MLP_ROOT_MCTS,36,18,18,180000,180000,0,18,0,1927000,4182114200,3891661400
fixed_simulations,UCT_MCTS_vs_MLP_ROOT_MCTS,123,46,1,4,MLP_ROOT_MCTS,UCT_MCTS,UCT_MCTS,34,17,17,170000,170000,0,17,0,1812700,4161075900,4500352500
fixed_simulations,UCT_MCTS_vs_MLP_ROOT_MCTS,123,47,0,3,UCT_MCTS,MLP_ROOT_MCTS,UCT_MCTS,31,16,15,160000,150000,0,15,0,1785300,4568336300,4250557900
fixed_simulations,UCT_MCTS_vs_MLP_ROOT_MCTS,123,47,1,3,MLP_ROOT_MCTS,UCT_MCTS,MLP_ROOT_MCTS,23,11,12,110000,120000,0,12,0,1240000,3281600100,3556275800
fixed_simulations,UCT_MCTS_vs_MLP_ROOT_MCTS,123,48,0,3,UCT_MCTS,MLP_ROOT_MCTS,UCT_MCTS,37,19,18,190000,180000,0,18,0,1876600,4572556600,4263764900
fixed_simulations,UCT_MCTS_vs_MLP_ROOT_MCTS,123,48,1,3,MLP_ROOT_MCTS,UCT_MCTS,MLP_ROOT_MCTS,25,12,13,120000,130000,0,13,0,1313600,4223474700,4403513700
fixed_simulations,UCT_MCTS_vs_MLP_ROOT_MCTS,123,49,0,3,UCT_MCTS,MLP_ROOT_MCTS,MLP_ROOT_MCTS,36,18,18,180000,180000,0,18,0,1872000,4234427800,4093078600
fixed_simulations,UCT_MCTS_vs_MLP_ROOT_MCTS,123,49,1,3,MLP_ROOT_MCTS,UCT_MCTS,MLP_ROOT_MCTS,31,15,16,150000,160000,0,16,0,1699300,4011219700,4268276900
fixed_simulations,UCT_MCTS_vs_MLP_ROOT_MCTS,777,0,0,6,UCT_MCTS,MLP_ROOT_MCTS,MLP_ROOT_MCTS,22,11,11,110000,110000,0,11,0,1163800,3192148000,2906216900
fixed_simulations,UCT_MCTS_vs_MLP_ROOT_MCTS,777,0,1,6,MLP_ROOT_MCTS,UCT_MCTS,MLP_ROOT_MCTS,23,11,12,110000,120000,0,12,0,1240100,2610222000,2883280900
fixed_simulations,UCT_MCTS_vs_MLP_ROOT_MCTS,777,1,0,2,UCT_MCTS,MLP_ROOT_MCTS,UCT_MCTS,35,18,17,180000,170000,0,17,0,1781300,5400492400,5108132100
fixed_simulations,UCT_MCTS_vs_MLP_ROOT_MCTS,777,1,1,2,MLP_ROOT_MCTS,UCT_MCTS,MLP_ROOT_MCTS,25,12,13,120000,130000,0,13,0,1358900,4268804900,4544449700
fixed_simulations,UCT_MCTS_vs_MLP_ROOT_MCTS,777,2,0,4,UCT_MCTS,MLP_ROOT_MCTS,MLP_ROOT_MCTS,34,17,17,170000,170000,0,17,0,2019900,3970291300,3746513400
fixed_simulations,UCT_MCTS_vs_MLP_ROOT_MCTS,777,2,1,4,MLP_ROOT_MCTS,UCT_MCTS,UCT_MCTS,32,16,16,160000,160000,0,16,0,1657600,4002988900,4257978200
fixed_simulations,UCT_MCTS_vs_MLP_ROOT_MCTS,777,3,0,2,UCT_MCTS,MLP_ROOT_MCTS,DRAW,40,20,20,200000,200000,0,20,0,2086600,5771678300,5514945100
fixed_simulations,UCT_MCTS_vs_MLP_ROOT_MCTS,777,3,1,2,MLP_ROOT_MCTS,UCT_MCTS,UCT_MCTS,36,18,18,180000,180000,0,18,0,1847700,5028095200,5297039300
fixed_simulations,UCT_MCTS_vs_MLP_ROOT_MCTS,777,4,0,5,UCT_MCTS,MLP_ROOT_MCTS,UCT_MCTS,27,14,13,140000,130000,0,13,0,1427900,3013360000,2714723500
fixed_simulations,UCT_MCTS_vs_MLP_ROOT_MCTS,777,4,1,5,MLP_ROOT_MCTS,UCT_MCTS,MLP_ROOT_MCTS,25,12,13,120000,130000,0,13,0,1400300,2815374300,3093675900
fixed_simulations,UCT_MCTS_vs_MLP_ROOT_MCTS,777,5,0,2,UCT_MCTS,MLP_ROOT_MCTS,MLP_ROOT_MCTS,32,16,16,160000,160000,0,16,0,1651800,5318887800,5038118600
fixed_simulations,UCT_MCTS_vs_MLP_ROOT_MCTS,777,5,1,2,MLP_ROOT_MCTS,UCT_MCTS,DRAW,40,20,20,200000,200000,0,20,0,2124800,5461119500,5748946000
fixed_simulations,UCT_MCTS_vs_MLP_ROOT_MCTS,777,6,0,6,UCT_MCTS,MLP_ROOT_MCTS,UCT_MCTS,31,16,15,160000,150000,0,15,0,1556400,4089930000,3907993200
fixed_simulations,UCT_MCTS_vs_MLP_ROOT_MCTS,777,6,1,6,MLP_ROOT_MCTS,UCT_MCTS,MLP_ROOT_MCTS,27,13,14,130000,140000,0,14,0,1479500,3408661600,3733165300
fixed_simulations,UCT_MCTS_vs_MLP_ROOT_MCTS,777,7,0,6,UCT_MCTS,MLP_ROOT_MCTS,UCT_MCTS,13,7,6,70000,60000,0,6,0,640200,1631327800,1416170700
fixed_simulations,UCT_MCTS_vs_MLP_ROOT_MCTS,777,7,1,6,MLP_ROOT_MCTS,UCT_MCTS,MLP_ROOT_MCTS,11,5,6,50000,60000,0,6,0,613400,1431442400,1628987300
fixed_simulations,UCT_MCTS_vs_MLP_ROOT_MCTS,777,8,0,6,UCT_MCTS,MLP_ROOT_MCTS,MLP_ROOT_MCTS,36,18,18,180000,180000,0,18,0,1948000,4779294300,4538795700
fixed_simulations,UCT_MCTS_vs_MLP_ROOT_MCTS,777,8,1,6,MLP_ROOT_MCTS,UCT_MCTS,UCT_MCTS,36,18,18,180000,180000,0,18,0,1894200,4655494700,4926449400
fixed_simulations,UCT_MCTS_vs_MLP_ROOT_MCTS,777,9,0,3,UCT_MCTS,MLP_ROOT_MCTS,UCT_MCTS,37,19,18,190000,180000,0,18,0,1903100,5885925800,5599894500
fixed_simulations,UCT_MCTS_vs_MLP_ROOT_MCTS,777,9,1,3,MLP_ROOT_MCTS,UCT_MCTS,MLP_ROOT_MCTS,39,19,20,190000,200000,0,20,0,2081900,5022326600,5348532800
fixed_simulations,UCT_MCTS_vs_MLP_ROOT_MCTS,777,10,0,5,UCT_MCTS,MLP_ROOT_MCTS,MLP_ROOT_MCTS,34,17,17,170000,170000,0,17,0,1825800,3952422800,3749907900
fixed_simulations,UCT_MCTS_vs_MLP_ROOT_MCTS,777,10,1,5,MLP_ROOT_MCTS,UCT_MCTS,UCT_MCTS,34,17,17,170000,170000,0,17,0,1840800,3773908700,3991113400
fixed_simulations,UCT_MCTS_vs_MLP_ROOT_MCTS,777,11,0,5,UCT_MCTS,MLP_ROOT_MCTS,UCT_MCTS,31,16,15,160000,150000,0,15,0,1868300,4816832500,4524511100
fixed_simulations,UCT_MCTS_vs_MLP_ROOT_MCTS,777,11,1,5,MLP_ROOT_MCTS,UCT_MCTS,UCT_MCTS,32,16,16,160000,160000,0,16,0,1776800,4568136700,4868068600
fixed_simulations,UCT_MCTS_vs_MLP_ROOT_MCTS,777,12,0,3,UCT_MCTS,MLP_ROOT_MCTS,MLP_ROOT_MCTS,34,17,17,170000,170000,0,17,0,1785500,5200013500,4923803100
fixed_simulations,UCT_MCTS_vs_MLP_ROOT_MCTS,777,12,1,3,MLP_ROOT_MCTS,UCT_MCTS,MLP_ROOT_MCTS,33,16,17,160000,170000,0,17,0,1729600,4804921800,5094625200
fixed_simulations,UCT_MCTS_vs_MLP_ROOT_MCTS,777,13,0,2,UCT_MCTS,MLP_ROOT_MCTS,DRAW,40,20,20,200000,200000,0,20,0,2096700,5687567800,5411130200
fixed_simulations,UCT_MCTS_vs_MLP_ROOT_MCTS,777,13,1,2,MLP_ROOT_MCTS,UCT_MCTS,UCT_MCTS,34,17,17,170000,170000,0,17,0,1871200,4518036300,4825134000
fixed_simulations,UCT_MCTS_vs_MLP_ROOT_MCTS,777,14,0,5,UCT_MCTS,MLP_ROOT_MCTS,MLP_ROOT_MCTS,34,17,17,170000,170000,0,17,0,1788200,4125279900,3908066300
fixed_simulations,UCT_MCTS_vs_MLP_ROOT_MCTS,777,14,1,5,MLP_ROOT_MCTS,UCT_MCTS,UCT_MCTS,28,14,14,140000,140000,0,14,0,1511700,3720444900,3974944800
fixed_simulations,UCT_MCTS_vs_MLP_ROOT_MCTS,777,15,0,6,UCT_MCTS,MLP_ROOT_MCTS,MLP_ROOT_MCTS,30,15,15,150000,150000,0,15,0,1643400,4162049200,3934398500
fixed_simulations,UCT_MCTS_vs_MLP_ROOT_MCTS,777,15,1,6,MLP_ROOT_MCTS,UCT_MCTS,MLP_ROOT_MCTS,29,14,15,140000,150000,0,15,0,1540600,3846636800,4145328000
fixed_simulations,UCT_MCTS_vs_MLP_ROOT_MCTS,777,16,0,3,UCT_MCTS,MLP_ROOT_MCTS,MLP_ROOT_MCTS,32,16,16,160000,160000,0,16,0,1675900,4279273800,4070936900
fixed_simulations,UCT_MCTS_vs_MLP_ROOT_MCTS,777,16,1,3,MLP_ROOT_MCTS,UCT_MCTS,MLP_ROOT_MCTS,27,13,14,130000,140000,0,14,0,1451900,3459113800,3688015800
fixed_simulations,UCT_MCTS_vs_MLP_ROOT_MCTS,777,17,0,5,UCT_MCTS,MLP_ROOT_MCTS,MLP_ROOT_MCTS,32,16,16,160000,160000,0,16,0,1692900,4067152100,3800736100
fixed_simulations,UCT_MCTS_vs_MLP_ROOT_MCTS,777,17,1,5,MLP_ROOT_MCTS,UCT_MCTS,MLP_ROOT_MCTS,29,14,15,140000,150000,0,15,0,1545000,3454649100,3709186200
fixed_simulations,UCT_MCTS_vs_MLP_ROOT_MCTS,777,18,0,6,UCT_MCTS,MLP_ROOT_MCTS,UCT_MCTS,25,13,12,130000,120000,0,12,0,1217700,3233536900,2985748100
fixed_simulations,UCT_MCTS_vs_MLP_ROOT_MCTS,777,18,1,6,MLP_ROOT_MCTS,UCT_MCTS,UCT_MCTS,30,15,15,150000,150000,0,15,0,1547400,3157798800,3387446800
fixed_simulations,UCT_MCTS_vs_MLP_ROOT_MCTS,777,19,0,6,UCT_MCTS,MLP_ROOT_MCTS,UCT_MCTS,27,14,13,140000,130000,0,13,0,1341800,3713822300,3452518700
fixed_simulations,UCT_MCTS_vs_MLP_ROOT_MCTS,777,19,1,6,MLP_ROOT_MCTS,UCT_MCTS,UCT_MCTS,30,15,15,150000,150000,0,15,0,1573100,3537342900,3800388500
fixed_simulations,UCT_MCTS_vs_MLP_ROOT_MCTS,777,20,0,2,UCT_MCTS,MLP_ROOT_MCTS,UCT_MCTS,19,10,9,100000,90000,0,9,0,956900,3514763500,3290429800
fixed_simulations,UCT_MCTS_vs_MLP_ROOT_MCTS,777,20,1,2,MLP_ROOT_MCTS,UCT_MCTS,MLP_ROOT_MCTS,33,16,17,160000,170000,0,17,0,1882300,4220051600,4504786600
fixed_simulations,UCT_MCTS_vs_MLP_ROOT_MCTS,777,21,0,6,UCT_MCTS,MLP_ROOT_MCTS,MLP_ROOT_MCTS,28,14,14,140000,140000,0,14,0,1453700,3728378500,3484912900
fixed_simulations,UCT_MCTS_vs_MLP_ROOT_MCTS,777,21,1,6,MLP_ROOT_MCTS,UCT_MCTS,UCT_MCTS,28,14,14,140000,140000,0,14,0,1420200,2892956900,3158151100
fixed_simulations,UCT_MCTS_vs_MLP_ROOT_MCTS,777,22,0,6,UCT_MCTS,MLP_ROOT_MCTS,UCT_MCTS,29,15,14,150000,140000,0,14,0,1454600,3710832000,3510206500
fixed_simulations,UCT_MCTS_vs_MLP_ROOT_MCTS,777,22,1,6,MLP_ROOT_MCTS,UCT_MCTS,MLP_ROOT_MCTS,29,14,15,140000,150000,0,15,0,1544200,3520368600,3741111000
fixed_simulations,UCT_MCTS_vs_MLP_ROOT_MCTS,777,23,0,3,UCT_MCTS,MLP_ROOT_MCTS,MLP_ROOT_MCTS,28,14,14,140000,140000,0,14,0,1422900,3814298100,3552249400
fixed_simulations,UCT_MCTS_vs_MLP_ROOT_MCTS,777,23,1,3,MLP_ROOT_MCTS,UCT_MCTS,MLP_ROOT_MCTS,33,16,17,160000,170000,0,17,0,1743600,4988394200,5258308300
fixed_simulations,UCT_MCTS_vs_MLP_ROOT_MCTS,777,24,0,4,UCT_MCTS,MLP_ROOT_MCTS,UCT_MCTS,33,17,16,170000,160000,0,16,0,1722200,4038563900,3780114800
fixed_simulations,UCT_MCTS_vs_MLP_ROOT_MCTS,777,24,1,4,MLP_ROOT_MCTS,UCT_MCTS,MLP_ROOT_MCTS,31,15,16,150000,160000,0,16,0,1599700,4124636500,4411831700
fixed_simulations,UCT_MCTS_vs_MLP_ROOT_MCTS,777,25,0,6,UCT_MCTS,MLP_ROOT_MCTS,MLP_ROOT_MCTS,32,16,16,160000,160000,0,16,0,1724600,4024336300,3829178500
fixed_simulations,UCT_MCTS_vs_MLP_ROOT_MCTS,777,25,1,6,MLP_ROOT_MCTS,UCT_MCTS,UCT_MCTS,32,16,16,160000,160000,0,16,0,1790600,3787161300,4058404400
fixed_simulations,UCT_MCTS_vs_MLP_ROOT_MCTS,777,26,0,4,UCT_MCTS,MLP_ROOT_MCTS,MLP_ROOT_MCTS,36,18,18,180000,180000,0,18,0,1815200,4288508000,4031770000
fixed_simulations,UCT_MCTS_vs_MLP_ROOT_MCTS,777,26,1,4,MLP_ROOT_MCTS,UCT_MCTS,DRAW,38,19,19,190000,190000,0,19,0,1916900,4685114800,4953562100
fixed_simulations,UCT_MCTS_vs_MLP_ROOT_MCTS,777,27,0,3,UCT_MCTS,MLP_ROOT_MCTS,MLP_ROOT_MCTS,28,14,14,140000,140000,0,14,0,1582100,4176212100,3950730300
fixed_simulations,UCT_MCTS_vs_MLP_ROOT_MCTS,777,27,1,3,MLP_ROOT_MCTS,UCT_MCTS,DRAW,39,19,20,190000,200000,0,20,0,2070000,4781425600,5028625400
fixed_simulations,UCT_MCTS_vs_MLP_ROOT_MCTS,777,28,0,3,UCT_MCTS,MLP_ROOT_MCTS,UCT_MCTS,33,17,16,170000,160000,0,16,0,1782000,4249161800,4029762300
fixed_simulations,UCT_MCTS_vs_MLP_ROOT_MCTS,777,28,1,3,MLP_ROOT_MCTS,UCT_MCTS,MLP_ROOT_MCTS,17,8,9,80000,90000,0,9,0,891800,2728884100,2938385400
fixed_simulations,UCT_MCTS_vs_MLP_ROOT_MCTS,777,29,0,2,UCT_MCTS,MLP_ROOT_MCTS,UCT_MCTS,31,16,15,160000,150000,0,15,0,1601900,4225570200,3946368400
fixed_simulations,UCT_MCTS_vs_MLP_ROOT_MCTS,777,29,1,2,MLP_ROOT_MCTS,UCT_MCTS,UCT_MCTS,34,17,17,170000,170000,0,17,0,1784100,4487469700,4791479000
fixed_simulations,UCT_MCTS_vs_MLP_ROOT_MCTS,777,30,0,4,UCT_MCTS,MLP_ROOT_MCTS,UCT_MCTS,27,14,13,140000,130000,0,13,0,1347700,3602635700,3331491800
fixed_simulations,UCT_MCTS_vs_MLP_ROOT_MCTS,777,30,1,4,MLP_ROOT_MCTS,UCT_MCTS,MLP_ROOT_MCTS,17,8,9,80000,90000,0,9,0,912200,2630694200,2843540600
fixed_simulations,UCT_MCTS_vs_MLP_ROOT_MCTS,777,31,0,2,UCT_MCTS,MLP_ROOT_MCTS,UCT_MCTS,29,15,14,150000,140000,0,14,0,1421100,4449595600,4156011000
fixed_simulations,UCT_MCTS_vs_MLP_ROOT_MCTS,777,31,1,2,MLP_ROOT_MCTS,UCT_MCTS,UCT_MCTS,40,20,20,200000,200000,0,20,0,2041900,5224214200,5485451200
fixed_simulations,UCT_MCTS_vs_MLP_ROOT_MCTS,777,32,0,4,UCT_MCTS,MLP_ROOT_MCTS,UCT_MCTS,3,2,1,20000,10000,0,1,0,109700,118080800,75479600
fixed_simulations,UCT_MCTS_vs_MLP_ROOT_MCTS,777,32,1,4,MLP_ROOT_MCTS,UCT_MCTS,MLP_ROOT_MCTS,3,1,2,10000,20000,0,2,0,217100,71496500,112995600
fixed_simulations,UCT_MCTS_vs_MLP_ROOT_MCTS,777,33,0,6,UCT_MCTS,MLP_ROOT_MCTS,UCT_MCTS,29,15,14,150000,140000,0,14,0,1452100,3702594900,3451633500
fixed_simulations,UCT_MCTS_vs_MLP_ROOT_MCTS,777,33,1,6,MLP_ROOT_MCTS,UCT_MCTS,DRAW,36,18,18,180000,180000,0,18,0,1987300,4222269300,4475345900
fixed_simulations,UCT_MCTS_vs_MLP_ROOT_MCTS,777,34,0,2,UCT_MCTS,MLP_ROOT_MCTS,UCT_MCTS,19,10,9,100000,90000,0,9,0,919300,2776639200,2541753900
fixed_simulations,UCT_MCTS_vs_MLP_ROOT_MCTS,777,34,1,2,MLP_ROOT_MCTS,UCT_MCTS,MLP_ROOT_MCTS,19,9,10,90000,100000,0,10,0,1066900,2549967900,2799089900
fixed_simulations,UCT_MCTS_vs_MLP_ROOT_MCTS,777,35,0,6,UCT_MCTS,MLP_ROOT_MCTS,DRAW,36,18,18,180000,180000,0,18,0,1819300,4571186900,4348374300
fixed_simulations,UCT_MCTS_vs_MLP_ROOT_MCTS,777,35,1,6,MLP_ROOT_MCTS,UCT_MCTS,UCT_MCTS,12,6,6,60000,60000,0,6,0,625600,1503497500,1769341400
fixed_simulations,UCT_MCTS_vs_MLP_ROOT_MCTS,777,36,0,4,UCT_MCTS,MLP_ROOT_MCTS,UCT_MCTS,25,13,12,130000,120000,0,12,0,1249200,3639371700,3343102000
fixed_simulations,UCT_MCTS_vs_MLP_ROOT_MCTS,777,36,1,4,MLP_ROOT_MCTS,UCT_MCTS,MLP_ROOT_MCTS,25,12,13,120000,130000,0,13,0,1375400,3315963900,3639391800
fixed_simulations,UCT_MCTS_vs_MLP_ROOT_MCTS,777,37,0,5,UCT_MCTS,MLP_ROOT_MCTS,UCT_MCTS,17,9,8,90000,80000,0,8,0,828600,2582100400,2398814300
fixed_simulations,UCT_MCTS_vs_MLP_ROOT_MCTS,777,37,1,5,MLP_ROOT_MCTS,UCT_MCTS,UCT_MCTS,32,16,16,160000,160000,0,16,0,1695100,4442153200,4744134300
fixed_simulations,UCT_MCTS_vs_MLP_ROOT_MCTS,777,38,0,6,UCT_MCTS,MLP_ROOT_MCTS,MLP_ROOT_MCTS,30,15,15,150000,150000,0,15,0,1583500,3282263300,3070383200
fixed_simulations,UCT_MCTS_vs_MLP_ROOT_MCTS,777,38,1,6,MLP_ROOT_MCTS,UCT_MCTS,UCT_MCTS,28,14,14,140000,140000,0,14,0,1463600,3260289700,3470185600
fixed_simulations,UCT_MCTS_vs_MLP_ROOT_MCTS,777,39,0,4,UCT_MCTS,MLP_ROOT_MCTS,MLP_ROOT_MCTS,32,16,16,160000,160000,0,16,0,1746500,4025017200,3828096900
fixed_simulations,UCT_MCTS_vs_MLP_ROOT_MCTS,777,39,1,4,MLP_ROOT_MCTS,UCT_MCTS,MLP_ROOT_MCTS,21,10,11,100000,110000,0,11,0,1184500,2705834300,2949359700
fixed_simulations,UCT_MCTS_vs_MLP_ROOT_MCTS,777,40,0,2,UCT_MCTS,MLP_ROOT_MCTS,UCT_MCTS,31,16,15,160000,150000,0,15,0,1565600,4947429300,4634344600
fixed_simulations,UCT_MCTS_vs_MLP_ROOT_MCTS,777,40,1,2,MLP_ROOT_MCTS,UCT_MCTS,MLP_ROOT_MCTS,33,16,17,160000,170000,0,17,0,1796300,4172385600,4481689000
fixed_simulations,UCT_MCTS_vs_MLP_ROOT_MCTS,777,41,0,4,UCT_MCTS,MLP_ROOT_MCTS,UCT_MCTS,33,17,16,170000,160000,0,16,0,1582800,4848443100,4582708100
fixed_simulations,UCT_MCTS_vs_MLP_ROOT_MCTS,777,41,1,4,MLP_ROOT_MCTS,UCT_MCTS,MLP_ROOT_MCTS,35,17,18,170000,180000,0,18,0,1809300,4802420600,5130599900
fixed_simulations,UCT_MCTS_vs_MLP_ROOT_MCTS,777,42,0,3,UCT_MCTS,MLP_ROOT_MCTS,MLP_ROOT_MCTS,18,9,9,90000,90000,0,9,0,1009300,3051994900,2740669900
fixed_simulations,UCT_MCTS_vs_MLP_ROOT_MCTS,777,42,1,3,MLP_ROOT_MCTS,UCT_MCTS,MLP_ROOT_MCTS,31,15,16,150000,160000,0,16,0,1655700,4193086200,4535050400
fixed_simulations,UCT_MCTS_vs_MLP_ROOT_MCTS,777,43,0,6,UCT_MCTS,MLP_ROOT_MCTS,UCT_MCTS,1,1,0,10000,0,0,0,0,0,27370500,0
fixed_simulations,UCT_MCTS_vs_MLP_ROOT_MCTS,777,43,1,6,MLP_ROOT_MCTS,UCT_MCTS,MLP_ROOT_MCTS,1,0,1,0,10000,0,1,0,92200,0,24123100
fixed_simulations,UCT_MCTS_vs_MLP_ROOT_MCTS,777,44,0,4,UCT_MCTS,MLP_ROOT_MCTS,UCT_MCTS,31,16,15,160000,150000,0,15,0,1516000,4169914000,3866183700
fixed_simulations,UCT_MCTS_vs_MLP_ROOT_MCTS,777,44,1,4,MLP_ROOT_MCTS,UCT_MCTS,MLP_ROOT_MCTS,27,13,14,130000,140000,0,14,0,1436400,3401966600,3650004200
fixed_simulations,UCT_MCTS_vs_MLP_ROOT_MCTS,777,45,0,2,UCT_MCTS,MLP_ROOT_MCTS,MLP_ROOT_MCTS,26,13,13,130000,130000,0,13,0,1332200,4644749400,4346907300
fixed_simulations,UCT_MCTS_vs_MLP_ROOT_MCTS,777,45,1,2,MLP_ROOT_MCTS,UCT_MCTS,UCT_MCTS,30,15,15,150000,150000,0,15,0,1568500,3932584800,4232461800
fixed_simulations,UCT_MCTS_vs_MLP_ROOT_MCTS,777,46,0,3,UCT_MCTS,MLP_ROOT_MCTS,MLP_ROOT_MCTS,30,15,15,150000,150000,0,15,0,1531100,4125634800,3910373300
fixed_simulations,UCT_MCTS_vs_MLP_ROOT_MCTS,777,46,1,3,MLP_ROOT_MCTS,UCT_MCTS,MLP_ROOT_MCTS,33,16,17,160000,170000,0,17,0,1787100,4100171800,4373767100
fixed_simulations,UCT_MCTS_vs_MLP_ROOT_MCTS,777,47,0,5,UCT_MCTS,MLP_ROOT_MCTS,DRAW,37,19,18,190000,180000,0,18,0,2080000,4740647900,4500623700
fixed_simulations,UCT_MCTS_vs_MLP_ROOT_MCTS,777,47,1,5,MLP_ROOT_MCTS,UCT_MCTS,MLP_ROOT_MCTS,31,15,16,150000,160000,0,16,0,1665600,3841414200,4105592600
fixed_simulations,UCT_MCTS_vs_MLP_ROOT_MCTS,777,48,0,3,UCT_MCTS,MLP_ROOT_MCTS,UCT_MCTS,27,14,13,140000,130000,0,13,0,1336800,3800626800,3495095000
fixed_simulations,UCT_MCTS_vs_MLP_ROOT_MCTS,777,48,1,3,MLP_ROOT_MCTS,UCT_MCTS,MLP_ROOT_MCTS,13,6,7,60000,70000,0,7,0,730900,1393155600,1628415500
fixed_simulations,UCT_MCTS_vs_MLP_ROOT_MCTS,777,49,0,2,UCT_MCTS,MLP_ROOT_MCTS,MLP_ROOT_MCTS,32,16,16,160000,160000,0,16,0,1923700,4689593000,4452721000
fixed_simulations,UCT_MCTS_vs_MLP_ROOT_MCTS,777,49,1,2,MLP_ROOT_MCTS,UCT_MCTS,UCT_MCTS,34,17,17,170000,170000,0,17,0,1893000,4802381300,5078624800
fixed_simulations,UCT_MCTS_vs_CNN_ROOT_MCTS,42,0,0,4,UCT_MCTS,CNN_ROOT_MCTS,UCT_MCTS,29,15,14,150000,140000,0,14,0,57318200,4217500200,3993585700
fixed_simulations,UCT_MCTS_vs_CNN_ROOT_MCTS,42,0,1,4,CNN_ROOT_MCTS,UCT_MCTS,CNN_ROOT_MCTS,29,14,15,140000,150000,0,15,0,57423900,3851413100,4219241400
fixed_simulations,UCT_MCTS_vs_CNN_ROOT_MCTS,42,1,0,6,UCT_MCTS,CNN_ROOT_MCTS,UCT_MCTS,9,5,4,50000,40000,0,4,0,15150300,906427900,920543100
fixed_simulations,UCT_MCTS_vs_CNN_ROOT_MCTS,42,1,1,6,CNN_ROOT_MCTS,UCT_MCTS,DRAW,36,18,18,180000,180000,0,18,0,67359200,3726404400,4045877700
fixed_simulations,UCT_MCTS_vs_CNN_ROOT_MCTS,42,2,0,2,UCT_MCTS,CNN_ROOT_MCTS,CNN_ROOT_MCTS,36,18,18,180000,180000,0,18,0,67201900,4713833600,4498823800
fixed_simulations,UCT_MCTS_vs_CNN_ROOT_MCTS,42,2,1,2,CNN_ROOT_MCTS,UCT_MCTS,UCT_MCTS,36,18,18,180000,180000,0,18,0,67397300,4780573900,5164328800
fixed_simulations,UCT_MCTS_vs_CNN_ROOT_MCTS,42,3,0,6,UCT_MCTS,CNN_ROOT_MCTS,CNN_ROOT_MCTS,32,16,16,160000,160000,0,16,0,60696700,3515646600,3368335800
fixed_simulations,UCT_MCTS_vs_CNN_ROOT_MCTS,42,3,1,6,CNN_ROOT_MCTS,UCT_MCTS,UCT_MCTS,30,15,15,150000,150000,0,15,0,56247500,3332146600,3628005900
fixed_simulations,UCT_MCTS_vs_CNN_ROOT_MCTS,42,4,0,5,UCT_MCTS,CNN_ROOT_MCTS,CNN_ROOT_MCTS,28,14,14,140000,140000,0,14,0,52351300,3946549400,3758718800
fixed_simulations,UCT_MCTS_vs_CNN_ROOT_MCTS,42,4,1,5,CNN_ROOT_MCTS,UCT_MCTS,UCT_MCTS,32,16,16,160000,160000,0,16,0,59955600,4362404000,4592914800
fixed_simulations,UCT_MCTS_vs_CNN_ROOT_MCTS,42,5,0,5,UCT_MCTS,CNN_ROOT_MCTS,CNN_ROOT_MCTS,12,6,6,60000,60000,0,6,0,22558100,1353878900,1138596900
fixed_simulations,UCT_MCTS_vs_CNN_ROOT_MCTS,42,5,1,5,CNN_ROOT_MCTS,UCT_MCTS,UCT_MCTS,12,6,6,60000,60000,0,6,0,22459400,1176234700,1392516500
fixed_simulations,UCT_MCTS_vs_CNN_ROOT_MCTS,42,6,0,2,UCT_MCTS,CNN_ROOT_MCTS,UCT_MCTS,37,19,18,190000,180000,0,18,0,67211200,4861646700,4638635900
fixed_simulations,UCT_MCTS_vs_CNN_ROOT_MCTS,42,6,1,2,CNN_ROOT_MCTS,UCT_MCTS,CNN_ROOT_MCTS,13,6,7,60000,70000,0,7,0,25935300,1484681600,1772645300
fixed_simulations,UCT_MCTS_vs_CNN_ROOT_MCTS,42,7,0,5,UCT_MCTS,CNN_ROOT_MCTS,UCT_MCTS,29,15,14,150000,140000,0,14,0,53072500,3607129600,3443624600
fixed_simulations,UCT_MCTS_vs_CNN_ROOT_MCTS,42,7,1,5,CNN_ROOT_MCTS,UCT_MCTS,CNN_ROOT_MCTS,33,16,17,160000,170000,0,17,0,63606500,4304035600,4667742600
fixed_simulations,UCT_MCTS_vs_CNN_ROOT_MCTS,42,8,0,6,UCT_MCTS,CNN_ROOT_MCTS,UCT_MCTS,1,1,0,10000,0,0,0,0,0,18411200,0
fixed_simulations,UCT_MCTS_vs_CNN_ROOT_MCTS,42,8,1,6,CNN_ROOT_MCTS,UCT_MCTS,CNN_ROOT_MCTS,1,0,1,0,10000,0,1,0,3847100,0,22056900
fixed_simulations,UCT_MCTS_vs_CNN_ROOT_MCTS,42,9,0,6,UCT_MCTS,CNN_ROOT_MCTS,UCT_MCTS,21,11,10,110000,100000,0,10,0,37445500,3210685900,3027690200
fixed_simulations,UCT_MCTS_vs_CNN_ROOT_MCTS,42,9,1,6,CNN_ROOT_MCTS,UCT_MCTS,CNN_ROOT_MCTS,25,12,13,120000,130000,0,13,0,48396700,3017825000,3340507100
fixed_simulations,UCT_MCTS_vs_CNN_ROOT_MCTS,42,10,0,3,UCT_MCTS,CNN_ROOT_MCTS,UCT_MCTS,31,16,15,160000,150000,0,15,0,56754900,4919788000,4782942300
fixed_simulations,UCT_MCTS_vs_CNN_ROOT_MCTS,42,10,1,3,CNN_ROOT_MCTS,UCT_MCTS,DRAW,39,19,20,190000,200000,0,20,0,74960500,5309450500,5633028600
fixed_simulations,UCT_MCTS_vs_CNN_ROOT_MCTS,42,11,0,3,UCT_MCTS,CNN_ROOT_MCTS,DRAW,39,20,19,200000,190000,0,19,0,70912900,5620656400,5455403400
fixed_simulations,UCT_MCTS_vs_CNN_ROOT_MCTS,42,11,1,3,CNN_ROOT_MCTS,UCT_MCTS,CNN_ROOT_MCTS,33,16,17,160000,170000,0,17,0,63399100,4615737200,4983350500
fixed_simulations,UCT_MCTS_vs_CNN_ROOT_MCTS,42,12,0,2,UCT_MCTS,CNN_ROOT_MCTS,UCT_MCTS,29,15,14,150000,140000,0,14,0,52517000,3671837600,3505266300
fixed_simulations,UCT_MCTS_vs_CNN_ROOT_MCTS,42,12,1,2,CNN_ROOT_MCTS,UCT_MCTS,CNN_ROOT_MCTS,29,14,15,140000,150000,0,15,0,56405200,3517390400,3893849300
fixed_simulations,UCT_MCTS_vs_CNN_ROOT_MCTS,42,13,0,2,UCT_MCTS,CNN_ROOT_MCTS,UCT_MCTS,29,15,14,150000,140000,0,14,0,51697700,4479235300,4239510300
fixed_simulations,UCT_MCTS_vs_CNN_ROOT_MCTS,42,13,1,2,CNN_ROOT_MCTS,UCT_MCTS,CNN_ROOT_MCTS,29,14,15,140000,150000,0,15,0,55504200,4017882400,4353339200
fixed_simulations,UCT_MCTS_vs_CNN_ROOT_MCTS,42,14,0,2,UCT_MCTS,CNN_ROOT_MCTS,UCT_MCTS,27,14,13,140000,130000,0,13,0,48448700,3724125100,3479618000
fixed_simulations,UCT_MCTS_vs_CNN_ROOT_MCTS,42,14,1,2,CNN_ROOT_MCTS,UCT_MCTS,CNN_ROOT_MCTS,35,17,18,170000,180000,0,18,0,68284400,4511235500,4947660400
fixed_simulations,UCT_MCTS_vs_CNN_ROOT_MCTS,42,15,0,2,UCT_MCTS,CNN_ROOT_MCTS,CNN_ROOT_MCTS,34,17,17,170000,170000,0,17,0,63866500,4625793000,4391592800
fixed_simulations,UCT_MCTS_vs_CNN_ROOT_MCTS,42,15,1,2,CNN_ROOT_MCTS,UCT_MCTS,CNN_ROOT_MCTS,33,16,17,160000,170000,0,17,0,63704200,4105709700,4478027100
fixed_simulations,UCT_MCTS_vs_CNN_ROOT_MCTS,42,16,0,5,UCT_MCTS,CNN_ROOT_MCTS,UCT_MCTS,3,2,1,20000,10000,0,1,0,3669600,108763200,62862100
fixed_simulations,UCT_MCTS_vs_CNN_ROOT_MCTS,42,16,1,5,CNN_ROOT_MCTS,UCT_MCTS,CNN_ROOT_MCTS,3,1,2,10000,20000,0,2,0,7615700,58222200,117794700
fixed_simulations,UCT_MCTS_vs_CNN_ROOT_MCTS,42,17,0,4,UCT_MCTS,CNN_ROOT_MCTS,CNN_ROOT_MCTS,30,15,15,150000,150000,0,15,0,56876000,4342007300,4136560700
fixed_simulations,UCT_MCTS_vs_CNN_ROOT_MCTS,42,17,1,4,CNN_ROOT_MCTS,UCT_MCTS,UCT_MCTS,28,14,14,140000,140000,0,14,0,52419700,3654591900,4000490700
fixed_simulations,UCT_MCTS_vs_CNN_ROOT_MCTS,42,18,0,2,UCT_MCTS,CNN_ROOT_MCTS,CNN_ROOT_MCTS,32,16,16,160000,160000,0,16,0,60002600,4853645800,4642554000
fixed_simulations,UCT_MCTS_vs_CNN_ROOT_MCTS,42,18,1,2,CNN_ROOT_MCTS,UCT_MCTS,CNN_ROOT_MCTS,33,16,17,160000,170000,0,17,0,64396800,4153090000,4499521600
fixed_simulations,UCT_MCTS_vs_CNN_ROOT_MCTS,42,19,0,2,UCT_MCTS,CNN_ROOT_MCTS,CNN_ROOT_MCTS,24,12,12,120000,120000,0,12,0,44739100,3607485600,3327339000
fixed_simulations,UCT_MCTS_vs_CNN_ROOT_MCTS,42,19,1,2,CNN_ROOT_MCTS,UCT_MCTS,CNN_ROOT_MCTS,35,17,18,170000,180000,0,18,0,67300400,4617639900,4970338000
fixed_simulations,UCT_MCTS_vs_CNN_ROOT_MCTS,42,20,0,5,UCT_MCTS,CNN_ROOT_MCTS,UCT_MCTS,3,2,1,20000,10000,0,1,0,3631100,124957800,84273000
fixed_simulations,UCT_MCTS_vs_CNN_ROOT_MCTS,42,20,1,5,CNN_ROOT_MCTS,UCT_MCTS,CNN_ROOT_MCTS,3,1,2,10000,20000,0,2,0,7417500,67232400,140796200
fixed_simulations,UCT_MCTS_vs_CNN_ROOT_MCTS,42,21,0,6,UCT_MCTS,CNN_ROOT_MCTS,UCT_MCTS,3,2,1,20000,10000,0,1,0,3882800,107313700,71065100
fixed_simulations,UCT_MCTS_vs_CNN_ROOT_MCTS,42,21,1,6,CNN_ROOT_MCTS,UCT_MCTS,CNN_ROOT_MCTS,3,1,2,10000,20000,0,2,0,7333400,64031700,120151600
fixed_simulations,UCT_MCTS_vs_CNN_ROOT_MCTS,42,22,0,5,UCT_MCTS,CNN_ROOT_MCTS,UCT_MCTS,33,17,16,170000,160000,0,16,0,59409200,3610818600,3497135500
fixed_simulations,UCT_MCTS_vs_CNN_ROOT_MCTS,42,22,1,5,CNN_ROOT_MCTS,UCT_MCTS,UCT_MCTS,14,7,7,70000,70000,0,7,0,26150000,1509607200,1851915700
fixed_simulations,UCT_MCTS_vs_CNN_ROOT_MCTS,42,23,0,3,UCT_MCTS,CNN_ROOT_MCTS,UCT_MCTS,29,15,14,150000,140000,0,14,0,52354800,4548087300,4341498100
fixed_simulations,UCT_MCTS_vs_CNN_ROOT_MCTS,42,23,1,3,CNN_ROOT_MCTS,UCT_MCTS,CNN_ROOT_MCTS,35,17,18,170000,180000,0,18,0,69379200,4280555900,4772309900
fixed_simulations,UCT_MCTS_vs_CNN_ROOT_MCTS,42,24,0,3,UCT_MCTS,CNN_ROOT_MCTS,DRAW,39,20,19,200000,190000,0,19,0,71691600,4911138200,4799257800
fixed_simulations,UCT_MCTS_vs_CNN_ROOT_MCTS,42,24,1,3,CNN_ROOT_MCTS,UCT_MCTS,UCT_MCTS,32,16,16,160000,160000,0,16,0,58605300,4556267200,4842896000
fixed_simulations,UCT_MCTS_vs_CNN_ROOT_MCTS,42,25,0,3,UCT_MCTS,CNN_ROOT_MCTS,CNN_ROOT_MCTS,30,15,15,150000,150000,0,15,0,56345600,3748342500,3608583000
fixed_simulations,UCT_MCTS_vs_CNN_ROOT_MCTS,42,25,1,3,CNN_ROOT_MCTS,UCT_MCTS,UCT_MCTS,34,17,17,170000,170000,0,17,0,63528400,4258774000,4516162300
fixed_simulations,UCT_MCTS_vs_CNN_ROOT_MCTS,42,26,0,4,UCT_MCTS,CNN_ROOT_MCTS,CNN_ROOT_MCTS,32,16,16,160000,160000,0,16,0,60450600,3873631400,3667984300
fixed_simulations,UCT_MCTS_vs_CNN_ROOT_MCTS,42,26,1,4,CNN_ROOT_MCTS,UCT_MCTS,CNN_ROOT_MCTS,21,10,11,100000,110000,0,11,0,40489100,2718132300,3021832400
fixed_simulations,UCT_MCTS_vs_CNN_ROOT_MCTS,42,27,0,6,UCT_MCTS,CNN_ROOT_MCTS,CNN_ROOT_MCTS,28,14,14,140000,140000,0,14,0,52439100,3369394700,3212526300
fixed_simulations,UCT_MCTS_vs_CNN_ROOT_MCTS,42,27,1,6,CNN_ROOT_MCTS,UCT_MCTS,UCT_MCTS,34,17,17,170000,170000,0,17,0,64038500,3994134200,4222984100
fixed_simulations,UCT_MCTS_vs_CNN_ROOT_MCTS,42,28,0,4,UCT_MCTS,CNN_ROOT_MCTS,UCT_MCTS,29,15,14,150000,140000,0,14,0,52437100,3873575800,3679581700
fixed_simulations,UCT_MCTS_vs_CNN_ROOT_MCTS,42,28,1,4,CNN_ROOT_MCTS,UCT_MCTS,CNN_ROOT_MCTS,35,17,18,170000,180000,0,18,0,67353600,3587684000,3964057000
fixed_simulations,UCT_MCTS_vs_CNN_ROOT_MCTS,42,29,0,4,UCT_MCTS,CNN_ROOT_MCTS,UCT_MCTS,3,2,1,20000,10000,0,1,0,3638900,157332500,106553300
fixed_simulations,UCT_MCTS_vs_CNN_ROOT_MCTS,42,29,1,4,CNN_ROOT_MCTS,UCT_MCTS,CNN_ROOT_MCTS,3,1,2,10000,20000,0,2,0,7373300,100092200,172612100
fixed_simulations,UCT_MCTS_vs_CNN_ROOT_MCTS,42,30,0,2,UCT_MCTS,CNN_ROOT_MCTS,CNN_ROOT_MCTS,32,16,16,160000,160000,0,16,0,60339000,4804722800,4639953000
fixed_simulations,UCT_MCTS_vs_CNN_ROOT_MCTS,42,30,1,2,CNN_ROOT_MCTS,UCT_MCTS,UCT_MCTS,34,17,17,170000,170000,0,17,0,63726400,4986647100,5363945700
fixed_simulations,UCT_MCTS_vs_CNN_ROOT_MCTS,42,31,0,5,UCT_MCTS,CNN_ROOT_MCTS,UCT_MCTS,27,14,13,140000,130000,0,13,0,49848600,3293288900,3098830800
fixed_simulations,UCT_MCTS_vs_CNN_ROOT_MCTS,42,31,1,5,CNN_ROOT_MCTS,UCT_MCTS,CNN_ROOT_MCTS,31,15,16,150000,160000,0,16,0,59578400,3969541000,4250546200
fixed_simulations,UCT_MCTS_vs_CNN_ROOT_MCTS,42,32,0,2,UCT_MCTS,CNN_ROOT_MCTS,UCT_MCTS,13,7,6,70000,60000,0,6,0,22160400,1872463800,1503634400
fixed_simulations,UCT_MCTS_vs_CNN_ROOT_MCTS,42,32,1,2,CNN_ROOT_MCTS,UCT_MCTS,DRAW,40,20,20,200000,200000,0,20,0,75160100,5150556700,5473710500
fixed_simulations,UCT_MCTS_vs_CNN_ROOT_MCTS,42,33,0,6,UCT_MCTS,CNN_ROOT_MCTS,CNN_ROOT_MCTS,28,14,14,140000,140000,0,14,0,54214000,4146757100,3957047900
fixed_simulations,UCT_MCTS_vs_CNN_ROOT_MCTS,42,33,1,6,CNN_ROOT_MCTS,UCT_MCTS,UCT_MCTS,32,16,16,160000,160000,0,16,0,61524600,4295129600,4609583100
fixed_simulations,UCT_MCTS_vs_CNN_ROOT_MCTS,42,34,0,6,UCT_MCTS,CNN_ROOT_MCTS,CNN_ROOT_MCTS,28,14,14,140000,140000,0,14,0,53758200,3357455400,3216432000
fixed_simulations,UCT_MCTS_vs_CNN_ROOT_MCTS,42,34,1,6,CNN_ROOT_MCTS,UCT_MCTS,UCT_MCTS,30,15,15,150000,150000,0,15,0,59755100,3409140100,3659567000
fixed_simulations,UCT_MCTS_vs_CNN_ROOT_MCTS,42,35,0,2,UCT_MCTS,CNN_ROOT_MCTS,CNN_ROOT_MCTS,34,17,17,170000,170000,0,17,0,66703600,4333346300,4132777900
fixed_simulations,UCT_MCTS_vs_CNN_ROOT_MCTS,42,35,1,2,CNN_ROOT_MCTS,UCT_MCTS,CNN_ROOT_MCTS,29,14,15,140000,150000,0,15,0,57147900,3571580600,3980720200
fixed_simulations,UCT_MCTS_vs_CNN_ROOT_MCTS,42,36,0,2,UCT_MCTS,CNN_ROOT_MCTS,UCT_MCTS,31,16,15,160000,150000,0,15,0,56675800,3873367700,3626673600
fixed_simulations,UCT_MCTS_vs_CNN_ROOT_MCTS,42,36,1,2,CNN_ROOT_MCTS,UCT_MCTS,CNN_ROOT_MCTS,29,14,15,140000,150000,0,15,0,56014900,3518133900,3866830200
fixed_simulations,UCT_MCTS_vs_CNN_ROOT_MCTS,42,37,0,2,UCT_MCTS,CNN_ROOT_MCTS,UCT_MCTS,35,18,17,180000,170000,0,17,0,63590300,4590272800,4399907600
fixed_simulations,UCT_MCTS_vs_CNN_ROOT_MCTS,42,37,1,2,CNN_ROOT_MCTS,UCT_MCTS,UCT_MCTS,32,16,16,160000,160000,0,16,0,59710400,4364473700,4669430100
fixed_simulations,UCT_MCTS_vs_CNN_ROOT_MCTS,42,38,0,2,UCT_MCTS,CNN_ROOT_MCTS,UCT_MCTS,15,8,7,80000,70000,0,7,0,25921200,2752901700,2563321700
fixed_simulations,UCT_MCTS_vs_CNN_ROOT_MCTS,42,38,1,2,CNN_ROOT_MCTS,UCT_MCTS,CNN_ROOT_MCTS,37,18,19,180000,190000,0,19,0,72080800,4649133200,5040018400
fixed_simulations,UCT_MCTS_vs_CNN_ROOT_MCTS,42,39,0,6,UCT_MCTS,CNN_ROOT_MCTS,UCT_MCTS,21,11,10,110000,100000,0,10,0,37579000,2785367300,2610222600
fixed_simulations,UCT_MCTS_vs_CNN_ROOT_MCTS,42,39,1,6,CNN_ROOT_MCTS,UCT_MCTS,CNN_ROOT_MCTS,31,15,16,150000,160000,0,16,0,60128700,3444933800,3805966300
fixed_simulations,UCT_MCTS_vs_CNN_ROOT_MCTS,42,40,0,6,UCT_MCTS,CNN_ROOT_MCTS,UCT_MCTS,27,14,13,140000,130000,0,13,0,49716500,3120053300,2985071900
fixed_simulations,UCT_MCTS_vs_CNN_ROOT_MCTS,42,40,1,6,CNN_ROOT_MCTS,UCT_MCTS,CNN_ROOT_MCTS,27,13,14,130000,140000,0,14,0,52065900,3524676400,3790950400
fixed_simulations,UCT_MCTS_vs_CNN_ROOT_MCTS,42,41,0,2,UCT_MCTS,CNN_ROOT_MCTS,UCT_MCTS,33,17,16,170000,160000,0,16,0,60204900,4351739000,4116637600
fixed_simulations,UCT_MCTS_vs_CNN_ROOT_MCTS,42,41,1,2,CNN_ROOT_MCTS,UCT_MCTS,CNN_ROOT_MCTS,23,11,12,110000,120000,0,12,0,45980500,3897095300,4214565800
fixed_simulations,UCT_MCTS_vs_CNN_ROOT_MCTS,42,42,0,3,UCT_MCTS,CNN_ROOT_MCTS,UCT_MCTS,37,19,18,190000,180000,0,18,0,67403700,5026383900,4836126600
fixed_simulations,UCT_MCTS_vs_CNN_ROOT_MCTS,42,42,1,3,CNN_ROOT_MCTS,UCT_MCTS,UCT_MCTS,24,12,12,120000,120000,0,12,0,44900400,3404077900,3693287600
fixed_simulations,UCT_MCTS_vs_CNN_ROOT_MCTS,42,43,0,2,UCT_MCTS,CNN_ROOT_MCTS,UCT_MCTS,33,17,16,170000,160000,0,16,0,59002800,4960849400,4748311600
fixed_simulations,UCT_MCTS_vs_CNN_ROOT_MCTS,42,43,1,2,CNN_ROOT_MCTS,UCT_MCTS,CNN_ROOT_MCTS,31,15,16,150000,160000,0,16,0,59784900,3941900400,4252889400
fixed_simulations,UCT_MCTS_vs_CNN_ROOT_MCTS,42,44,0,2,UCT_MCTS,CNN_ROOT_MCTS,UCT_MCTS,31,16,15,160000,150000,0,15,0,56681900,4309601100,4109910400
fixed_simulations,UCT_MCTS_vs_CNN_ROOT_MCTS,42,44,1,2,CNN_ROOT_MCTS,UCT_MCTS,CNN_ROOT_MCTS,29,14,15,140000,150000,0,15,0,55528700,3759339600,4132156600
fixed_simulations,UCT_MCTS_vs_CNN_ROOT_MCTS,42,45,0,4,UCT_MCTS,CNN_ROOT_MCTS,UCT_MCTS,29,15,14,150000,140000,0,14,0,52250300,3737606200,3469399000
fixed_simulations,UCT_MCTS_vs_CNN_ROOT_MCTS,42,45,1,4,CNN_ROOT_MCTS,UCT_MCTS,UCT_MCTS,36,18,18,180000,180000,0,18,0,67932800,3862882200,4224044600
fixed_simulations,UCT_MCTS_vs_CNN_ROOT_MCTS,42,46,0,4,UCT_MCTS,CNN_ROOT_MCTS,UCT_MCTS,29,15,14,150000,140000,0,14,0,52140400,4000905200,3785761400
fixed_simulations,UCT_MCTS_vs_CNN_ROOT_MCTS,42,46,1,4,CNN_ROOT_MCTS,UCT_MCTS,UCT_MCTS,30,15,15,150000,150000,0,15,0,56941500,3901013300,4206323600
fixed_simulations,UCT_MCTS_vs_CNN_ROOT_MCTS,42,47,0,4,UCT_MCTS,CNN_ROOT_MCTS,DRAW,38,19,19,190000,190000,0,19,0,71844400,4935037300,4760214400
fixed_simulations,UCT_MCTS_vs_CNN_ROOT_MCTS,42,47,1,4,CNN_ROOT_MCTS,UCT_MCTS,CNN_ROOT_MCTS,17,8,9,80000,90000,0,9,0,33450200,2636845000,2880854800
fixed_simulations,UCT_MCTS_vs_CNN_ROOT_MCTS,42,48,0,3,UCT_MCTS,CNN_ROOT_MCTS,UCT_MCTS,27,14,13,140000,130000,0,13,0,48632200,3897177700,3676256300
fixed_simulations,UCT_MCTS_vs_CNN_ROOT_MCTS,42,48,1,3,CNN_ROOT_MCTS,UCT_MCTS,CNN_ROOT_MCTS,27,13,14,130000,140000,0,14,0,52502600,3597522300,3957318400
fixed_simulations,UCT_MCTS_vs_CNN_ROOT_MCTS,42,49,0,2,UCT_MCTS,CNN_ROOT_MCTS,CNN_ROOT_MCTS,36,18,18,180000,180000,0,18,0,67700900,4742201700,4553536900
fixed_simulations,UCT_MCTS_vs_CNN_ROOT_MCTS,42,49,1,2,CNN_ROOT_MCTS,UCT_MCTS,UCT_MCTS,38,19,19,190000,190000,0,19,0,71149800,4785030800,5077537700
fixed_simulations,UCT_MCTS_vs_CNN_ROOT_MCTS,123,0,0,4,UCT_MCTS,CNN_ROOT_MCTS,UCT_MCTS,3,2,1,20000,10000,0,1,0,3895500,148842400,86494300
fixed_simulations,UCT_MCTS_vs_CNN_ROOT_MCTS,123,0,1,4,CNN_ROOT_MCTS,UCT_MCTS,CNN_ROOT_MCTS,3,1,2,10000,20000,0,2,0,7696000,76954600,141594000
fixed_simulations,UCT_MCTS_vs_CNN_ROOT_MCTS,123,1,0,4,UCT_MCTS,CNN_ROOT_MCTS,UCT_MCTS,19,10,9,100000,90000,0,9,0,33994800,3152130800,2992181100
fixed_simulations,UCT_MCTS_vs_CNN_ROOT_MCTS,123,1,1,4,CNN_ROOT_MCTS,UCT_MCTS,CNN_ROOT_MCTS,31,15,16,150000,160000,0,16,0,60251700,3766804400,4091573200
fixed_simulations,UCT_MCTS_vs_CNN_ROOT_MCTS,123,2,0,3,UCT_MCTS,CNN_ROOT_MCTS,CNN_ROOT_MCTS,20,10,10,100000,100000,0,10,0,37077100,3650209900,3432560900
fixed_simulations,UCT_MCTS_vs_CNN_ROOT_MCTS,123,2,1,3,CNN_ROOT_MCTS,UCT_MCTS,UCT_MCTS,32,16,16,160000,160000,0,16,0,59763500,4023319600,4353639300
fixed_simulations,UCT_MCTS_vs_CNN_ROOT_MCTS,123,3,0,3,UCT_MCTS,CNN_ROOT_MCTS,DRAW,39,20,19,200000,190000,0,19,0,71566900,5006451000,4874620400
fixed_simulations,UCT_MCTS_vs_CNN_ROOT_MCTS,123,3,1,3,CNN_ROOT_MCTS,UCT_MCTS,CNN_ROOT_MCTS,33,16,17,160000,170000,0,17,0,63826600,4460884500,4829159700
fixed_simulations,UCT_MCTS_vs_CNN_ROOT_MCTS,123,4,0,3,UCT_MCTS,CNN_ROOT_MCTS,UCT_MCTS,25,13,12,130000,120000,0,12,0,45005300,3681526000,3456424300
fixed_simulations,UCT_MCTS_vs_CNN_ROOT_MCTS,123,4,1,3,CNN_ROOT_MCTS,UCT_MCTS,CNN_ROOT_MCTS,29,14,15,140000,150000,0,15,0,55543600,4005196600,4307691200
fixed_simulations,UCT_MCTS_vs_CNN_ROOT_MCTS,123,5,0,3,UCT_MCTS,CNN_ROOT_MCTS,UCT_MCTS,33,17,16,170000,160000,0,16,0,59247400,4577486600,4422312700
fixed_simulations,UCT_MCTS_vs_CNN_ROOT_MCTS,123,5,1,3,CNN_ROOT_MCTS,UCT_MCTS,UCT_MCTS,36,18,18,180000,180000,0,18,0,68308500,4684595000,4997281600
fixed_simulations,UCT_MCTS_vs_CNN_ROOT_MCTS,123,6,0,5,UCT_MCTS,CNN_ROOT_MCTS,CNN_ROOT_MCTS,32,16,16,160000,160000,0,16,0,60455700,4052580600,3870164300
fixed_simulations,UCT_MCTS_vs_CNN_ROOT_MCTS,123,6,1,5,CNN_ROOT_MCTS,UCT_MCTS,CNN_ROOT_MCTS,33,16,17,160000,170000,0,17,0,64242900,3765790000,4091061600
fixed_simulations,UCT_MCTS_vs_CNN_ROOT_MCTS,123,7,0,6,UCT_MCTS,CNN_ROOT_MCTS,CNN_ROOT_MCTS,28,14,14,140000,140000,0,14,0,52026000,3492519200,3301020200
fixed_simulations,UCT_MCTS_vs_CNN_ROOT_MCTS,123,7,1,6,CNN_ROOT_MCTS,UCT_MCTS,CNN_ROOT_MCTS,27,13,14,130000,140000,0,14,0,51844600,3112340200,3469544500
fixed_simulations,UCT_MCTS_vs_CNN_ROOT_MCTS,123,8,0,4,UCT_MCTS,CNN_ROOT_MCTS,UCT_MCTS,3,2,1,20000,10000,0,1,0,3614700,159865900,107995800
fixed_simulations,UCT_MCTS_vs_CNN_ROOT_MCTS,123,8,1,4,CNN_ROOT_MCTS,UCT_MCTS,CNN_ROOT_MCTS,3,1,2,10000,20000,0,2,0,7234400,110108800,165097100
fixed_simulations,UCT_MCTS_vs_CNN_ROOT_MCTS,123,9,0,5,UCT_MCTS,CNN_ROOT_MCTS,DRAW,37,19,18,190000,180000,0,18,0,67292400,4431573000,4331636000
fixed_simulations,UCT_MCTS_vs_CNN_ROOT_MCTS,123,9,1,5,CNN_ROOT_MCTS,UCT_MCTS,UCT_MCTS,30,15,15,150000,150000,0,15,0,55619300,4086253100,4308532200
fixed_simulations,UCT_MCTS_vs_CNN_ROOT_MCTS,123,10,0,4,UCT_MCTS,CNN_ROOT_MCTS,UCT_MCTS,35,18,17,180000,170000,0,17,0,63529900,3987635600,3829824500
fixed_simulations,UCT_MCTS_vs_CNN_ROOT_MCTS,123,10,1,4,CNN_ROOT_MCTS,UCT_MCTS,UCT_MCTS,32,16,16,160000,160000,0,16,0,60005100,3575766400,3829725300
fixed_simulations,UCT_MCTS_vs_CNN_ROOT_MCTS,123,11,0,5,UCT_MCTS,CNN_ROOT_MCTS,CNN_ROOT_MCTS,30,15,15,150000,150000,0,15,0,56305400,3234239700,3040209000
fixed_simulations,UCT_MCTS_vs_CNN_ROOT_MCTS,123,11,1,5,CNN_ROOT_MCTS,UCT_MCTS,UCT_MCTS,26,13,13,130000,130000,0,13,0,48938700,3330233600,3645188400
fixed_simulations,UCT_MCTS_vs_CNN_ROOT_MCTS,123,12,0,3,UCT_MCTS,CNN_ROOT_MCTS,CNN_ROOT_MCTS,28,14,14,140000,140000,0,14,0,52720600,3883494100,3749611700
fixed_simulations,UCT_MCTS_vs_CNN_ROOT_MCTS,123,12,1,3,CNN_ROOT_MCTS,UCT_MCTS,CNN_ROOT_MCTS,33,16,17,160000,170000,0,17,0,63116100,4282124500,4621181200
fixed_simulations,UCT_MCTS_vs_CNN_ROOT_MCTS,123,13,0,6,UCT_MCTS,CNN_ROOT_MCTS,UCT_MCTS,31,16,15,160000,150000,0,15,0,56233600,3924195500,3714699400
fixed_simulations,UCT_MCTS_vs_CNN_ROOT_MCTS,123,13,1,6,CNN_ROOT_MCTS,UCT_MCTS,CNN_ROOT_MCTS,31,15,16,150000,160000,0,16,0,60120100,4033347500,4344246800
fixed_simulations,UCT_MCTS_vs_CNN_ROOT_MCTS,123,14,0,4,UCT_MCTS,CNN_ROOT_MCTS,UCT_MCTS,23,12,11,120000,110000,0,11,0,40967800,3952337500,3795664500
fixed_simulations,UCT_MCTS_vs_CNN_ROOT_MCTS,123,14,1,4,CNN_ROOT_MCTS,UCT_MCTS,CNN_ROOT_MCTS,35,17,18,170000,180000,0,18,0,67149500,4555300700,4827184800
fixed_simulations,UCT_MCTS_vs_CNN_ROOT_MCTS,123,15,0,6,UCT_MCTS,CNN_ROOT_MCTS,UCT_MCTS,1,1,0,10000,0,0,0,0,0,25223200,0
fixed_simulations,UCT_MCTS_vs_CNN_ROOT_MCTS,123,15,1,6,CNN_ROOT_MCTS,UCT_MCTS,CNN_ROOT_MCTS,1,0,1,0,10000,0,1,0,3604900,0,34930700
fixed_simulations,UCT_MCTS_vs_CNN_ROOT_MCTS,123,16,0,6,UCT_MCTS,CNN_ROOT_MCTS,DRAW,36,18,18,180000,180000,0,18,0,67386900,4125975800,4007492300
fixed_simulations,UCT_MCTS_vs_CNN_ROOT_MCTS,123,16,1,6,CNN_ROOT_MCTS,UCT_MCTS,UCT_MCTS,28,14,14,140000,140000,0,14,0,51666600,3313705500,3692386300
fixed_simulations,UCT_MCTS_vs_CNN_ROOT_MCTS,123,17,0,6,UCT_MCTS,CNN_ROOT_MCTS,UCT_MCTS,3,2,1,20000,10000,0,1,0,3701400,112544300,77302900
fixed_simulations,UCT_MCTS_vs_CNN_ROOT_MCTS,123,17,1,6,CNN_ROOT_MCTS,UCT_MCTS,CNN_ROOT_MCTS,3,1,2,10000,20000,0,2,0,7417100,74023700,124731400
fixed_simulations,UCT_MCTS_vs_CNN_ROOT_MCTS,123,18,0,5,UCT_MCTS,CNN_ROOT_MCTS,UCT_MCTS,31,16,15,160000,150000,0,15,0,55860600,3656073600,3529798700
fixed_simulations,UCT_MCTS_vs_CNN_ROOT_MCTS,123,18,1,5,CNN_ROOT_MCTS,UCT_MCTS,UCT_MCTS,24,12,12,120000,120000,0,12,0,45000900,2883313500,3099344900
fixed_simulations,UCT_MCTS_vs_CNN_ROOT_MCTS,123,19,0,6,UCT_MCTS,CNN_ROOT_MCTS,UCT_MCTS,27,14,13,140000,130000,0,13,0,49114300,3414335800,3177666800
fixed_simulations,UCT_MCTS_vs_CNN_ROOT_MCTS,123,19,1,6,CNN_ROOT_MCTS,UCT_MCTS,CNN_ROOT_MCTS,27,13,14,130000,140000,0,14,0,52246500,3132835300,3455785800
fixed_simulations,UCT_MCTS_vs_CNN_ROOT_MCTS,123,20,0,6,UCT_MCTS,CNN_ROOT_MCTS,CNN_ROOT_MCTS,24,12,12,120000,120000,0,12,0,43990200,2682354400,2530885400
fixed_simulations,UCT_MCTS_vs_CNN_ROOT_MCTS,123,20,1,6,CNN_ROOT_MCTS,UCT_MCTS,UCT_MCTS,26,13,13,130000,130000,0,13,0,48938700,2641694300,2927871900
fixed_simulations,UCT_MCTS_vs_CNN_ROOT_MCTS,123,21,0,2,UCT_MCTS,CNN_ROOT_MCTS,CNN_ROOT_MCTS,36,18,18,180000,180000,0,18,0,67718900,5054125000,4906434200
fixed_simulations,UCT_MCTS_vs_CNN_ROOT_MCTS,123,21,1,2,CNN_ROOT_MCTS,UCT_MCTS,UCT_MCTS,34,17,17,170000,170000,0,17,0,63974300,4482944700,4876636100
fixed_simulations,UCT_MCTS_vs_CNN_ROOT_MCTS,123,22,0,3,UCT_MCTS,CNN_ROOT_MCTS,CNN_ROOT_MCTS,34,17,17,170000,170000,0,17,0,63213500,4817796800,4593004300
fixed_simulations,UCT_MCTS_vs_CNN_ROOT_MCTS,123,22,1,3,CNN_ROOT_MCTS,UCT_MCTS,CNN_ROOT_MCTS,27,13,14,130000,140000,0,14,0,52034700,3762974300,4169697100
fixed_simulations,UCT_MCTS_vs_CNN_ROOT_MCTS,123,23,0,4,UCT_MCTS,CNN_ROOT_MCTS,UCT_MCTS,3,2,1,20000,10000,0,1,0,3664900,169482600,89506600
fixed_simulations,UCT_MCTS_vs_CNN_ROOT_MCTS,123,23,1,4,CNN_ROOT_MCTS,UCT_MCTS,CNN_ROOT_MCTS,3,1,2,10000,20000,0,2,0,7291900,84850500,156749900
fixed_simulations,UCT_MCTS_vs_CNN_ROOT_MCTS,123,24,0,4,UCT_MCTS,CNN_ROOT_MCTS,UCT_MCTS,3,2,1,20000,10000,0,1,0,3652400,127371500,82658800
fixed_simulations,UCT_MCTS_vs_CNN_ROOT_MCTS,123,24,1,4,CNN_ROOT_MCTS,UCT_MCTS,CNN_ROOT_MCTS,3,1,2,10000,20000,0,2,0,7333700,80718300,139285600
fixed_simulations,UCT_MCTS_vs_CNN_ROOT_MCTS,123,25,0,2,UCT_MCTS,CNN_ROOT_MCTS,UCT_MCTS,33,17,16,170000,160000,0,16,0,59766500,4510152100,4223407800
fixed_simulations,UCT_MCTS_vs_CNN_ROOT_MCTS,123,25,1,2,CNN_ROOT_MCTS,UCT_MCTS,CNN_ROOT_MCTS,19,9,10,90000,100000,0,10,0,36906700,2458852300,2783809100
fixed_simulations,UCT_MCTS_vs_CNN_ROOT_MCTS,123,26,0,3,UCT_MCTS,CNN_ROOT_MCTS,CNN_ROOT_MCTS,28,14,14,140000,140000,0,14,0,52268500,4079774100,3909427400
fixed_simulations,UCT_MCTS_vs_CNN_ROOT_MCTS,123,26,1,3,CNN_ROOT_MCTS,UCT_MCTS,CNN_ROOT_MCTS,37,18,19,180000,190000,0,19,0,70874600,4732939200,5040298100
fixed_simulations,UCT_MCTS_vs_CNN_ROOT_MCTS,123,27,0,6,UCT_MCTS,CNN_ROOT_MCTS,CNN_ROOT_MCTS,30,15,15,150000,150000,0,15,0,56643200,3440125400,3267481300
fixed_simulations,UCT_MCTS_vs_CNN_ROOT_MCTS,123,27,1,6,CNN_ROOT_MCTS,UCT_MCTS,CNN_ROOT_MCTS,31,15,16,150000,160000,0,16,0,60891400,3488877800,3758986800
fixed_simulations,UCT_MCTS_vs_CNN_ROOT_MCTS,123,28,0,5,UCT_MCTS,CNN_ROOT_MCTS,CNN_ROOT_MCTS,28,14,14,140000,140000,0,14,0,52484900,3749021500,3598373200
fixed_simulations,UCT_MCTS_vs_CNN_ROOT_MCTS,123,28,1,5,CNN_ROOT_MCTS,UCT_MCTS,CNN_ROOT_MCTS,33,16,17,160000,170000,0,17,0,63661800,4226651400,4448214300
fixed_simulations,UCT_MCTS_vs_CNN_ROOT_MCTS,123,29,0,6,UCT_MCTS,CNN_ROOT_MCTS,CNN_ROOT_MCTS,28,14,14,140000,140000,0,14,0,52819300,3267196600,3129416000
fixed_simulations,UCT_MCTS_vs_CNN_ROOT_MCTS,123,29,1,6,CNN_ROOT_MCTS,UCT_MCTS,UCT_MCTS,30,15,15,150000,150000,0,15,0,56449000,3706364300,3974028000
fixed_simulations,UCT_MCTS_vs_CNN_ROOT_MCTS,123,30,0,6,UCT_MCTS,CNN_ROOT_MCTS,UCT_MCTS,27,14,13,140000,130000,0,13,0,48498200,2891003300,2627849900
fixed_simulations,UCT_MCTS_vs_CNN_ROOT_MCTS,123,30,1,6,CNN_ROOT_MCTS,UCT_MCTS,DRAW,36,18,18,180000,180000,0,18,0,68296100,3964118900,4230443100
fixed_simulations,UCT_MCTS_vs_CNN_ROOT_MCTS,123,31,0,4,UCT_MCTS,CNN_ROOT_MCTS,CNN_ROOT_MCTS,34,17,17,170000,170000,0,17,0,64572300,4621479400,4442849300
fixed_simulations,UCT_MCTS_vs_CNN_ROOT_MCTS,123,31,1,4,CNN_ROOT_MCTS,UCT_MCTS,CNN_ROOT_MCTS,33,16,17,160000,170000,0,17,0,63389100,4539587400,4890737700
fixed_simulations,UCT_MCTS_vs_CNN_ROOT_MCTS,123,32,0,4,UCT_MCTS,CNN_ROOT_MCTS,UCT_MCTS,3,2,1,20000,10000,0,1,0,3691100,172143500,104929500
fixed_simulations,UCT_MCTS_vs_CNN_ROOT_MCTS,123,32,1,4,CNN_ROOT_MCTS,UCT_MCTS,CNN_ROOT_MCTS,3,1,2,10000,20000,0,2,0,7478100,102075300,183676400
fixed_simulations,UCT_MCTS_vs_CNN_ROOT_MCTS,123,33,0,2,UCT_MCTS,CNN_ROOT_MCTS,UCT_MCTS,31,16,15,160000,150000,0,15,0,56622700,4242333900,4001778600
fixed_simulations,UCT_MCTS_vs_CNN_ROOT_MCTS,123,33,1,2,CNN_ROOT_MCTS,UCT_MCTS,CNN_ROOT_MCTS,33,16,17,160000,170000,0,17,0,63206800,4372339100,4781439000
fixed_simulations,UCT_MCTS_vs_CNN_ROOT_MCTS,123,34,0,4,UCT_MCTS,CNN_ROOT_MCTS,CNN_ROOT_MCTS,30,15,15,150000,150000,0,15,0,55770700,4452022100,4293341000
fixed_simulations,UCT_MCTS_vs_CNN_ROOT_MCTS,123,34,1,4,CNN_ROOT_MCTS,UCT_MCTS,UCT_MCTS,34,17,17,170000,170000,0,17,0,63815000,4317267000,4683340300
fixed_simulations,UCT_MCTS_vs_CNN_ROOT_MCTS,123,35,0,6,UCT_MCTS,CNN_ROOT_MCTS,CNN_ROOT_MCTS,28,14,14,140000,140000,0,14,0,52472200,3013350000,2891795000
fixed_simulations,UCT_MCTS_vs_CNN_ROOT_MCTS,123,35,1,6,CNN_ROOT_MCTS,UCT_MCTS,UCT_MCTS,22,11,11,110000,110000,0,11,0,41352200,2745802700,3058361500
fixed_simulations,UCT_MCTS_vs_CNN_ROOT_MCTS,123,36,0,6,UCT_MCTS,CNN_ROOT_MCTS,CNN_ROOT_MCTS,18,9,9,90000,90000,0,9,0,33527700,2854536300,2656398900
fixed_simulations,UCT_MCTS_vs_CNN_ROOT_MCTS,123,36,1,6,CNN_ROOT_MCTS,UCT_MCTS,DRAW,36,18,18,180000,180000,0,18,0,67580300,4548463000,4922303500
fixed_simulations,UCT_MCTS_vs_CNN_ROOT_MCTS,123,37,0,4,UCT_MCTS,CNN_ROOT_MCTS,UCT_MCTS,35,18,17,180000,170000,0,17,0,64438200,5099818600,4883939900
fixed_simulations,UCT_MCTS_vs_CNN_ROOT_MCTS,123,37,1,4,CNN_ROOT_MCTS,UCT_MCTS,UCT_MCTS,32,16,16,160000,160000,0,16,0,59972000,4758566300,5075557500
fixed_simulations,UCT_MCTS_vs_CNN_ROOT_MCTS,123,38,0,6,UCT_MCTS,CNN_ROOT_MCTS,UCT_MCTS,1,1,0,10000,0,0,0,0,0,26959800,0
fixed_simulations,UCT_MCTS_vs_CNN_ROOT_MCTS,123,38,1,6,CNN_ROOT_MCTS,UCT_MCTS,CNN_ROOT_MCTS,1,0,1,0,10000,0,1,0,3710300,0,27081300
fixed_simulations,UCT_MCTS_vs_CNN_ROOT_MCTS,123,39,0,6,UCT_MCTS,CNN_ROOT_MCTS,CNN_ROOT_MCTS,26,13,13,130000,130000,0,13,0,49086900,2968579000,2792386200
fixed_simulations,UCT_MCTS_vs_CNN_ROOT_MCTS,123,39,1,6,CNN_ROOT_MCTS,UCT_MCTS,UCT_MCTS,28,14,14,140000,140000,0,14,0,52301900,3367641200,3657890700
fixed_simulations,UCT_MCTS_vs_CNN_ROOT_MCTS,123,40,0,2,UCT_MCTS,CNN_ROOT_MCTS,CNN_ROOT_MCTS,34,17,17,170000,170000,0,17,0,63373100,4811248300,4636919900
fixed_simulations,UCT_MCTS_vs_CNN_ROOT_MCTS,123,40,1,2,CNN_ROOT_MCTS,UCT_MCTS,UCT_MCTS,34,17,17,170000,170000,0,17,0,64299700,4624250300,5034026400
fixed_simulations,UCT_MCTS_vs_CNN_ROOT_MCTS,123,41,0,5,UCT_MCTS,CNN_ROOT_MCTS,UCT_MCTS,31,16,15,160000,150000,0,15,0,55790000,4229208100,4002433700
fixed_simulations,UCT_MCTS_vs_CNN_ROOT_MCTS,123,41,1,5,CNN_ROOT_MCTS,UCT_MCTS,CNN_ROOT_MCTS,35,17,18,170000,180000,0,18,0,69343600,4024797100,4384671300
fixed_simulations,UCT_MCTS_vs_CNN_ROOT_MCTS,123,42,0,2,UCT_MCTS,CNN_ROOT_MCTS,CNN_ROOT_MCTS,28,14,14,140000,140000,0,14,0,52445500,4168909200,3915025500
fixed_simulations,UCT_MCTS_vs_CNN_ROOT_MCTS,123,42,1,2,CNN_ROOT_MCTS,UCT_MCTS,UCT_MCTS,20,10,10,100000,100000,0,10,0,37491200,3231893300,3601384600
fixed_simulations,UCT_MCTS_vs_CNN_ROOT_MCTS,123,43,0,6,UCT_MCTS,CNN_ROOT_MCTS,CNN_ROOT_MCTS,36,18,18,180000,180000,0,18,0,67760200,3649960200,3539602400
fixed_simulations,UCT_MCTS_vs_CNN_ROOT_MCTS,123,43,1,6,CNN_ROOT_MCTS,UCT_MCTS,UCT_MCTS,30,15,15,150000,150000,0,15,0,56177500,3362442100,3658849100
fixed_simulations,UCT_MCTS_vs_CNN_ROOT_MCTS,123,44,0,2,UCT_MCTS,CNN_ROOT_MCTS,CNN_ROOT_MCTS,38,19,19,190000,190000,0,19,0,70601500,5759095200,5546660300
fixed_simulations,UCT_MCTS_vs_CNN_ROOT_MCTS,123,44,1,2,CNN_ROOT_MCTS,UCT_MCTS,UCT_MCTS,36,18,18,180000,180000,0,18,0,67179500,4895318400,5231465100
fixed_simulations,UCT_MCTS_vs_CNN_ROOT_MCTS,123,45,0,5,UCT_MCTS,CNN_ROOT_MCTS,UCT_MCTS,21,11,10,110000,100000,0,10,0,37398400,3155652400,2980959400
fixed_simulations,UCT_MCTS_vs_CNN_ROOT_MCTS,123,45,1,5,CNN_ROOT_MCTS,UCT_MCTS,CNN_ROOT_MCTS,23,11,12,110000,120000,0,12,0,44725300,3305847400,3571699200
fixed_simulations,UCT_MCTS_vs_CNN_ROOT_MCTS,123,46,0,4,UCT_MCTS,CNN_ROOT_MCTS,UCT_MCTS,31,16,15,160000,150000,0,15,0,55547200,3924499300,3703147000
fixed_simulations,UCT_MCTS_vs_CNN_ROOT_MCTS,123,46,1,4,CNN_ROOT_MCTS,UCT_MCTS,UCT_MCTS,34,17,17,170000,170000,0,17,0,63548000,4072803200,4429502100
fixed_simulations,UCT_MCTS_vs_CNN_ROOT_MCTS,123,47,0,3,UCT_MCTS,CNN_ROOT_MCTS,UCT_MCTS,33,17,16,170000,160000,0,16,0,59920700,4714724400,4516824000
fixed_simulations,UCT_MCTS_vs_CNN_ROOT_MCTS,123,47,1,3,CNN_ROOT_MCTS,UCT_MCTS,CNN_ROOT_MCTS,37,18,19,180000,190000,0,19,0,71499700,4576719300,4968502500
fixed_simulations,UCT_MCTS_vs_CNN_ROOT_MCTS,123,48,0,3,UCT_MCTS,CNN_ROOT_MCTS,UCT_MCTS,27,14,13,140000,130000,0,13,0,48412500,4112907500,3870989000
fixed_simulations,UCT_MCTS_vs_CNN_ROOT_MCTS,123,48,1,3,CNN_ROOT_MCTS,UCT_MCTS,CNN_ROOT_MCTS,29,14,15,140000,150000,0,15,0,55739700,4396512900,4700724800
fixed_simulations,UCT_MCTS_vs_CNN_ROOT_MCTS,123,49,0,3,UCT_MCTS,CNN_ROOT_MCTS,CNN_ROOT_MCTS,36,18,18,180000,180000,0,18,0,68040200,4143790100,4045509300
fixed_simulations,UCT_MCTS_vs_CNN_ROOT_MCTS,123,49,1,3,CNN_ROOT_MCTS,UCT_MCTS,UCT_MCTS,34,17,17,170000,170000,0,17,0,63698000,4199615400,4554345800
fixed_simulations,UCT_MCTS_vs_CNN_ROOT_MCTS,777,0,0,6,UCT_MCTS,CNN_ROOT_MCTS,CNN_ROOT_MCTS,32,16,16,160000,160000,0,16,0,69173600,4222657100,4178804600
fixed_simulations,UCT_MCTS_vs_CNN_ROOT_MCTS,777,0,1,6,CNN_ROOT_MCTS,UCT_MCTS,CNN_ROOT_MCTS,23,11,12,110000,120000,0,12,0,46045200,2627977300,2994512700
fixed_simulations,UCT_MCTS_vs_CNN_ROOT_MCTS,777,1,0,2,UCT_MCTS,CNN_ROOT_MCTS,UCT_MCTS,33,17,16,170000,160000,0,16,0,60532400,5257551900,5038582300
fixed_simulations,UCT_MCTS_vs_CNN_ROOT_MCTS,777,1,1,2,CNN_ROOT_MCTS,UCT_MCTS,CNN_ROOT_MCTS,31,15,16,150000,160000,0,16,0,60357900,3959419800,4326129600
fixed_simulations,UCT_MCTS_vs_CNN_ROOT_MCTS,777,2,0,4,UCT_MCTS,CNN_ROOT_MCTS,UCT_MCTS,31,16,15,160000,150000,0,15,0,57484200,3653742000,3441976600
fixed_simulations,UCT_MCTS_vs_CNN_ROOT_MCTS,777,2,1,4,CNN_ROOT_MCTS,UCT_MCTS,CNN_ROOT_MCTS,33,16,17,160000,170000,0,17,0,64216000,3914941500,4357064500
fixed_simulations,UCT_MCTS_vs_CNN_ROOT_MCTS,777,3,0,2,UCT_MCTS,CNN_ROOT_MCTS,DRAW,40,20,20,200000,200000,0,20,0,75340100,5841680500,5671045800
fixed_simulations,UCT_MCTS_vs_CNN_ROOT_MCTS,777,3,1,2,CNN_ROOT_MCTS,UCT_MCTS,UCT_MCTS,34,17,17,170000,170000,0,17,0,63757500,4638768200,4975228200
fixed_simulations,UCT_MCTS_vs_CNN_ROOT_MCTS,777,4,0,5,UCT_MCTS,CNN_ROOT_MCTS,UCT_MCTS,27,14,13,140000,130000,0,13,0,50026700,3068977100,2813851500
fixed_simulations,UCT_MCTS_vs_CNN_ROOT_MCTS,777,4,1,5,CNN_ROOT_MCTS,UCT_MCTS,CNN_ROOT_MCTS,15,7,8,70000,80000,0,8,0,30159400,1697920000,1981076400
fixed_simulations,UCT_MCTS_vs_CNN_ROOT_MCTS,777,5,0,2,UCT_MCTS,CNN_ROOT_MCTS,UCT_MCTS,25,13,12,130000,120000,0,12,0,45249900,4581911600,4416298400
fixed_simulations,UCT_MCTS_vs_CNN_ROOT_MCTS,777,5,1,2,CNN_ROOT_MCTS,UCT_MCTS,CNN_ROOT_MCTS,35,17,18,170000,180000,0,18,0,67994000,4982514800,5346981800
fixed_simulations,UCT_MCTS_vs_CNN_ROOT_MCTS,777,6,0,6,UCT_MCTS,CNN_ROOT_MCTS,UCT_MCTS,33,17,16,170000,160000,0,16,0,60794200,4557797500,4392904500
fixed_simulations,UCT_MCTS_vs_CNN_ROOT_MCTS,777,6,1,6,CNN_ROOT_MCTS,UCT_MCTS,UCT_MCTS,32,16,16,160000,160000,0,16,0,61595100,3844655700,4159303800
fixed_simulations,UCT_MCTS_vs_CNN_ROOT_MCTS,777,7,0,6,UCT_MCTS,CNN_ROOT_MCTS,UCT_MCTS,27,14,13,140000,130000,0,13,0,48870900,3857309000,3569015300
fixed_simulations,UCT_MCTS_vs_CNN_ROOT_MCTS,777,7,1,6,CNN_ROOT_MCTS,UCT_MCTS,CNN_ROOT_MCTS,27,13,14,130000,140000,0,14,0,52515100,3567798800,3941237000
fixed_simulations,UCT_MCTS_vs_CNN_ROOT_MCTS,777,8,0,6,UCT_MCTS,CNN_ROOT_MCTS,UCT_MCTS,27,14,13,140000,130000,0,13,0,49093900,3826255700,3631857000
fixed_simulations,UCT_MCTS_vs_CNN_ROOT_MCTS,777,8,1,6,CNN_ROOT_MCTS,UCT_MCTS,DRAW,36,18,18,180000,180000,0,18,0,67579900,4617589100,4929156800
fixed_simulations,UCT_MCTS_vs_CNN_ROOT_MCTS,777,9,0,3,UCT_MCTS,CNN_ROOT_MCTS,UCT_MCTS,39,20,19,200000,190000,0,19,0,73504100,5420239400,5232125900
fixed_simulations,UCT_MCTS_vs_CNN_ROOT_MCTS,777,9,1,3,CNN_ROOT_MCTS,UCT_MCTS,UCT_MCTS,32,16,16,160000,160000,0,16,0,61095200,4713544000,5042411100
fixed_simulations,UCT_MCTS_vs_CNN_ROOT_MCTS,777,10,0,5,UCT_MCTS,CNN_ROOT_MCTS,CNN_ROOT_MCTS,26,13,13,130000,130000,0,13,0,49046800,3868576600,3649572500
fixed_simulations,UCT_MCTS_vs_CNN_ROOT_MCTS,777,10,1,5,CNN_ROOT_MCTS,UCT_MCTS,UCT_MCTS,30,15,15,150000,150000,0,15,0,57199600,3536419200,3797449900
fixed_simulations,UCT_MCTS_vs_CNN_ROOT_MCTS,777,11,0,5,UCT_MCTS,CNN_ROOT_MCTS,UCT_MCTS,31,16,15,160000,150000,0,15,0,57916500,4335043700,4114637000
fixed_simulations,UCT_MCTS_vs_CNN_ROOT_MCTS,777,11,1,5,CNN_ROOT_MCTS,UCT_MCTS,CNN_ROOT_MCTS,25,12,13,120000,130000,0,13,0,49304200,3857807900,4181248700
fixed_simulations,UCT_MCTS_vs_CNN_ROOT_MCTS,777,12,0,3,UCT_MCTS,CNN_ROOT_MCTS,CNN_ROOT_MCTS,24,12,12,120000,120000,0,12,0,48454700,3827920300,3580289700
fixed_simulations,UCT_MCTS_vs_CNN_ROOT_MCTS,777,12,1,3,CNN_ROOT_MCTS,UCT_MCTS,UCT_MCTS,30,15,15,150000,150000,0,15,0,56687200,4455920900,4730120200
fixed_simulations,UCT_MCTS_vs_CNN_ROOT_MCTS,777,13,0,2,UCT_MCTS,CNN_ROOT_MCTS,DRAW,40,20,20,200000,200000,0,20,0,74962600,5587759200,5423336900
fixed_simulations,UCT_MCTS_vs_CNN_ROOT_MCTS,777,13,1,2,CNN_ROOT_MCTS,UCT_MCTS,DRAW,40,20,20,200000,200000,0,20,0,78322600,5164522300,5593111300
fixed_simulations,UCT_MCTS_vs_CNN_ROOT_MCTS,777,14,0,5,UCT_MCTS,CNN_ROOT_MCTS,CNN_ROOT_MCTS,32,16,16,160000,160000,0,16,0,60828500,3936316100,3792475000
fixed_simulations,UCT_MCTS_vs_CNN_ROOT_MCTS,777,14,1,5,CNN_ROOT_MCTS,UCT_MCTS,UCT_MCTS,34,17,17,170000,170000,0,17,0,66007900,4098112900,4419087200
fixed_simulations,UCT_MCTS_vs_CNN_ROOT_MCTS,777,15,0,6,UCT_MCTS,CNN_ROOT_MCTS,UCT_MCTS,29,15,14,150000,140000,0,14,0,53578300,4085958400,3858483300
fixed_simulations,UCT_MCTS_vs_CNN_ROOT_MCTS,777,15,1,6,CNN_ROOT_MCTS,UCT_MCTS,CNN_ROOT_MCTS,29,14,15,140000,150000,0,15,0,55926500,3653279200,3997986200
fixed_simulations,UCT_MCTS_vs_CNN_ROOT_MCTS,777,16,0,3,UCT_MCTS,CNN_ROOT_MCTS,UCT_MCTS,31,16,15,160000,150000,0,15,0,57069400,4086082100,3888777800
fixed_simulations,UCT_MCTS_vs_CNN_ROOT_MCTS,777,16,1,3,CNN_ROOT_MCTS,UCT_MCTS,CNN_ROOT_MCTS,31,15,16,150000,160000,0,16,0,61135700,3728975100,4038821300
fixed_simulations,UCT_MCTS_vs_CNN_ROOT_MCTS,777,17,0,5,UCT_MCTS,CNN_ROOT_MCTS,CNN_ROOT_MCTS,22,11,11,110000,110000,0,11,0,41231400,3227094900,3038433000
fixed_simulations,UCT_MCTS_vs_CNN_ROOT_MCTS,777,17,1,5,CNN_ROOT_MCTS,UCT_MCTS,UCT_MCTS,32,16,16,160000,160000,0,16,0,60888100,3583521700,3856971600
fixed_simulations,UCT_MCTS_vs_CNN_ROOT_MCTS,777,18,0,6,UCT_MCTS,CNN_ROOT_MCTS,UCT_MCTS,25,13,12,130000,120000,0,12,0,45213900,3400894300,3187040600
fixed_simulations,UCT_MCTS_vs_CNN_ROOT_MCTS,777,18,1,6,CNN_ROOT_MCTS,UCT_MCTS,UCT_MCTS,28,14,14,140000,140000,0,14,0,53255200,2930825800,3213492100
fixed_simulations,UCT_MCTS_vs_CNN_ROOT_MCTS,777,19,0,6,UCT_MCTS,CNN_ROOT_MCTS,UCT_MCTS,29,15,14,150000,140000,0,14,0,52297400,3706621000,3498744500
fixed_simulations,UCT_MCTS_vs_CNN_ROOT_MCTS,777,19,1,6,CNN_ROOT_MCTS,UCT_MCTS,CNN_ROOT_MCTS,27,13,14,130000,140000,0,14,0,51992100,3585808400,3842937100
fixed_simulations,UCT_MCTS_vs_CNN_ROOT_MCTS,777,20,0,2,UCT_MCTS,CNN_ROOT_MCTS,UCT_MCTS,19,10,9,100000,90000,0,9,0,33543000,3304011600,3139253600
fixed_simulations,UCT_MCTS_vs_CNN_ROOT_MCTS,777,20,1,2,CNN_ROOT_MCTS,UCT_MCTS,UCT_MCTS,34,17,17,170000,170000,0,17,0,65166500,4668180600,4973030600
fixed_simulations,UCT_MCTS_vs_CNN_ROOT_MCTS,777,21,0,6,UCT_MCTS,CNN_ROOT_MCTS,CNN_ROOT_MCTS,28,14,14,140000,140000,0,14,0,53515800,3741069500,3555141600
fixed_simulations,UCT_MCTS_vs_CNN_ROOT_MCTS,777,21,1,6,CNN_ROOT_MCTS,UCT_MCTS,UCT_MCTS,34,17,17,170000,170000,0,17,0,64011400,4016975600,4297869300
fixed_simulations,UCT_MCTS_vs_CNN_ROOT_MCTS,777,22,0,6,UCT_MCTS,CNN_ROOT_MCTS,UCT_MCTS,29,15,14,150000,140000,0,14,0,51589700,3653995400,3478727600
fixed_simulations,UCT_MCTS_vs_CNN_ROOT_MCTS,777,22,1,6,CNN_ROOT_MCTS,UCT_MCTS,CNN_ROOT_MCTS,29,14,15,140000,150000,0,15,0,56571900,3642299200,3962029100
fixed_simulations,UCT_MCTS_vs_CNN_ROOT_MCTS,777,23,0,3,UCT_MCTS,CNN_ROOT_MCTS,UCT_MCTS,31,16,15,160000,150000,0,15,0,56741200,3562255900,3259014700
fixed_simulations,UCT_MCTS_vs_CNN_ROOT_MCTS,777,23,1,3,CNN_ROOT_MCTS,UCT_MCTS,UCT_MCTS,28,14,14,140000,140000,0,14,0,52271300,4066572300,4399406000
fixed_simulations,UCT_MCTS_vs_CNN_ROOT_MCTS,777,24,0,4,UCT_MCTS,CNN_ROOT_MCTS,UCT_MCTS,29,15,14,150000,140000,0,14,0,53656200,4275880900,4087683200
fixed_simulations,UCT_MCTS_vs_CNN_ROOT_MCTS,777,24,1,4,CNN_ROOT_MCTS,UCT_MCTS,CNN_ROOT_MCTS,27,13,14,130000,140000,0,14,0,52973200,3819658400,4229686800
fixed_simulations,UCT_MCTS_vs_CNN_ROOT_MCTS,777,25,0,6,UCT_MCTS,CNN_ROOT_MCTS,UCT_MCTS,27,14,13,140000,130000,0,13,0,49060600,3878277300,3653679000
fixed_simulations,UCT_MCTS_vs_CNN_ROOT_MCTS,777,25,1,6,CNN_ROOT_MCTS,UCT_MCTS,UCT_MCTS,30,15,15,150000,150000,0,15,0,57771700,3828414300,4103677400
fixed_simulations,UCT_MCTS_vs_CNN_ROOT_MCTS,777,26,0,4,UCT_MCTS,CNN_ROOT_MCTS,CNN_ROOT_MCTS,36,18,18,180000,180000,0,18,0,71037900,4413075000,4292774100
fixed_simulations,UCT_MCTS_vs_CNN_ROOT_MCTS,777,26,1,4,CNN_ROOT_MCTS,UCT_MCTS,CNN_ROOT_MCTS,11,5,6,50000,60000,0,6,0,22683600,994145400,1249296400
fixed_simulations,UCT_MCTS_vs_CNN_ROOT_MCTS,777,27,0,3,UCT_MCTS,CNN_ROOT_MCTS,CNN_ROOT_MCTS,28,14,14,140000,140000,0,14,0,53325500,4266691200,4163196000
fixed_simulations,UCT_MCTS_vs_CNN_ROOT_MCTS,777,27,1,3,CNN_ROOT_MCTS,UCT_MCTS,CNN_ROOT_MCTS,35,17,18,170000,180000,0,18,0,68625200,4252506900,4610523600
fixed_simulations,UCT_MCTS_vs_CNN_ROOT_MCTS,777,28,0,3,UCT_MCTS,CNN_ROOT_MCTS,DRAW,39,20,19,200000,190000,0,19,0,71669100,4865624200,4747975500
fixed_simulations,UCT_MCTS_vs_CNN_ROOT_MCTS,777,28,1,3,CNN_ROOT_MCTS,UCT_MCTS,DRAW,39,19,20,190000,200000,0,20,0,75516400,4954152500,5355400300
fixed_simulations,UCT_MCTS_vs_CNN_ROOT_MCTS,777,29,0,2,UCT_MCTS,CNN_ROOT_MCTS,DRAW,40,20,20,200000,200000,0,20,0,75690200,5339801100,5173064500
fixed_simulations,UCT_MCTS_vs_CNN_ROOT_MCTS,777,29,1,2,CNN_ROOT_MCTS,UCT_MCTS,UCT_MCTS,34,17,17,170000,170000,0,17,0,64131700,4437474700,4779192200
fixed_simulations,UCT_MCTS_vs_CNN_ROOT_MCTS,777,30,0,4,UCT_MCTS,CNN_ROOT_MCTS,CNN_ROOT_MCTS,34,17,17,170000,170000,0,17,0,64040100,4710650200,4466560900
fixed_simulations,UCT_MCTS_vs_CNN_ROOT_MCTS,777,30,1,4,CNN_ROOT_MCTS,UCT_MCTS,UCT_MCTS,32,16,16,160000,160000,0,16,0,59735200,4206616400,4521393300
fixed_simulations,UCT_MCTS_vs_CNN_ROOT_MCTS,777,31,0,2,UCT_MCTS,CNN_ROOT_MCTS,UCT_MCTS,31,16,15,160000,150000,0,15,0,56467200,4294410400,4070617700
fixed_simulations,UCT_MCTS_vs_CNN_ROOT_MCTS,777,31,1,2,CNN_ROOT_MCTS,UCT_MCTS,UCT_MCTS,34,17,17,170000,170000,0,17,0,63828300,4204001600,4556428100
fixed_simulations,UCT_MCTS_vs_CNN_ROOT_MCTS,777,32,0,4,UCT_MCTS,CNN_ROOT_MCTS,UCT_MCTS,3,2,1,20000,10000,0,1,0,4000000,123599100,69438300
fixed_simulations,UCT_MCTS_vs_CNN_ROOT_MCTS,777,32,1,4,CNN_ROOT_MCTS,UCT_MCTS,CNN_ROOT_MCTS,3,1,2,10000,20000,0,2,0,8056500,73905100,130586200
fixed_simulations,UCT_MCTS_vs_CNN_ROOT_MCTS,777,33,0,6,UCT_MCTS,CNN_ROOT_MCTS,UCT_MCTS,25,13,12,130000,120000,0,12,0,45075300,3557799600,3399252600
fixed_simulations,UCT_MCTS_vs_CNN_ROOT_MCTS,777,33,1,6,CNN_ROOT_MCTS,UCT_MCTS,UCT_MCTS,30,15,15,150000,150000,0,15,0,57837600,3865030600,4161749300
fixed_simulations,UCT_MCTS_vs_CNN_ROOT_MCTS,777,34,0,2,UCT_MCTS,CNN_ROOT_MCTS,UCT_MCTS,17,9,8,90000,80000,0,8,0,29745200,2658659800,2441493200
fixed_simulations,UCT_MCTS_vs_CNN_ROOT_MCTS,777,34,1,2,CNN_ROOT_MCTS,UCT_MCTS,UCT_MCTS,40,20,20,200000,200000,0,20,0,75391800,4834375500,5256570500
fixed_simulations,UCT_MCTS_vs_CNN_ROOT_MCTS,777,35,0,6,UCT_MCTS,CNN_ROOT_MCTS,CNN_ROOT_MCTS,32,16,16,160000,160000,0,16,0,64617000,3974930200,3832016800
fixed_simulations,UCT_MCTS_vs_CNN_ROOT_MCTS,777,35,1,6,CNN_ROOT_MCTS,UCT_MCTS,UCT_MCTS,30,15,15,150000,150000,0,15,0,57288700,4044587500,4378593800
fixed_simulations,UCT_MCTS_vs_CNN_ROOT_MCTS,777,36,0,4,UCT_MCTS,CNN_ROOT_MCTS,UCT_MCTS,25,13,12,130000,120000,0,12,0,45659900,3638906500,3389341400
fixed_simulations,UCT_MCTS_vs_CNN_ROOT_MCTS,777,36,1,4,CNN_ROOT_MCTS,UCT_MCTS,DRAW,38,19,19,190000,190000,0,19,0,75098300,4336943600,4714541800
fixed_simulations,UCT_MCTS_vs_CNN_ROOT_MCTS,777,37,0,5,UCT_MCTS,CNN_ROOT_MCTS,UCT_MCTS,31,16,15,160000,150000,0,15,0,55603700,3924883700,3695801100
fixed_simulations,UCT_MCTS_vs_CNN_ROOT_MCTS,777,37,1,5,CNN_ROOT_MCTS,UCT_MCTS,CNN_ROOT_MCTS,31,15,16,150000,160000,0,16,0,60581500,4177564500,4469153900
fixed_simulations,UCT_MCTS_vs_CNN_ROOT_MCTS,777,38,0,6,UCT_MCTS,CNN_ROOT_MCTS,CNN_ROOT_MCTS,30,15,15,150000,150000,0,15,0,57229400,3421031500,3286819200
fixed_simulations,UCT_MCTS_vs_CNN_ROOT_MCTS,777,38,1,6,CNN_ROOT_MCTS,UCT_MCTS,UCT_MCTS,30,15,15,150000,150000,0,15,0,58804600,3092020000,3383625300
fixed_simulations,UCT_MCTS_vs_CNN_ROOT_MCTS,777,39,0,4,UCT_MCTS,CNN_ROOT_MCTS,CNN_ROOT_MCTS,30,15,15,150000,150000,0,15,0,56588100,3900145300,3689522900
fixed_simulations,UCT_MCTS_vs_CNN_ROOT_MCTS,777,39,1,4,CNN_ROOT_MCTS,UCT_MCTS,UCT_MCTS,30,15,15,150000,150000,0,15,0,56755300,3504440200,3836851800
fixed_simulations,UCT_MCTS_vs_CNN_ROOT_MCTS,777,40,0,2,UCT_MCTS,CNN_ROOT_MCTS,CNN_ROOT_MCTS,30,15,15,150000,150000,0,15,0,56960300,3857026100,3708953900
fixed_simulations,UCT_MCTS_vs_CNN_ROOT_MCTS,777,40,1,2,CNN_ROOT_MCTS,UCT_MCTS,CNN_ROOT_MCTS,35,17,18,170000,180000,0,18,0,69135400,4442383300,4821773300
fixed_simulations,UCT_MCTS_vs_CNN_ROOT_MCTS,777,41,0,4,UCT_MCTS,CNN_ROOT_MCTS,DRAW,38,19,19,190000,190000,0,19,0,71306000,5638145200,5433451700
fixed_simulations,UCT_MCTS_vs_CNN_ROOT_MCTS,777,41,1,4,CNN_ROOT_MCTS,UCT_MCTS,CNN_ROOT_MCTS,33,16,17,160000,170000,0,17,0,63966300,4638273100,5010817700
fixed_simulations,UCT_MCTS_vs_CNN_ROOT_MCTS,777,42,0,3,UCT_MCTS,CNN_ROOT_MCTS,UCT_MCTS,27,14,13,140000,130000,0,13,0,49957800,4066661800,3859876100
fixed_simulations,UCT_MCTS_vs_CNN_ROOT_MCTS,777,42,1,3,CNN_ROOT_MCTS,UCT_MCTS,CNN_ROOT_MCTS,31,15,16,150000,160000,0,16,0,64790600,4646371800,5037883700
fixed_simulations,UCT_MCTS_vs_CNN_ROOT_MCTS,777,43,0,6,UCT_MCTS,CNN_ROOT_MCTS,UCT_MCTS,1,1,0,10000,0,0,0,0,0,28018100,0
fixed_simulations,UCT_MCTS_vs_CNN_ROOT_MCTS,777,43,1,6,CNN_ROOT_MCTS,UCT_MCTS,CNN_ROOT_MCTS,1,0,1,0,10000,0,1,0,4030800,0,30378900
fixed_simulations,UCT_MCTS_vs_CNN_ROOT_MCTS,777,44,0,4,UCT_MCTS,CNN_ROOT_MCTS,UCT_MCTS,35,18,17,180000,170000,0,17,0,64949300,4343455000,4139959900
fixed_simulations,UCT_MCTS_vs_CNN_ROOT_MCTS,777,44,1,4,CNN_ROOT_MCTS,UCT_MCTS,CNN_ROOT_MCTS,29,14,15,140000,150000,0,15,0,55731800,3898307900,4226977500
fixed_simulations,UCT_MCTS_vs_CNN_ROOT_MCTS,777,45,0,2,UCT_MCTS,CNN_ROOT_MCTS,CNN_ROOT_MCTS,32,16,16,160000,160000,0,16,0,59752000,4703236500,4527390800
fixed_simulations,UCT_MCTS_vs_CNN_ROOT_MCTS,777,45,1,2,CNN_ROOT_MCTS,UCT_MCTS,UCT_MCTS,34,17,17,170000,170000,0,17,0,64257200,4107454900,4440184700
fixed_simulations,UCT_MCTS_vs_CNN_ROOT_MCTS,777,46,0,3,UCT_MCTS,CNN_ROOT_MCTS,UCT_MCTS,35,18,17,180000,170000,0,17,0,63292800,4915106000,4640670800
fixed_simulations,UCT_MCTS_vs_CNN_ROOT_MCTS,777,46,1,3,CNN_ROOT_MCTS,UCT_MCTS,UCT_MCTS,28,14,14,140000,140000,0,14,0,52177700,3841135100,4163282500
fixed_simulations,UCT_MCTS_vs_CNN_ROOT_MCTS,777,47,0,5,UCT_MCTS,CNN_ROOT_MCTS,UCT_MCTS,31,16,15,160000,150000,0,15,0,56890100,3640565500,3451587500
fixed_simulations,UCT_MCTS_vs_CNN_ROOT_MCTS,777,47,1,5,CNN_ROOT_MCTS,UCT_MCTS,UCT_MCTS,34,17,17,170000,170000,0,17,0,64357500,4017503900,4327271300
fixed_simulations,UCT_MCTS_vs_CNN_ROOT_MCTS,777,48,0,3,UCT_MCTS,CNN_ROOT_MCTS,UCT_MCTS,33,17,16,170000,160000,0,16,0,60494000,4013567200,3781253400
fixed_simulations,UCT_MCTS_vs_CNN_ROOT_MCTS,777,48,1,3,CNN_ROOT_MCTS,UCT_MCTS,CNN_ROOT_MCTS,13,6,7,60000,70000,0,7,0,26700700,1408344400,1655493200
fixed_simulations,UCT_MCTS_vs_CNN_ROOT_MCTS,777,49,0,2,UCT_MCTS,CNN_ROOT_MCTS,UCT_MCTS,19,10,9,100000,90000,0,9,0,34401200,3068923300,2876701000
fixed_simulations,UCT_MCTS_vs_CNN_ROOT_MCTS,777,49,1,2,CNN_ROOT_MCTS,UCT_MCTS,CNN_ROOT_MCTS,31,15,16,150000,160000,0,16,0,60549000,4750566800,5132301600
fixed_simulations,MLP_ROOT_MCTS_vs_CNN_ROOT_MCTS,42,0,0,4,MLP_ROOT_MCTS,CNN_ROOT_MCTS,MLP_ROOT_MCTS,29,15,14,150000,140000,15,14,1560900,53105300,4112011000,3867780300
fixed_simulations,MLP_ROOT_MCTS_vs_CNN_ROOT_MCTS,42,0,1,4,CNN_ROOT_MCTS,MLP_ROOT_MCTS,MLP_ROOT_MCTS,30,15,15,150000,150000,15,15,1514000,55431500,4305585400,4641415700
fixed_simulations,MLP_ROOT_MCTS_vs_CNN_ROOT_MCTS,42,1,0,6,MLP_ROOT_MCTS,CNN_ROOT_MCTS,MLP_ROOT_MCTS,9,5,4,50000,40000,5,4,545900,15306400,1042786600,922597000
fixed_simulations,MLP_ROOT_MCTS_vs_CNN_ROOT_MCTS,42,1,1,6,CNN_ROOT_MCTS,MLP_ROOT_MCTS,DRAW,36,18,18,180000,180000,18,18,1832900,67575300,3752667700,4061041000
fixed_simulations,MLP_ROOT_MCTS_vs_CNN_ROOT_MCTS,42,2,0,2,MLP_ROOT_MCTS,CNN_ROOT_MCTS,MLP_ROOT_MCTS,29,15,14,150000,140000,15,14,1496800,52711900,4596781500,4365109200
fixed_simulations,MLP_ROOT_MCTS_vs_CNN_ROOT_MCTS,42,2,1,2,CNN_ROOT_MCTS,MLP_ROOT_MCTS,DRAW,40,20,20,200000,200000,20,20,2089500,75124300,4772943800,5157008500
fixed_simulations,MLP_ROOT_MCTS_vs_CNN_ROOT_MCTS,42,3,0,6,MLP_ROOT_MCTS,CNN_ROOT_MCTS,DRAW,36,18,18,180000,180000,18,18,1888700,66735300,4212303400,4061113000
fixed_simulations,MLP_ROOT_MCTS_vs_CNN_ROOT_MCTS,42,3,1,6,CNN_ROOT_MCTS,MLP_ROOT_MCTS,MLP_ROOT_MCTS,28,14,14,140000,140000,14,14,1412900,52014300,3295722000,3549424900
fixed_simulations,MLP_ROOT_MCTS_vs_CNN_ROOT_MCTS,42,4,0,5,MLP_ROOT_MCTS,CNN_ROOT_MCTS,MLP_ROOT_MCTS,31,16,15,160000,150000,16,15,1742100,56175800,3894301000,3725228700
fixed_simulations,MLP_ROOT_MCTS_vs_CNN_ROOT_MCTS,42,4,1,5,CNN_ROOT_MCTS,MLP_ROOT_MCTS,MLP_ROOT_MCTS,32,16,16,160000,160000,16,16,1634400,60192300,4370646300,4653326200
fixed_simulations,MLP_ROOT_MCTS_vs_CNN_ROOT_MCTS,42,5,0,5,MLP_ROOT_MCTS,CNN_ROOT_MCTS,CNN_ROOT_MCTS,14,7,7,70000,70000,7,7,707900,25729500,1938672000,1704482300
fixed_simulations,MLP_ROOT_MCTS_vs_CNN_ROOT_MCTS,42,5,1,5,CNN_ROOT_MCTS,MLP_ROOT_MCTS,MLP_ROOT_MCTS,12,6,6,60000,60000,6,6,616600,23316900,1119730000,1388602100
fixed_simulations,MLP_ROOT_MCTS_vs_CNN_ROOT_MCTS,42,6,0,2,MLP_ROOT_MCTS,CNN_ROOT_MCTS,MLP_ROOT_MCTS,31,16,15,160000,150000,16,15,1691700,55162600,4760304200,4526921600
fixed_simulations,MLP_ROOT_MCTS_vs_CNN_ROOT_MCTS,42,6,1,2,CNN_ROOT_MCTS,MLP_ROOT_MCTS,CNN_ROOT_MCTS,13,6,7,60000,70000,6,7,606200,26395500,1452115200,1755323900
fixed_simulations,MLP_ROOT_MCTS_vs_CNN_ROOT_MCTS,42,7,0,5,MLP_ROOT_MCTS,CNN_ROOT_MCTS,CNN_ROOT_MCTS,32,16,16,160000,160000,16,16,1640000,61231100,4025046800,3841742600
fixed_simulations,MLP_ROOT_MCTS_vs_CNN_ROOT_MCTS,42,7,1,5,CNN_ROOT_MCTS,MLP_ROOT_MCTS,CNN_ROOT_MCTS,29,14,15,140000,150000,14,15,1427800,56202000,3460423200,3783294300
fixed_simulations,MLP_ROOT_MCTS_vs_CNN_ROOT_MCTS,42,8,0,6,MLP_ROOT_MCTS,CNN_ROOT_MCTS,MLP_ROOT_MCTS,1,1,0,10000,0,1,0,115000,0,18152500,0
fixed_simulations,MLP_ROOT_MCTS_vs_CNN_ROOT_MCTS,42,8,1,6,CNN_ROOT_MCTS,MLP_ROOT_MCTS,CNN_ROOT_MCTS,1,0,1,0,10000,0,1,0,3645500,0,20764900
fixed_simulations,MLP_ROOT_MCTS_vs_CNN_ROOT_MCTS,42,9,0,6,MLP_ROOT_MCTS,CNN_ROOT_MCTS,MLP_ROOT_MCTS,25,13,12,130000,120000,13,12,1381100,44369100,3469537100,3236555200
fixed_simulations,MLP_ROOT_MCTS_vs_CNN_ROOT_MCTS,42,9,1,6,CNN_ROOT_MCTS,MLP_ROOT_MCTS,CNN_ROOT_MCTS,25,12,13,120000,130000,12,13,1227000,48656700,3009135300,3330719700
fixed_simulations,MLP_ROOT_MCTS_vs_CNN_ROOT_MCTS,42,10,0,3,MLP_ROOT_MCTS,CNN_ROOT_MCTS,CNN_ROOT_MCTS,34,17,17,170000,170000,17,17,1778600,64629700,5611107600,5432102600
fixed_simulations,MLP_ROOT_MCTS_vs_CNN_ROOT_MCTS,42,10,1,3,CNN_ROOT_MCTS,MLP_ROOT_MCTS,MLP_ROOT_MCTS,18,9,9,90000,90000,9,9,908200,33486400,3141600700,3541551600
fixed_simulations,MLP_ROOT_MCTS_vs_CNN_ROOT_MCTS,42,11,0,3,MLP_ROOT_MCTS,CNN_ROOT_MCTS,CNN_ROOT_MCTS,32,16,16,160000,160000,16,16,1661200,59860300,4642675400,4378467800
fixed_simulations,MLP_ROOT_MCTS_vs_CNN_ROOT_MCTS,42,11,1,3,CNN_ROOT_MCTS,MLP_ROOT_MCTS,CNN_ROOT_MCTS,33,16,17,160000,170000,16,17,1629300,64267200,4859472400,5206015500
fixed_simulations,MLP_ROOT_MCTS_vs_CNN_ROOT_MCTS,42,12,0,2,MLP_ROOT_MCTS,CNN_ROOT_MCTS,CNN_ROOT_MCTS,38,19,19,190000,190000,19,19,1960100,71513500,5147363500,4957123900
fixed_simulations,MLP_ROOT_MCTS_vs_CNN_ROOT_MCTS,42,12,1,2,CNN_ROOT_MCTS,MLP_ROOT_MCTS,CNN_ROOT_MCTS,29,14,15,140000,150000,14,15,1423300,55745100,3461640900,3807989100
fixed_simulations,MLP_ROOT_MCTS_vs_CNN_ROOT_MCTS,42,13,0,2,MLP_ROOT_MCTS,CNN_ROOT_MCTS,CNN_ROOT_MCTS,36,18,18,180000,180000,18,18,1886600,67136400,5533383800,5392796100
fixed_simulations,MLP_ROOT_MCTS_vs_CNN_ROOT_MCTS,42,13,1,2,CNN_ROOT_MCTS,MLP_ROOT_MCTS,MLP_ROOT_MCTS,36,18,18,180000,180000,18,18,1933300,68401600,5021596900,5348208100
fixed_simulations,MLP_ROOT_MCTS_vs_CNN_ROOT_MCTS,42,14,0,2,MLP_ROOT_MCTS,CNN_ROOT_MCTS,MLP_ROOT_MCTS,29,15,14,150000,140000,15,14,1551300,52778700,3835819100,3591564300
fixed_simulations,MLP_ROOT_MCTS_vs_CNN_ROOT_MCTS,42,14,1,2,CNN_ROOT_MCTS,MLP_ROOT_MCTS,CNN_ROOT_MCTS,29,14,15,140000,150000,14,15,1406800,57075900,3537749300,3887871700
fixed_simulations,MLP_ROOT_MCTS_vs_CNN_ROOT_MCTS,42,15,0,2,MLP_ROOT_MCTS,CNN_ROOT_MCTS,MLP_ROOT_MCTS,29,15,14,150000,140000,15,14,1552300,52757400,4298580300,4091186900
fixed_simulations,MLP_ROOT_MCTS_vs_CNN_ROOT_MCTS,42,15,1,2,CNN_ROOT_MCTS,MLP_ROOT_MCTS,MLP_ROOT_MCTS,34,17,17,170000,170000,17,17,1720600,64620800,4501927000,4795787100
fixed_simulations,MLP_ROOT_MCTS_vs_CNN_ROOT_MCTS,42,16,0,5,MLP_ROOT_MCTS,CNN_ROOT_MCTS,MLP_ROOT_MCTS,3,2,1,20000,10000,2,1,180000,3856600,114856500,64990600
fixed_simulations,MLP_ROOT_MCTS_vs_CNN_ROOT_MCTS,42,16,1,5,CNN_ROOT_MCTS,MLP_ROOT_MCTS,CNN_ROOT_MCTS,3,1,2,10000,20000,1,2,98200,7697200,60495100,117260200
fixed_simulations,MLP_ROOT_MCTS_vs_CNN_ROOT_MCTS,42,17,0,4,MLP_ROOT_MCTS,CNN_ROOT_MCTS,CNN_ROOT_MCTS,32,16,16,160000,160000,16,16,1619100,59830000,4499366300,4305310800
fixed_simulations,MLP_ROOT_MCTS_vs_CNN_ROOT_MCTS,42,17,1,4,CNN_ROOT_MCTS,MLP_ROOT_MCTS,MLP_ROOT_MCTS,26,13,13,130000,130000,13,13,1262100,49192700,3748925700,4015201600
fixed_simulations,MLP_ROOT_MCTS_vs_CNN_ROOT_MCTS,42,18,0,2,MLP_ROOT_MCTS,CNN_ROOT_MCTS,MLP_ROOT_MCTS,33,17,16,170000,160000,17,16,1722200,59962900,5312018700,5089829400
fixed_simulations,MLP_ROOT_MCTS_vs_CNN_ROOT_MCTS,42,18,1,2,CNN_ROOT_MCTS,MLP_ROOT_MCTS,MLP_ROOT_MCTS,32,16,16,160000,160000,16,16,1710800,60201000,4250340000,4571079600
fixed_simulations,MLP_ROOT_MCTS_vs_CNN_ROOT_MCTS,42,19,0,2,MLP_ROOT_MCTS,CNN_ROOT_MCTS,CNN_ROOT_MCTS,28,14,14,140000,140000,14,14,1408600,52769400,4182620000,4029199900
fixed_simulations,MLP_ROOT_MCTS_vs_CNN_ROOT_MCTS,42,19,1,2,CNN_ROOT_MCTS,MLP_ROOT_MCTS,DRAW,40,20,20,200000,200000,20,20,2102500,74611700,5035559500,5371566000
fixed_simulations,MLP_ROOT_MCTS_vs_CNN_ROOT_MCTS,42,20,0,5,MLP_ROOT_MCTS,CNN_ROOT_MCTS,MLP_ROOT_MCTS,3,2,1,20000,10000,2,1,205200,3844100,123967600,85285500
fixed_simulations,MLP_ROOT_MCTS_vs_CNN_ROOT_MCTS,42,20,1,5,CNN_ROOT_MCTS,MLP_ROOT_MCTS,CNN_ROOT_MCTS,3,1,2,10000,20000,1,2,107900,7519600,76629300,133552500
fixed_simulations,MLP_ROOT_MCTS_vs_CNN_ROOT_MCTS,42,21,0,6,MLP_ROOT_MCTS,CNN_ROOT_MCTS,MLP_ROOT_MCTS,3,2,1,20000,10000,2,1,204800,3911100,109903400,71312600
fixed_simulations,MLP_ROOT_MCTS_vs_CNN_ROOT_MCTS,42,21,1,6,CNN_ROOT_MCTS,MLP_ROOT_MCTS,CNN_ROOT_MCTS,3,1,2,10000,20000,1,2,105200,7614200,68085600,123034000
fixed_simulations,MLP_ROOT_MCTS_vs_CNN_ROOT_MCTS,42,22,0,5,MLP_ROOT_MCTS,CNN_ROOT_MCTS,DRAW,37,19,18,190000,180000,19,18,1967100,68838700,4316789500,4186808000
fixed_simulations,MLP_ROOT_MCTS_vs_CNN_ROOT_MCTS,42,22,1,5,CNN_ROOT_MCTS,MLP_ROOT_MCTS,CNN_ROOT_MCTS,29,14,15,140000,150000,14,15,1490000,56032800,2890115000,3159950700
fixed_simulations,MLP_ROOT_MCTS_vs_CNN_ROOT_MCTS,42,23,0,3,MLP_ROOT_MCTS,CNN_ROOT_MCTS,MLP_ROOT_MCTS,29,15,14,150000,140000,15,14,1507700,54004400,3845597400,3618241100
fixed_simulations,MLP_ROOT_MCTS_vs_CNN_ROOT_MCTS,42,23,1,3,CNN_ROOT_MCTS,MLP_ROOT_MCTS,CNN_ROOT_MCTS,31,15,16,150000,160000,15,16,1544200,59228000,4361305300,4747568000
fixed_simulations,MLP_ROOT_MCTS_vs_CNN_ROOT_MCTS,42,24,0,3,MLP_ROOT_MCTS,CNN_ROOT_MCTS,CNN_ROOT_MCTS,32,16,16,160000,160000,16,16,1659700,60014700,4472680700,4244994700
fixed_simulations,MLP_ROOT_MCTS_vs_CNN_ROOT_MCTS,42,24,1,3,CNN_ROOT_MCTS,MLP_ROOT_MCTS,CNN_ROOT_MCTS,37,18,19,180000,190000,18,19,1884000,71433900,5113697200,5459529100
fixed_simulations,MLP_ROOT_MCTS_vs_CNN_ROOT_MCTS,42,25,0,3,MLP_ROOT_MCTS,CNN_ROOT_MCTS,CNN_ROOT_MCTS,22,11,11,110000,110000,11,11,1106200,41148300,3655283200,3477823700
fixed_simulations,MLP_ROOT_MCTS_vs_CNN_ROOT_MCTS,42,25,1,3,CNN_ROOT_MCTS,MLP_ROOT_MCTS,MLP_ROOT_MCTS,30,15,15,150000,150000,15,15,1506500,56485900,4093952000,4336916000
fixed_simulations,MLP_ROOT_MCTS_vs_CNN_ROOT_MCTS,42,26,0,4,MLP_ROOT_MCTS,CNN_ROOT_MCTS,CNN_ROOT_MCTS,32,16,16,160000,160000,16,16,1621300,62266200,3821232300,3629624300
fixed_simulations,MLP_ROOT_MCTS_vs_CNN_ROOT_MCTS,42,26,1,4,CNN_ROOT_MCTS,MLP_ROOT_MCTS,CNN_ROOT_MCTS,19,9,10,90000,100000,9,10,924500,37537300,2627366100,2919574500
fixed_simulations,MLP_ROOT_MCTS_vs_CNN_ROOT_MCTS,42,27,0,6,MLP_ROOT_MCTS,CNN_ROOT_MCTS,CNN_ROOT_MCTS,26,13,13,130000,130000,13,13,1307700,48751200,2974730300,2780459900
fixed_simulations,MLP_ROOT_MCTS_vs_CNN_ROOT_MCTS,42,27,1,6,CNN_ROOT_MCTS,MLP_ROOT_MCTS,MLP_ROOT_MCTS,30,15,15,150000,150000,15,15,4114900,56189400,3665357100,3878726500
fixed_simulations,MLP_ROOT_MCTS_vs_CNN_ROOT_MCTS,42,28,0,4,MLP_ROOT_MCTS,CNN_ROOT_MCTS,MLP_ROOT_MCTS,27,14,13,140000,130000,14,13,1509900,49090100,3855205500,3695780100
fixed_simulations,MLP_ROOT_MCTS_vs_CNN_ROOT_MCTS,42,28,1,4,CNN_ROOT_MCTS,MLP_ROOT_MCTS,DRAW,38,19,19,190000,190000,19,19,1974200,71312500,4674328100,5064401400
fixed_simulations,MLP_ROOT_MCTS_vs_CNN_ROOT_MCTS,42,29,0,4,MLP_ROOT_MCTS,CNN_ROOT_MCTS,MLP_ROOT_MCTS,3,2,1,20000,10000,2,1,204900,3811500,166370400,108463600
fixed_simulations,MLP_ROOT_MCTS_vs_CNN_ROOT_MCTS,42,29,1,4,CNN_ROOT_MCTS,MLP_ROOT_MCTS,CNN_ROOT_MCTS,3,1,2,10000,20000,1,2,105400,7619200,101154400,166904400
fixed_simulations,MLP_ROOT_MCTS_vs_CNN_ROOT_MCTS,42,30,0,2,MLP_ROOT_MCTS,CNN_ROOT_MCTS,MLP_ROOT_MCTS,31,16,15,160000,150000,16,15,1610100,56704700,4515737400,4301378300
fixed_simulations,MLP_ROOT_MCTS_vs_CNN_ROOT_MCTS,42,30,1,2,CNN_ROOT_MCTS,MLP_ROOT_MCTS,MLP_ROOT_MCTS,36,18,18,180000,180000,18,18,1868500,67067900,4816212100,5169812400
fixed_simulations,MLP_ROOT_MCTS_vs_CNN_ROOT_MCTS,42,31,0,5,MLP_ROOT_MCTS,CNN_ROOT_MCTS,MLP_ROOT_MCTS,31,16,15,160000,150000,16,15,1560600,56836500,3871231700,3699297700
fixed_simulations,MLP_ROOT_MCTS_vs_CNN_ROOT_MCTS,42,31,1,5,CNN_ROOT_MCTS,MLP_ROOT_MCTS,CNN_ROOT_MCTS,31,15,16,150000,160000,15,16,1551800,59936600,3997404100,4266040300
fixed_simulations,MLP_ROOT_MCTS_vs_CNN_ROOT_MCTS,42,32,0,2,MLP_ROOT_MCTS,CNN_ROOT_MCTS,MLP_ROOT_MCTS,13,7,6,70000,60000,7,6,724100,22510500,1847519300,1504825900
fixed_simulations,MLP_ROOT_MCTS_vs_CNN_ROOT_MCTS,42,32,1,2,CNN_ROOT_MCTS,MLP_ROOT_MCTS,CNN_ROOT_MCTS,37,18,19,180000,190000,18,19,1861200,71207700,4001429500,4415923800
fixed_simulations,MLP_ROOT_MCTS_vs_CNN_ROOT_MCTS,42,33,0,6,MLP_ROOT_MCTS,CNN_ROOT_MCTS,MLP_ROOT_MCTS,29,15,14,150000,140000,15,14,1572000,52754300,4149304800,3951095700
fixed_simulations,MLP_ROOT_MCTS_vs_CNN_ROOT_MCTS,42,33,1,6,CNN_ROOT_MCTS,MLP_ROOT_MCTS,MLP_ROOT_MCTS,30,15,15,150000,150000,15,15,1558800,56803100,3979305400,4297484100
fixed_simulations,MLP_ROOT_MCTS_vs_CNN_ROOT_MCTS,42,34,0,6,MLP_ROOT_MCTS,CNN_ROOT_MCTS,MLP_ROOT_MCTS,23,12,11,120000,110000,12,11,1194600,41206800,3453607600,3227539200
fixed_simulations,MLP_ROOT_MCTS_vs_CNN_ROOT_MCTS,42,34,1,6,CNN_ROOT_MCTS,MLP_ROOT_MCTS,MLP_ROOT_MCTS,28,14,14,140000,140000,14,14,1487200,52811200,3426882900,3776760700
fixed_simulations,MLP_ROOT_MCTS_vs_CNN_ROOT_MCTS,42,35,0,2,MLP_ROOT_MCTS,CNN_ROOT_MCTS,CNN_ROOT_MCTS,32,16,16,160000,160000,16,16,1857000,59906300,4043610900,3819248600
fixed_simulations,MLP_ROOT_MCTS_vs_CNN_ROOT_MCTS,42,35,1,2,CNN_ROOT_MCTS,MLP_ROOT_MCTS,CNN_ROOT_MCTS,31,15,16,150000,160000,15,16,1526300,59942900,3606579700,3962028600
fixed_simulations,MLP_ROOT_MCTS_vs_CNN_ROOT_MCTS,42,36,0,2,MLP_ROOT_MCTS,CNN_ROOT_MCTS,CNN_ROOT_MCTS,36,18,18,180000,180000,18,18,1919400,67333700,4108661800,3901250500
fixed_simulations,MLP_ROOT_MCTS_vs_CNN_ROOT_MCTS,42,36,1,2,CNN_ROOT_MCTS,MLP_ROOT_MCTS,MLP_ROOT_MCTS,36,18,18,180000,180000,18,18,1861500,68491200,3724138600,4047908700
fixed_simulations,MLP_ROOT_MCTS_vs_CNN_ROOT_MCTS,42,37,0,2,MLP_ROOT_MCTS,CNN_ROOT_MCTS,MLP_ROOT_MCTS,31,16,15,160000,150000,16,15,1753400,55937700,4475895600,4278074500
fixed_simulations,MLP_ROOT_MCTS_vs_CNN_ROOT_MCTS,42,37,1,2,CNN_ROOT_MCTS,MLP_ROOT_MCTS,MLP_ROOT_MCTS,32,16,16,160000,160000,16,16,1664400,60043200,4138228600,4471892600
fixed_simulations,MLP_ROOT_MCTS_vs_CNN_ROOT_MCTS,42,38,0,2,MLP_ROOT_MCTS,CNN_ROOT_MCTS,MLP_ROOT_MCTS,33,17,16,170000,160000,17,16,1724100,60281500,4697524700,4459586800
fixed_simulations,MLP_ROOT_MCTS_vs_CNN_ROOT_MCTS,42,38,1,2,CNN_ROOT_MCTS,MLP_ROOT_MCTS,MLP_ROOT_MCTS,38,19,19,190000,190000,19,19,1922100,71622600,4866811100,5183421500
fixed_simulations,MLP_ROOT_MCTS_vs_CNN_ROOT_MCTS,42,39,0,6,MLP_ROOT_MCTS,CNN_ROOT_MCTS,MLP_ROOT_MCTS,17,9,8,90000,80000,9,8,911000,30119400,2221178700,2068250700
fixed_simulations,MLP_ROOT_MCTS_vs_CNN_ROOT_MCTS,42,39,1,6,CNN_ROOT_MCTS,MLP_ROOT_MCTS,CNN_ROOT_MCTS,17,8,9,80000,90000,8,9,780800,34205400,2040117700,2272362900
fixed_simulations,MLP_ROOT_MCTS_vs_CNN_ROOT_MCTS,42,40,0,6,MLP_ROOT_MCTS,CNN_ROOT_MCTS,DRAW,36,18,18,180000,180000,18,18,4547100,68529300,4598560200,4454188400
fixed_simulations,MLP_ROOT_MCTS_vs_CNN_ROOT_MCTS,42,40,1,6,CNN_ROOT_MCTS,MLP_ROOT_MCTS,CNN_ROOT_MCTS,27,13,14,130000,140000,13,14,1394100,52742700,3493421700,3770439300
fixed_simulations,MLP_ROOT_MCTS_vs_CNN_ROOT_MCTS,42,41,0,2,MLP_ROOT_MCTS,CNN_ROOT_MCTS,MLP_ROOT_MCTS,33,17,16,170000,160000,17,16,1760700,61066900,4698349000,4470825800
fixed_simulations,MLP_ROOT_MCTS_vs_CNN_ROOT_MCTS,42,41,1,2,CNN_ROOT_MCTS,MLP_ROOT_MCTS,CNN_ROOT_MCTS,35,17,18,170000,180000,17,18,1879100,67350800,4063149300,4404540200
fixed_simulations,MLP_ROOT_MCTS_vs_CNN_ROOT_MCTS,42,42,0,3,MLP_ROOT_MCTS,CNN_ROOT_MCTS,MLP_ROOT_MCTS,31,16,15,160000,150000,16,15,1666700,55933200,4945809300,4734478500
fixed_simulations,MLP_ROOT_MCTS_vs_CNN_ROOT_MCTS,42,42,1,3,CNN_ROOT_MCTS,MLP_ROOT_MCTS,CNN_ROOT_MCTS,29,14,15,140000,150000,14,15,1387300,57611400,4447079800,4782887400
fixed_simulations,MLP_ROOT_MCTS_vs_CNN_ROOT_MCTS,42,43,0,2,MLP_ROOT_MCTS,CNN_ROOT_MCTS,MLP_ROOT_MCTS,31,16,15,160000,150000,16,15,1637400,56450000,4602872300,4360727800
fixed_simulations,MLP_ROOT_MCTS_vs_CNN_ROOT_MCTS,42,43,1,2,CNN_ROOT_MCTS,MLP_ROOT_MCTS,CNN_ROOT_MCTS,29,14,15,140000,150000,14,15,1463400,56152100,4509219000,4844120500
fixed_simulations,MLP_ROOT_MCTS_vs_CNN_ROOT_MCTS,42,44,0,2,MLP_ROOT_MCTS,CNN_ROOT_MCTS,CNN_ROOT_MCTS,34,17,17,170000,170000,17,17,1782200,64351200,4402236800,4164633700
fixed_simulations,MLP_ROOT_MCTS_vs_CNN_ROOT_MCTS,42,44,1,2,CNN_ROOT_MCTS,MLP_ROOT_MCTS,MLP_ROOT_MCTS,32,16,16,160000,160000,16,16,1645500,60186900,3863348400,4165554600
fixed_simulations,MLP_ROOT_MCTS_vs_CNN_ROOT_MCTS,42,45,0,4,MLP_ROOT_MCTS,CNN_ROOT_MCTS,MLP_ROOT_MCTS,31,16,15,160000,150000,16,15,1820900,57266100,4046427500,3797169900
fixed_simulations,MLP_ROOT_MCTS_vs_CNN_ROOT_MCTS,42,45,1,4,CNN_ROOT_MCTS,MLP_ROOT_MCTS,CNN_ROOT_MCTS,23,11,12,110000,120000,11,12,1111300,45547800,3072053000,3396938300
fixed_simulations,MLP_ROOT_MCTS_vs_CNN_ROOT_MCTS,42,46,0,4,MLP_ROOT_MCTS,CNN_ROOT_MCTS,DRAW,38,19,19,190000,190000,19,19,2036200,71411900,4710710000,4513735300
fixed_simulations,MLP_ROOT_MCTS_vs_CNN_ROOT_MCTS,42,46,1,4,CNN_ROOT_MCTS,MLP_ROOT_MCTS,CNN_ROOT_MCTS,33,16,17,160000,170000,16,17,1689000,64549300,4533324600,4887547200
fixed_simulations,MLP_ROOT_MCTS_vs_CNN_ROOT_MCTS,42,47,0,4,MLP_ROOT_MCTS,CNN_ROOT_MCTS,MLP_ROOT_MCTS,19,10,9,100000,90000,10,9,1011100,33661100,3116776600,2949164100
fixed_simulations,MLP_ROOT_MCTS_vs_CNN_ROOT_MCTS,42,47,1,4,CNN_ROOT_MCTS,MLP_ROOT_MCTS,CNN_ROOT_MCTS,31,15,16,150000,160000,15,16,1565700,59742600,2976083000,3337201900
fixed_simulations,MLP_ROOT_MCTS_vs_CNN_ROOT_MCTS,42,48,0,3,MLP_ROOT_MCTS,CNN_ROOT_MCTS,MLP_ROOT_MCTS,27,14,13,140000,130000,14,13,1403400,48896700,3988611700,3748645200
fixed_simulations,MLP_ROOT_MCTS_vs_CNN_ROOT_MCTS,42,48,1,3,CNN_ROOT_MCTS,MLP_ROOT_MCTS,MLP_ROOT_MCTS,32,16,16,160000,160000,16,16,1695800,59884100,4405202200,4729651700
fixed_simulations,MLP_ROOT_MCTS_vs_CNN_ROOT_MCTS,42,49,0,2,MLP_ROOT_MCTS,CNN_ROOT_MCTS,MLP_ROOT_MCTS,35,18,17,180000,170000,18,17,1890200,63615200,4861838400,4602704400
fixed_simulations,MLP_ROOT_MCTS_vs_CNN_ROOT_MCTS,42,49,1,2,CNN_ROOT_MCTS,MLP_ROOT_MCTS,MLP_ROOT_MCTS,30,15,15,150000,150000,15,15,1501000,56543000,4157015800,4479257600
fixed_simulations,MLP_ROOT_MCTS_vs_CNN_ROOT_MCTS,123,0,0,4,MLP_ROOT_MCTS,CNN_ROOT_MCTS,MLP_ROOT_MCTS,3,2,1,20000,10000,2,1,215200,3814500,159887400,89523400
fixed_simulations,MLP_ROOT_MCTS_vs_CNN_ROOT_MCTS,123,0,1,4,CNN_ROOT_MCTS,MLP_ROOT_MCTS,CNN_ROOT_MCTS,3,1,2,10000,20000,1,2,106900,7723000,80120800,147721000
fixed_simulations,MLP_ROOT_MCTS_vs_CNN_ROOT_MCTS,123,1,0,4,MLP_ROOT_MCTS,CNN_ROOT_MCTS,MLP_ROOT_MCTS,33,17,16,170000,160000,17,16,1808200,60607900,4659674100,4410139500
fixed_simulations,MLP_ROOT_MCTS_vs_CNN_ROOT_MCTS,123,1,1,4,CNN_ROOT_MCTS,MLP_ROOT_MCTS,MLP_ROOT_MCTS,26,13,13,130000,130000,13,13,1357100,49193800,3828746500,4143745300
fixed_simulations,MLP_ROOT_MCTS_vs_CNN_ROOT_MCTS,123,2,0,3,MLP_ROOT_MCTS,CNN_ROOT_MCTS,MLP_ROOT_MCTS,35,18,17,180000,170000,18,17,1876500,64355600,4625742600,4485300000
fixed_simulations,MLP_ROOT_MCTS_vs_CNN_ROOT_MCTS,123,2,1,3,CNN_ROOT_MCTS,MLP_ROOT_MCTS,MLP_ROOT_MCTS,32,16,16,160000,160000,16,16,1644600,60759000,3789692500,4121085300
fixed_simulations,MLP_ROOT_MCTS_vs_CNN_ROOT_MCTS,123,3,0,3,MLP_ROOT_MCTS,CNN_ROOT_MCTS,CNN_ROOT_MCTS,26,13,13,130000,130000,13,13,1360000,48409300,3928476000,3696465300
fixed_simulations,MLP_ROOT_MCTS_vs_CNN_ROOT_MCTS,123,3,1,3,CNN_ROOT_MCTS,MLP_ROOT_MCTS,CNN_ROOT_MCTS,31,15,16,150000,160000,15,16,1578700,60276800,3798244000,4177667100
fixed_simulations,MLP_ROOT_MCTS_vs_CNN_ROOT_MCTS,123,4,0,3,MLP_ROOT_MCTS,CNN_ROOT_MCTS,MLP_ROOT_MCTS,33,17,16,170000,160000,17,16,1764200,59901100,4457369600,4220229900
fixed_simulations,MLP_ROOT_MCTS_vs_CNN_ROOT_MCTS,123,4,1,3,CNN_ROOT_MCTS,MLP_ROOT_MCTS,CNN_ROOT_MCTS,27,13,14,130000,140000,13,14,1291100,53354000,3295875100,3629961600
fixed_simulations,MLP_ROOT_MCTS_vs_CNN_ROOT_MCTS,123,5,0,3,MLP_ROOT_MCTS,CNN_ROOT_MCTS,CNN_ROOT_MCTS,30,15,15,150000,150000,15,15,1582400,56127500,4371383000,4159681400
fixed_simulations,MLP_ROOT_MCTS_vs_CNN_ROOT_MCTS,123,5,1,3,CNN_ROOT_MCTS,MLP_ROOT_MCTS,MLP_ROOT_MCTS,34,17,17,170000,170000,17,17,1867500,63208700,4771081900,5060560900
fixed_simulations,MLP_ROOT_MCTS_vs_CNN_ROOT_MCTS,123,6,0,5,MLP_ROOT_MCTS,CNN_ROOT_MCTS,MLP_ROOT_MCTS,19,10,9,100000,90000,10,9,1073000,33619400,2951558300,2770536400
fixed_simulations,MLP_ROOT_MCTS_vs_CNN_ROOT_MCTS,123,6,1,5,CNN_ROOT_MCTS,MLP_ROOT_MCTS,DRAW,37,18,19,180000,190000,18,19,1867600,71597800,4543772400,4883544900
fixed_simulations,MLP_ROOT_MCTS_vs_CNN_ROOT_MCTS,123,7,0,6,MLP_ROOT_MCTS,CNN_ROOT_MCTS,CNN_ROOT_MCTS,30,15,15,150000,150000,15,15,1555600,56528400,3616365500,3521554100
fixed_simulations,MLP_ROOT_MCTS_vs_CNN_ROOT_MCTS,123,7,1,6,CNN_ROOT_MCTS,MLP_ROOT_MCTS,CNN_ROOT_MCTS,27,13,14,130000,140000,13,14,1357300,52871400,3095817900,3401060000
fixed_simulations,MLP_ROOT_MCTS_vs_CNN_ROOT_MCTS,123,8,0,4,MLP_ROOT_MCTS,CNN_ROOT_MCTS,MLP_ROOT_MCTS,3,2,1,20000,10000,2,1,191700,3748900,167727300,109356600
fixed_simulations,MLP_ROOT_MCTS_vs_CNN_ROOT_MCTS,123,8,1,4,CNN_ROOT_MCTS,MLP_ROOT_MCTS,CNN_ROOT_MCTS,3,1,2,10000,20000,1,2,105600,7262400,103839300,167713200
fixed_simulations,MLP_ROOT_MCTS_vs_CNN_ROOT_MCTS,123,9,0,5,MLP_ROOT_MCTS,CNN_ROOT_MCTS,DRAW,37,19,18,190000,180000,19,18,1964100,67434600,4467611500,4316364300
fixed_simulations,MLP_ROOT_MCTS_vs_CNN_ROOT_MCTS,123,9,1,5,CNN_ROOT_MCTS,MLP_ROOT_MCTS,CNN_ROOT_MCTS,33,16,17,160000,170000,16,17,1697000,63987500,4306558300,4594752300
fixed_simulations,MLP_ROOT_MCTS_vs_CNN_ROOT_MCTS,123,10,0,4,MLP_ROOT_MCTS,CNN_ROOT_MCTS,MLP_ROOT_MCTS,21,11,10,110000,100000,11,10,1155800,37656300,2559100800,2412295600
fixed_simulations,MLP_ROOT_MCTS_vs_CNN_ROOT_MCTS,123,10,1,4,CNN_ROOT_MCTS,MLP_ROOT_MCTS,MLP_ROOT_MCTS,30,15,15,150000,150000,15,15,1542800,56554400,3015397700,3372878700
fixed_simulations,MLP_ROOT_MCTS_vs_CNN_ROOT_MCTS,123,11,0,5,MLP_ROOT_MCTS,CNN_ROOT_MCTS,MLP_ROOT_MCTS,21,11,10,110000,100000,11,10,1125200,37558100,3088973100,2964705400
fixed_simulations,MLP_ROOT_MCTS_vs_CNN_ROOT_MCTS,123,11,1,5,CNN_ROOT_MCTS,MLP_ROOT_MCTS,MLP_ROOT_MCTS,26,13,13,130000,130000,13,13,1367300,48403100,3357670100,3638856900
fixed_simulations,MLP_ROOT_MCTS_vs_CNN_ROOT_MCTS,123,12,0,3,MLP_ROOT_MCTS,CNN_ROOT_MCTS,CNN_ROOT_MCTS,30,15,15,150000,150000,15,15,1566200,55590700,4163230100,3993638000
fixed_simulations,MLP_ROOT_MCTS_vs_CNN_ROOT_MCTS,123,12,1,3,CNN_ROOT_MCTS,MLP_ROOT_MCTS,MLP_ROOT_MCTS,26,13,13,130000,130000,13,13,1345600,49141500,3891303000,4122385600
fixed_simulations,MLP_ROOT_MCTS_vs_CNN_ROOT_MCTS,123,13,0,6,MLP_ROOT_MCTS,CNN_ROOT_MCTS,MLP_ROOT_MCTS,31,16,15,160000,150000,16,15,1667700,55775300,4017288200,3804433700
fixed_simulations,MLP_ROOT_MCTS_vs_CNN_ROOT_MCTS,123,13,1,6,CNN_ROOT_MCTS,MLP_ROOT_MCTS,MLP_ROOT_MCTS,30,15,15,150000,150000,15,15,1481200,56726300,3848008100,4122471200
fixed_simulations,MLP_ROOT_MCTS_vs_CNN_ROOT_MCTS,123,14,0,4,MLP_ROOT_MCTS,CNN_ROOT_MCTS,CNN_ROOT_MCTS,32,16,16,160000,160000,16,16,1675800,60278800,4462217900,4272665700
fixed_simulations,MLP_ROOT_MCTS_vs_CNN_ROOT_MCTS,123,14,1,4,CNN_ROOT_MCTS,MLP_ROOT_MCTS,MLP_ROOT_MCTS,22,11,11,110000,110000,11,11,1115200,41331700,3144697600,3438637000
fixed_simulations,MLP_ROOT_MCTS_vs_CNN_ROOT_MCTS,123,15,0,6,MLP_ROOT_MCTS,CNN_ROOT_MCTS,MLP_ROOT_MCTS,1,1,0,10000,0,1,0,100000,0,30525500,0
fixed_simulations,MLP_ROOT_MCTS_vs_CNN_ROOT_MCTS,123,15,1,6,CNN_ROOT_MCTS,MLP_ROOT_MCTS,CNN_ROOT_MCTS,1,0,1,0,10000,0,1,0,3625000,0,35449100
fixed_simulations,MLP_ROOT_MCTS_vs_CNN_ROOT_MCTS,123,16,0,6,MLP_ROOT_MCTS,CNN_ROOT_MCTS,MLP_ROOT_MCTS,13,7,6,70000,60000,7,6,732200,22832000,1858033600,1679261700
fixed_simulations,MLP_ROOT_MCTS_vs_CNN_ROOT_MCTS,123,16,1,6,CNN_ROOT_MCTS,MLP_ROOT_MCTS,CNN_ROOT_MCTS,13,6,7,60000,70000,6,7,600700,26306100,1742825600,1960354800
fixed_simulations,MLP_ROOT_MCTS_vs_CNN_ROOT_MCTS,123,17,0,6,MLP_ROOT_MCTS,CNN_ROOT_MCTS,MLP_ROOT_MCTS,3,2,1,20000,10000,2,1,201800,4214600,117733200,78991800
fixed_simulations,MLP_ROOT_MCTS_vs_CNN_ROOT_MCTS,123,17,1,6,CNN_ROOT_MCTS,MLP_ROOT_MCTS,CNN_ROOT_MCTS,3,1,2,10000,20000,1,2,87600,7422300,70274100,142007700
fixed_simulations,MLP_ROOT_MCTS_vs_CNN_ROOT_MCTS,123,18,0,5,MLP_ROOT_MCTS,CNN_ROOT_MCTS,CNN_ROOT_MCTS,22,11,11,110000,110000,11,11,1080500,41506900,3091507200,2875264000
fixed_simulations,MLP_ROOT_MCTS_vs_CNN_ROOT_MCTS,123,18,1,5,CNN_ROOT_MCTS,MLP_ROOT_MCTS,MLP_ROOT_MCTS,22,11,11,110000,110000,11,11,1185500,40775000,2812941300,3065615000
fixed_simulations,MLP_ROOT_MCTS_vs_CNN_ROOT_MCTS,123,19,0,6,MLP_ROOT_MCTS,CNN_ROOT_MCTS,MLP_ROOT_MCTS,31,16,15,160000,150000,16,15,1678500,57559200,3423449600,3157791600
fixed_simulations,MLP_ROOT_MCTS_vs_CNN_ROOT_MCTS,123,19,1,6,CNN_ROOT_MCTS,MLP_ROOT_MCTS,CNN_ROOT_MCTS,27,13,14,130000,140000,13,14,1355400,53474200,3403560700,3749641700
fixed_simulations,MLP_ROOT_MCTS_vs_CNN_ROOT_MCTS,123,20,0,6,MLP_ROOT_MCTS,CNN_ROOT_MCTS,CNN_ROOT_MCTS,26,13,13,130000,130000,13,13,1280100,49679700,2947972500,2804208900
fixed_simulations,MLP_ROOT_MCTS_vs_CNN_ROOT_MCTS,123,20,1,6,CNN_ROOT_MCTS,MLP_ROOT_MCTS,MLP_ROOT_MCTS,26,13,13,130000,130000,13,13,1363400,48971300,2706365800,2999952100
fixed_simulations,MLP_ROOT_MCTS_vs_CNN_ROOT_MCTS,123,21,0,2,MLP_ROOT_MCTS,CNN_ROOT_MCTS,MLP_ROOT_MCTS,33,17,16,170000,160000,17,16,1735400,60488900,5359454900,5065015800
fixed_simulations,MLP_ROOT_MCTS_vs_CNN_ROOT_MCTS,123,21,1,2,CNN_ROOT_MCTS,MLP_ROOT_MCTS,MLP_ROOT_MCTS,34,17,17,170000,170000,17,17,1796500,63754200,4560086100,4902335900
fixed_simulations,MLP_ROOT_MCTS_vs_CNN_ROOT_MCTS,123,22,0,3,MLP_ROOT_MCTS,CNN_ROOT_MCTS,MLP_ROOT_MCTS,17,9,8,90000,80000,9,8,892500,29558600,3045932100,2952799600
fixed_simulations,MLP_ROOT_MCTS_vs_CNN_ROOT_MCTS,123,22,1,3,CNN_ROOT_MCTS,MLP_ROOT_MCTS,CNN_ROOT_MCTS,23,11,12,110000,120000,11,12,1141300,44118100,3752997800,4038579400
fixed_simulations,MLP_ROOT_MCTS_vs_CNN_ROOT_MCTS,123,23,0,4,MLP_ROOT_MCTS,CNN_ROOT_MCTS,MLP_ROOT_MCTS,3,2,1,20000,10000,2,1,200900,3854800,169794000,89478300
fixed_simulations,MLP_ROOT_MCTS_vs_CNN_ROOT_MCTS,123,23,1,4,CNN_ROOT_MCTS,MLP_ROOT_MCTS,CNN_ROOT_MCTS,3,1,2,10000,20000,1,2,104300,7660200,85790000,151998400
fixed_simulations,MLP_ROOT_MCTS_vs_CNN_ROOT_MCTS,123,24,0,4,MLP_ROOT_MCTS,CNN_ROOT_MCTS,MLP_ROOT_MCTS,3,2,1,20000,10000,2,1,212100,4059000,124726100,83807700
fixed_simulations,MLP_ROOT_MCTS_vs_CNN_ROOT_MCTS,123,24,1,4,CNN_ROOT_MCTS,MLP_ROOT_MCTS,CNN_ROOT_MCTS,3,1,2,10000,20000,1,2,105500,7677100,77276700,140388800
fixed_simulations,MLP_ROOT_MCTS_vs_CNN_ROOT_MCTS,123,25,0,2,MLP_ROOT_MCTS,CNN_ROOT_MCTS,MLP_ROOT_MCTS,27,14,13,140000,130000,14,13,1466200,48692400,3935175900,3641301900
fixed_simulations,MLP_ROOT_MCTS_vs_CNN_ROOT_MCTS,123,25,1,2,CNN_ROOT_MCTS,MLP_ROOT_MCTS,MLP_ROOT_MCTS,36,18,18,180000,180000,18,18,1884100,67756400,4609732000,4993058700
fixed_simulations,MLP_ROOT_MCTS_vs_CNN_ROOT_MCTS,123,26,0,3,MLP_ROOT_MCTS,CNN_ROOT_MCTS,CNN_ROOT_MCTS,30,15,15,150000,150000,15,15,1518600,55867100,4082107800,3937794500
fixed_simulations,MLP_ROOT_MCTS_vs_CNN_ROOT_MCTS,123,26,1,3,CNN_ROOT_MCTS,MLP_ROOT_MCTS,DRAW,39,19,20,190000,200000,19,20,1960600,76368500,4745953900,5126249200
fixed_simulations,MLP_ROOT_MCTS_vs_CNN_ROOT_MCTS,123,27,0,6,MLP_ROOT_MCTS,CNN_ROOT_MCTS,CNN_ROOT_MCTS,30,15,15,150000,150000,15,15,1525900,56295800,3645564000,3502110400
fixed_simulations,MLP_ROOT_MCTS_vs_CNN_ROOT_MCTS,123,27,1,6,CNN_ROOT_MCTS,MLP_ROOT_MCTS,MLP_ROOT_MCTS,26,13,13,130000,130000,13,13,1331600,49646300,2939078900,3198584500
fixed_simulations,MLP_ROOT_MCTS_vs_CNN_ROOT_MCTS,123,28,0,5,MLP_ROOT_MCTS,CNN_ROOT_MCTS,DRAW,37,19,18,190000,180000,19,18,1963900,67280600,4421929800,4252435600
fixed_simulations,MLP_ROOT_MCTS_vs_CNN_ROOT_MCTS,123,28,1,5,CNN_ROOT_MCTS,MLP_ROOT_MCTS,CNN_ROOT_MCTS,33,16,17,160000,170000,16,17,1618400,64314200,3952825600,4213584900
fixed_simulations,MLP_ROOT_MCTS_vs_CNN_ROOT_MCTS,123,29,0,6,MLP_ROOT_MCTS,CNN_ROOT_MCTS,CNN_ROOT_MCTS,28,14,14,140000,140000,14,14,1631600,63065600,3816394500,3699119700
fixed_simulations,MLP_ROOT_MCTS_vs_CNN_ROOT_MCTS,123,29,1,6,CNN_ROOT_MCTS,MLP_ROOT_MCTS,CNN_ROOT_MCTS,31,15,16,150000,160000,15,16,1607600,62843200,3832437800,4232888100
fixed_simulations,MLP_ROOT_MCTS_vs_CNN_ROOT_MCTS,123,30,0,6,MLP_ROOT_MCTS,CNN_ROOT_MCTS,DRAW,36,18,18,180000,180000,18,18,1902000,68026500,4268130400,4117532500
fixed_simulations,MLP_ROOT_MCTS_vs_CNN_ROOT_MCTS,123,30,1,6,CNN_ROOT_MCTS,MLP_ROOT_MCTS,DRAW,36,18,18,180000,180000,18,18,1826300,68265800,3992572500,4273676000
fixed_simulations,MLP_ROOT_MCTS_vs_CNN_ROOT_MCTS,123,31,0,4,MLP_ROOT_MCTS,CNN_ROOT_MCTS,CNN_ROOT_MCTS,32,16,16,160000,160000,16,16,1644500,60042800,4605263400,4433403700
fixed_simulations,MLP_ROOT_MCTS_vs_CNN_ROOT_MCTS,123,31,1,4,CNN_ROOT_MCTS,MLP_ROOT_MCTS,CNN_ROOT_MCTS,29,14,15,140000,150000,14,15,1435600,56189500,3995978400,4317127800
fixed_simulations,MLP_ROOT_MCTS_vs_CNN_ROOT_MCTS,123,32,0,4,MLP_ROOT_MCTS,CNN_ROOT_MCTS,MLP_ROOT_MCTS,3,2,1,20000,10000,2,1,205700,3714400,169094000,104654300
fixed_simulations,MLP_ROOT_MCTS_vs_CNN_ROOT_MCTS,123,32,1,4,CNN_ROOT_MCTS,MLP_ROOT_MCTS,CNN_ROOT_MCTS,3,1,2,10000,20000,1,2,103800,7534000,108207500,185725000
fixed_simulations,MLP_ROOT_MCTS_vs_CNN_ROOT_MCTS,123,33,0,2,MLP_ROOT_MCTS,CNN_ROOT_MCTS,MLP_ROOT_MCTS,31,16,15,160000,150000,16,15,1619200,57012300,4074793300,3866473200
fixed_simulations,MLP_ROOT_MCTS_vs_CNN_ROOT_MCTS,123,33,1,2,CNN_ROOT_MCTS,MLP_ROOT_MCTS,CNN_ROOT_MCTS,29,14,15,140000,150000,14,15,1446000,56410200,4326978300,4691929300
fixed_simulations,MLP_ROOT_MCTS_vs_CNN_ROOT_MCTS,123,34,0,4,MLP_ROOT_MCTS,CNN_ROOT_MCTS,CNN_ROOT_MCTS,32,16,16,160000,160000,16,16,1592200,59944700,4571659600,4457922100
fixed_simulations,MLP_ROOT_MCTS_vs_CNN_ROOT_MCTS,123,34,1,4,CNN_ROOT_MCTS,MLP_ROOT_MCTS,MLP_ROOT_MCTS,36,18,18,180000,180000,18,18,1870000,68385200,4888219000,5216797800
fixed_simulations,MLP_ROOT_MCTS_vs_CNN_ROOT_MCTS,123,35,0,6,MLP_ROOT_MCTS,CNN_ROOT_MCTS,CNN_ROOT_MCTS,26,13,13,130000,130000,13,13,1344300,48896300,3320858900,3118129800
fixed_simulations,MLP_ROOT_MCTS_vs_CNN_ROOT_MCTS,123,35,1,6,CNN_ROOT_MCTS,MLP_ROOT_MCTS,MLP_ROOT_MCTS,24,12,12,120000,120000,12,12,1265400,44930900,2914881300,3201188400
fixed_simulations,MLP_ROOT_MCTS_vs_CNN_ROOT_MCTS,123,36,0,6,MLP_ROOT_MCTS,CNN_ROOT_MCTS,CNN_ROOT_MCTS,20,10,10,100000,100000,10,10,1054300,37348900,3177942700,2972146400
fixed_simulations,MLP_ROOT_MCTS_vs_CNN_ROOT_MCTS,123,36,1,6,CNN_ROOT_MCTS,MLP_ROOT_MCTS,DRAW,36,18,18,180000,180000,18,18,2190200,68120400,4110786500,4414557700
fixed_simulations,MLP_ROOT_MCTS_vs_CNN_ROOT_MCTS,123,37,0,4,MLP_ROOT_MCTS,CNN_ROOT_MCTS,DRAW,38,19,19,190000,190000,19,19,1957400,71652200,5508772600,5331392500
fixed_simulations,MLP_ROOT_MCTS_vs_CNN_ROOT_MCTS,123,37,1,4,CNN_ROOT_MCTS,MLP_ROOT_MCTS,CNN_ROOT_MCTS,31,15,16,150000,160000,15,16,1485200,60147500,4381413800,4740504600
fixed_simulations,MLP_ROOT_MCTS_vs_CNN_ROOT_MCTS,123,38,0,6,MLP_ROOT_MCTS,CNN_ROOT_MCTS,MLP_ROOT_MCTS,1,1,0,10000,0,1,0,108200,0,26456600,0
fixed_simulations,MLP_ROOT_MCTS_vs_CNN_ROOT_MCTS,123,38,1,6,CNN_ROOT_MCTS,MLP_ROOT_MCTS,CNN_ROOT_MCTS,1,0,1,0,10000,0,1,0,4171900,0,27395800
fixed_simulations,MLP_ROOT_MCTS_vs_CNN_ROOT_MCTS,123,39,0,6,MLP_ROOT_MCTS,CNN_ROOT_MCTS,CNN_ROOT_MCTS,30,15,15,150000,150000,15,15,1542000,56661400,3451244600,3289716400
fixed_simulations,MLP_ROOT_MCTS_vs_CNN_ROOT_MCTS,123,39,1,6,CNN_ROOT_MCTS,MLP_ROOT_MCTS,CNN_ROOT_MCTS,29,14,15,140000,150000,14,15,1460800,57746800,3211305400,3520685600
fixed_simulations,MLP_ROOT_MCTS_vs_CNN_ROOT_MCTS,123,40,0,2,MLP_ROOT_MCTS,CNN_ROOT_MCTS,CNN_ROOT_MCTS,34,17,17,170000,170000,17,17,1808100,64705900,4641361700,4456682500
fixed_simulations,MLP_ROOT_MCTS_vs_CNN_ROOT_MCTS,123,40,1,2,CNN_ROOT_MCTS,MLP_ROOT_MCTS,CNN_ROOT_MCTS,31,15,16,150000,160000,15,16,1756500,60824100,4900258300,5256325100
fixed_simulations,MLP_ROOT_MCTS_vs_CNN_ROOT_MCTS,123,41,0,5,MLP_ROOT_MCTS,CNN_ROOT_MCTS,CNN_ROOT_MCTS,32,16,16,160000,160000,16,16,1672800,59662900,4220526200,4070066800
fixed_simulations,MLP_ROOT_MCTS_vs_CNN_ROOT_MCTS,123,41,1,5,CNN_ROOT_MCTS,MLP_ROOT_MCTS,CNN_ROOT_MCTS,33,16,17,160000,170000,16,17,1822700,64379200,3897815000,4162390600
fixed_simulations,MLP_ROOT_MCTS_vs_CNN_ROOT_MCTS,123,42,0,2,MLP_ROOT_MCTS,CNN_ROOT_MCTS,MLP_ROOT_MCTS,21,11,10,110000,100000,11,10,1117000,37390500,3243367000,3053023300
fixed_simulations,MLP_ROOT_MCTS_vs_CNN_ROOT_MCTS,123,42,1,2,CNN_ROOT_MCTS,MLP_ROOT_MCTS,MLP_ROOT_MCTS,34,17,17,170000,170000,17,17,1797900,64573700,4504271900,4799741800
fixed_simulations,MLP_ROOT_MCTS_vs_CNN_ROOT_MCTS,123,43,0,6,MLP_ROOT_MCTS,CNN_ROOT_MCTS,CNN_ROOT_MCTS,30,15,15,150000,150000,15,15,1496100,56823600,3739795300,3538877500
fixed_simulations,MLP_ROOT_MCTS_vs_CNN_ROOT_MCTS,123,43,1,6,CNN_ROOT_MCTS,MLP_ROOT_MCTS,MLP_ROOT_MCTS,28,14,14,140000,140000,14,14,1474600,54904900,3116200400,3427697900
fixed_simulations,MLP_ROOT_MCTS_vs_CNN_ROOT_MCTS,123,44,0,2,MLP_ROOT_MCTS,CNN_ROOT_MCTS,CNN_ROOT_MCTS,32,16,16,160000,160000,16,16,1676700,60771400,5134294800,4961525600
fixed_simulations,MLP_ROOT_MCTS_vs_CNN_ROOT_MCTS,123,44,1,2,CNN_ROOT_MCTS,MLP_ROOT_MCTS,MLP_ROOT_MCTS,34,17,17,170000,170000,17,17,1728100,64747100,4643663500,5029327900
fixed_simulations,MLP_ROOT_MCTS_vs_CNN_ROOT_MCTS,123,45,0,5,MLP_ROOT_MCTS,CNN_ROOT_MCTS,CNN_ROOT_MCTS,26,13,13,130000,130000,13,13,3759800,49327000,3653581500,3471433400
fixed_simulations,MLP_ROOT_MCTS_vs_CNN_ROOT_MCTS,123,45,1,5,CNN_ROOT_MCTS,MLP_ROOT_MCTS,MLP_ROOT_MCTS,26,13,13,130000,130000,13,13,1502000,48875000,3627837800,3968541700
fixed_simulations,MLP_ROOT_MCTS_vs_CNN_ROOT_MCTS,123,46,0,4,MLP_ROOT_MCTS,CNN_ROOT_MCTS,MLP_ROOT_MCTS,35,18,17,180000,170000,18,17,1886400,64271300,4235409900,3999433700
fixed_simulations,MLP_ROOT_MCTS_vs_CNN_ROOT_MCTS,123,46,1,4,CNN_ROOT_MCTS,MLP_ROOT_MCTS,MLP_ROOT_MCTS,34,17,17,170000,170000,17,17,1790600,63845400,3927140900,4292492300
fixed_simulations,MLP_ROOT_MCTS_vs_CNN_ROOT_MCTS,123,47,0,3,MLP_ROOT_MCTS,CNN_ROOT_MCTS,MLP_ROOT_MCTS,31,16,15,160000,150000,16,15,1662000,56177700,4775426500,4500186200
fixed_simulations,MLP_ROOT_MCTS_vs_CNN_ROOT_MCTS,123,47,1,3,CNN_ROOT_MCTS,MLP_ROOT_MCTS,CNN_ROOT_MCTS,29,14,15,140000,150000,14,15,1798400,57467600,3908966300,4247022700
fixed_simulations,MLP_ROOT_MCTS_vs_CNN_ROOT_MCTS,123,48,0,3,MLP_ROOT_MCTS,CNN_ROOT_MCTS,MLP_ROOT_MCTS,35,18,17,180000,170000,18,17,1833600,64265900,5229946500,4996328900
fixed_simulations,MLP_ROOT_MCTS_vs_CNN_ROOT_MCTS,123,48,1,3,CNN_ROOT_MCTS,MLP_ROOT_MCTS,CNN_ROOT_MCTS,37,18,19,180000,190000,18,19,1828300,71183000,4877863900,5213751900
fixed_simulations,MLP_ROOT_MCTS_vs_CNN_ROOT_MCTS,123,49,0,3,MLP_ROOT_MCTS,CNN_ROOT_MCTS,CNN_ROOT_MCTS,30,15,15,150000,150000,15,15,1636200,55837900,4260473200,4042802100
fixed_simulations,MLP_ROOT_MCTS_vs_CNN_ROOT_MCTS,123,49,1,3,CNN_ROOT_MCTS,MLP_ROOT_MCTS,MLP_ROOT_MCTS,24,12,12,120000,120000,12,12,1235000,44345200,3036755500,3315404000
fixed_simulations,MLP_ROOT_MCTS_vs_CNN_ROOT_MCTS,777,0,0,6,MLP_ROOT_MCTS,CNN_ROOT_MCTS,MLP_ROOT_MCTS,27,14,13,140000,130000,14,13,1416100,48618800,3314177000,3055530300
fixed_simulations,MLP_ROOT_MCTS_vs_CNN_ROOT_MCTS,777,0,1,6,CNN_ROOT_MCTS,MLP_ROOT_MCTS,CNN_ROOT_MCTS,19,9,10,90000,100000,9,10,891200,37291500,2501965600,2758270900
fixed_simulations,MLP_ROOT_MCTS_vs_CNN_ROOT_MCTS,777,1,0,2,MLP_ROOT_MCTS,CNN_ROOT_MCTS,MLP_ROOT_MCTS,19,10,9,100000,90000,10,9,1042800,34291800,3204375500,2949667300
fixed_simulations,MLP_ROOT_MCTS_vs_CNN_ROOT_MCTS,777,1,1,2,CNN_ROOT_MCTS,MLP_ROOT_MCTS,CNN_ROOT_MCTS,19,9,10,90000,100000,9,10,956200,37801400,2593628500,2867906800
fixed_simulations,MLP_ROOT_MCTS_vs_CNN_ROOT_MCTS,777,2,0,4,MLP_ROOT_MCTS,CNN_ROOT_MCTS,CNN_ROOT_MCTS,28,14,14,140000,140000,14,14,1438800,54793300,3254226600,3069749800
fixed_simulations,MLP_ROOT_MCTS_vs_CNN_ROOT_MCTS,777,2,1,4,CNN_ROOT_MCTS,MLP_ROOT_MCTS,CNN_ROOT_MCTS,27,13,14,130000,140000,13,14,1334800,52892500,3732812700,4081093800
fixed_simulations,MLP_ROOT_MCTS_vs_CNN_ROOT_MCTS,777,3,0,2,MLP_ROOT_MCTS,CNN_ROOT_MCTS,MLP_ROOT_MCTS,33,17,16,170000,160000,17,16,1771400,59949000,4648770800,4406844000
fixed_simulations,MLP_ROOT_MCTS_vs_CNN_ROOT_MCTS,777,3,1,2,CNN_ROOT_MCTS,MLP_ROOT_MCTS,MLP_ROOT_MCTS,34,17,17,170000,170000,17,17,1773700,64155600,4862711700,5258807400
fixed_simulations,MLP_ROOT_MCTS_vs_CNN_ROOT_MCTS,777,4,0,5,MLP_ROOT_MCTS,CNN_ROOT_MCTS,MLP_ROOT_MCTS,31,16,15,160000,150000,16,15,1690400,56975400,3739279900,3527300500
fixed_simulations,MLP_ROOT_MCTS_vs_CNN_ROOT_MCTS,777,4,1,5,CNN_ROOT_MCTS,MLP_ROOT_MCTS,CNN_ROOT_MCTS,15,7,8,70000,80000,7,8,715700,31093800,1840249800,2095768200
fixed_simulations,MLP_ROOT_MCTS_vs_CNN_ROOT_MCTS,777,5,0,2,MLP_ROOT_MCTS,CNN_ROOT_MCTS,CNN_ROOT_MCTS,32,16,16,160000,160000,16,16,1682500,61271800,5517647000,5312634000
fixed_simulations,MLP_ROOT_MCTS_vs_CNN_ROOT_MCTS,777,5,1,2,CNN_ROOT_MCTS,MLP_ROOT_MCTS,CNN_ROOT_MCTS,33,16,17,160000,170000,16,17,1676700,63611500,5094071300,5525431000
fixed_simulations,MLP_ROOT_MCTS_vs_CNN_ROOT_MCTS,777,6,0,6,MLP_ROOT_MCTS,CNN_ROOT_MCTS,MLP_ROOT_MCTS,19,10,9,100000,90000,10,9,1005400,35721100,3016154500,2834464600
fixed_simulations,MLP_ROOT_MCTS_vs_CNN_ROOT_MCTS,777,6,1,6,CNN_ROOT_MCTS,MLP_ROOT_MCTS,CNN_ROOT_MCTS,31,15,16,150000,160000,15,16,1505000,60911400,3491256800,3899524100
fixed_simulations,MLP_ROOT_MCTS_vs_CNN_ROOT_MCTS,777,7,0,6,MLP_ROOT_MCTS,CNN_ROOT_MCTS,MLP_ROOT_MCTS,15,8,7,80000,70000,8,7,797000,26880100,1852033500,1655157200
fixed_simulations,MLP_ROOT_MCTS_vs_CNN_ROOT_MCTS,777,7,1,6,CNN_ROOT_MCTS,MLP_ROOT_MCTS,CNN_ROOT_MCTS,13,6,7,60000,70000,6,7,781400,26636700,1747492900,1902422900
fixed_simulations,MLP_ROOT_MCTS_vs_CNN_ROOT_MCTS,777,8,0,6,MLP_ROOT_MCTS,CNN_ROOT_MCTS,MLP_ROOT_MCTS,31,16,15,160000,150000,16,15,1664100,57449400,4253712600,4044867300
fixed_simulations,MLP_ROOT_MCTS_vs_CNN_ROOT_MCTS,777,8,1,6,CNN_ROOT_MCTS,MLP_ROOT_MCTS,CNN_ROOT_MCTS,27,13,14,130000,140000,13,14,1358300,53060800,3549493100,3881685700
fixed_simulations,MLP_ROOT_MCTS_vs_CNN_ROOT_MCTS,777,9,0,3,MLP_ROOT_MCTS,CNN_ROOT_MCTS,DRAW,39,20,19,200000,190000,20,19,2067100,71431800,5519858800,5367545300
fixed_simulations,MLP_ROOT_MCTS_vs_CNN_ROOT_MCTS,777,9,1,3,CNN_ROOT_MCTS,MLP_ROOT_MCTS,CNN_ROOT_MCTS,37,18,19,180000,190000,18,19,1877600,71363600,4869995200,5205410900
fixed_simulations,MLP_ROOT_MCTS_vs_CNN_ROOT_MCTS,777,10,0,5,MLP_ROOT_MCTS,CNN_ROOT_MCTS,CNN_ROOT_MCTS,18,9,9,90000,90000,9,9,896900,33833800,2807684700,2479600400
fixed_simulations,MLP_ROOT_MCTS_vs_CNN_ROOT_MCTS,777,10,1,5,CNN_ROOT_MCTS,MLP_ROOT_MCTS,MLP_ROOT_MCTS,30,15,15,150000,150000,15,15,1530100,56705400,4045778000,4308785700
fixed_simulations,MLP_ROOT_MCTS_vs_CNN_ROOT_MCTS,777,11,0,5,MLP_ROOT_MCTS,CNN_ROOT_MCTS,MLP_ROOT_MCTS,31,16,15,160000,150000,16,15,1668400,57008000,4338712400,4149912800
fixed_simulations,MLP_ROOT_MCTS_vs_CNN_ROOT_MCTS,777,11,1,5,CNN_ROOT_MCTS,MLP_ROOT_MCTS,CNN_ROOT_MCTS,29,14,15,140000,150000,14,15,1460300,57163800,4023041300,4433705300
fixed_simulations,MLP_ROOT_MCTS_vs_CNN_ROOT_MCTS,777,12,0,3,MLP_ROOT_MCTS,CNN_ROOT_MCTS,CNN_ROOT_MCTS,30,15,15,150000,150000,15,15,1543100,56877400,4430455000,4211890800
fixed_simulations,MLP_ROOT_MCTS_vs_CNN_ROOT_MCTS,777,12,1,3,CNN_ROOT_MCTS,MLP_ROOT_MCTS,CNN_ROOT_MCTS,19,9,10,90000,100000,9,10,916300,39258400,3138984800,3369101000
fixed_simulations,MLP_ROOT_MCTS_vs_CNN_ROOT_MCTS,777,13,0,2,MLP_ROOT_MCTS,CNN_ROOT_MCTS,MLP_ROOT_MCTS,35,18,17,180000,170000,18,17,1833300,63886500,5344211200,5104300400
fixed_simulations,MLP_ROOT_MCTS_vs_CNN_ROOT_MCTS,777,13,1,2,CNN_ROOT_MCTS,MLP_ROOT_MCTS,DRAW,40,20,20,200000,200000,20,20,2095600,76421600,5153571500,5542881000
fixed_simulations,MLP_ROOT_MCTS_vs_CNN_ROOT_MCTS,777,14,0,5,MLP_ROOT_MCTS,CNN_ROOT_MCTS,CNN_ROOT_MCTS,30,15,15,150000,150000,15,15,1554100,56918200,3966795000,3766258300
fixed_simulations,MLP_ROOT_MCTS_vs_CNN_ROOT_MCTS,777,14,1,5,CNN_ROOT_MCTS,MLP_ROOT_MCTS,CNN_ROOT_MCTS,29,14,15,140000,150000,14,15,1458100,56729100,3460835800,3801429500
fixed_simulations,MLP_ROOT_MCTS_vs_CNN_ROOT_MCTS,777,15,0,6,MLP_ROOT_MCTS,CNN_ROOT_MCTS,MLP_ROOT_MCTS,27,14,13,140000,130000,14,13,1442000,49579800,3616946900,3436751200
fixed_simulations,MLP_ROOT_MCTS_vs_CNN_ROOT_MCTS,777,15,1,6,CNN_ROOT_MCTS,MLP_ROOT_MCTS,CNN_ROOT_MCTS,29,14,15,140000,150000,14,15,1408600,56705900,3803329000,4136567600
fixed_simulations,MLP_ROOT_MCTS_vs_CNN_ROOT_MCTS,777,16,0,3,MLP_ROOT_MCTS,CNN_ROOT_MCTS,CNN_ROOT_MCTS,26,13,13,130000,130000,13,13,1319400,48928700,3995841800,3765279200
fixed_simulations,MLP_ROOT_MCTS_vs_CNN_ROOT_MCTS,777,16,1,3,CNN_ROOT_MCTS,MLP_ROOT_MCTS,CNN_ROOT_MCTS,39,19,20,190000,200000,19,20,2022500,76198800,4610641900,4995038200
fixed_simulations,MLP_ROOT_MCTS_vs_CNN_ROOT_MCTS,777,17,0,5,MLP_ROOT_MCTS,CNN_ROOT_MCTS,CNN_ROOT_MCTS,32,16,16,160000,160000,16,16,1695800,60805500,4357913200,4240251300
fixed_simulations,MLP_ROOT_MCTS_vs_CNN_ROOT_MCTS,777,17,1,5,CNN_ROOT_MCTS,MLP_ROOT_MCTS,CNN_ROOT_MCTS,35,17,18,170000,180000,17,18,1783100,69058600,3720803000,4062672500
fixed_simulations,MLP_ROOT_MCTS_vs_CNN_ROOT_MCTS,777,18,0,6,MLP_ROOT_MCTS,CNN_ROOT_MCTS,CNN_ROOT_MCTS,30,15,15,150000,150000,15,15,1580200,56530900,3361832500,3185765700
fixed_simulations,MLP_ROOT_MCTS_vs_CNN_ROOT_MCTS,777,18,1,6,CNN_ROOT_MCTS,MLP_ROOT_MCTS,MLP_ROOT_MCTS,28,14,14,140000,140000,14,14,1422000,52904500,3005049100,3256768600
fixed_simulations,MLP_ROOT_MCTS_vs_CNN_ROOT_MCTS,777,19,0,6,MLP_ROOT_MCTS,CNN_ROOT_MCTS,CNN_ROOT_MCTS,28,14,14,140000,140000,14,14,1460000,53213700,3679040800,3509616700
fixed_simulations,MLP_ROOT_MCTS_vs_CNN_ROOT_MCTS,777,19,1,6,CNN_ROOT_MCTS,MLP_ROOT_MCTS,CNN_ROOT_MCTS,25,12,13,120000,130000,12,13,1251600,49129400,3516713600,3824202000
fixed_simulations,MLP_ROOT_MCTS_vs_CNN_ROOT_MCTS,777,20,0,2,MLP_ROOT_MCTS,CNN_ROOT_MCTS,DRAW,40,20,20,200000,200000,20,20,2036400,75776800,5259764400,5081478900
fixed_simulations,MLP_ROOT_MCTS_vs_CNN_ROOT_MCTS,777,20,1,2,CNN_ROOT_MCTS,MLP_ROOT_MCTS,MLP_ROOT_MCTS,34,17,17,170000,170000,17,17,1828100,64604100,4641618000,4966264800
fixed_simulations,MLP_ROOT_MCTS_vs_CNN_ROOT_MCTS,777,21,0,6,MLP_ROOT_MCTS,CNN_ROOT_MCTS,MLP_ROOT_MCTS,29,15,14,150000,140000,15,14,1595900,53837400,3548309300,3334456300
fixed_simulations,MLP_ROOT_MCTS_vs_CNN_ROOT_MCTS,777,21,1,6,CNN_ROOT_MCTS,MLP_ROOT_MCTS,MLP_ROOT_MCTS,22,11,11,110000,110000,11,11,1111700,42489000,2999182500,3369192700
fixed_simulations,MLP_ROOT_MCTS_vs_CNN_ROOT_MCTS,777,22,0,6,MLP_ROOT_MCTS,CNN_ROOT_MCTS,MLP_ROOT_MCTS,23,12,11,120000,110000,12,11,1210700,41538300,3319622100,3137475200
fixed_simulations,MLP_ROOT_MCTS_vs_CNN_ROOT_MCTS,777,22,1,6,CNN_ROOT_MCTS,MLP_ROOT_MCTS,CNN_ROOT_MCTS,17,8,9,80000,90000,8,9,841900,33972600,2326738700,2547824300
fixed_simulations,MLP_ROOT_MCTS_vs_CNN_ROOT_MCTS,777,23,0,3,MLP_ROOT_MCTS,CNN_ROOT_MCTS,CNN_ROOT_MCTS,32,16,16,160000,160000,16,16,1616900,60289400,4874075900,4663338100
fixed_simulations,MLP_ROOT_MCTS_vs_CNN_ROOT_MCTS,777,23,1,3,CNN_ROOT_MCTS,MLP_ROOT_MCTS,CNN_ROOT_MCTS,31,15,16,150000,160000,15,16,1621300,61487200,4218543000,4550463700
fixed_simulations,MLP_ROOT_MCTS_vs_CNN_ROOT_MCTS,777,24,0,4,MLP_ROOT_MCTS,CNN_ROOT_MCTS,MLP_ROOT_MCTS,35,18,17,180000,170000,18,17,1887200,64568200,4753756300,4542121900
fixed_simulations,MLP_ROOT_MCTS_vs_CNN_ROOT_MCTS,777,24,1,4,CNN_ROOT_MCTS,MLP_ROOT_MCTS,CNN_ROOT_MCTS,33,16,17,160000,170000,16,17,1639800,63829100,4035053200,4488967200
fixed_simulations,MLP_ROOT_MCTS_vs_CNN_ROOT_MCTS,777,25,0,6,MLP_ROOT_MCTS,CNN_ROOT_MCTS,MLP_ROOT_MCTS,27,14,13,140000,130000,14,13,1386100,51054600,3893448900,3643184400
fixed_simulations,MLP_ROOT_MCTS_vs_CNN_ROOT_MCTS,777,25,1,6,CNN_ROOT_MCTS,MLP_ROOT_MCTS,CNN_ROOT_MCTS,29,14,15,140000,150000,14,15,1472100,57061500,3695910600,4005278800
fixed_simulations,MLP_ROOT_MCTS_vs_CNN_ROOT_MCTS,777,26,0,4,MLP_ROOT_MCTS,CNN_ROOT_MCTS,CNN_ROOT_MCTS,32,16,16,160000,160000,16,16,1659000,61433200,3983404100,3808817100
fixed_simulations,MLP_ROOT_MCTS_vs_CNN_ROOT_MCTS,777,26,1,4,CNN_ROOT_MCTS,MLP_ROOT_MCTS,CNN_ROOT_MCTS,11,5,6,50000,60000,5,6,505900,22239700,1017751200,1236623100
fixed_simulations,MLP_ROOT_MCTS_vs_CNN_ROOT_MCTS,777,27,0,3,MLP_ROOT_MCTS,CNN_ROOT_MCTS,CNN_ROOT_MCTS,30,15,15,150000,150000,15,15,1490500,57502900,4291477300,4169818900
fixed_simulations,MLP_ROOT_MCTS_vs_CNN_ROOT_MCTS,777,27,1,3,CNN_ROOT_MCTS,MLP_ROOT_MCTS,CNN_ROOT_MCTS,31,15,16,150000,160000,15,16,1562000,60640200,4209550300,4559696600
fixed_simulations,MLP_ROOT_MCTS_vs_CNN_ROOT_MCTS,777,28,0,3,MLP_ROOT_MCTS,CNN_ROOT_MCTS,DRAW,39,20,19,200000,190000,20,19,2080400,71631900,5254975000,5093639800
fixed_simulations,MLP_ROOT_MCTS_vs_CNN_ROOT_MCTS,777,28,1,3,CNN_ROOT_MCTS,MLP_ROOT_MCTS,DRAW,39,19,20,190000,200000,19,20,1985900,75329200,5043319600,5383401500
fixed_simulations,MLP_ROOT_MCTS_vs_CNN_ROOT_MCTS,777,29,0,2,MLP_ROOT_MCTS,CNN_ROOT_MCTS,CNN_ROOT_MCTS,32,16,16,160000,160000,16,16,1637600,59975200,4867999600,4613028400
fixed_simulations,MLP_ROOT_MCTS_vs_CNN_ROOT_MCTS,777,29,1,2,CNN_ROOT_MCTS,MLP_ROOT_MCTS,MLP_ROOT_MCTS,36,18,18,180000,180000,18,18,1907300,68461800,4274465400,4632866000
fixed_simulations,MLP_ROOT_MCTS_vs_CNN_ROOT_MCTS,777,30,0,4,MLP_ROOT_MCTS,CNN_ROOT_MCTS,MLP_ROOT_MCTS,31,16,15,160000,150000,16,15,1593600,56901700,4454283700,4215631400
fixed_simulations,MLP_ROOT_MCTS_vs_CNN_ROOT_MCTS,777,30,1,4,CNN_ROOT_MCTS,MLP_ROOT_MCTS,CNN_ROOT_MCTS,19,9,10,90000,100000,9,10,907800,37771900,2471075900,2792528500
fixed_simulations,MLP_ROOT_MCTS_vs_CNN_ROOT_MCTS,777,31,0,2,MLP_ROOT_MCTS,CNN_ROOT_MCTS,MLP_ROOT_MCTS,35,18,17,180000,170000,18,17,1885700,64544400,4510125200,4254410600
fixed_simulations,MLP_ROOT_MCTS_vs_CNN_ROOT_MCTS,777,31,1,2,CNN_ROOT_MCTS,MLP_ROOT_MCTS,MLP_ROOT_MCTS,32,16,16,160000,160000,16,16,1678000,61295700,3997832000,4309104000
fixed_simulations,MLP_ROOT_MCTS_vs_CNN_ROOT_MCTS,777,32,0,4,MLP_ROOT_MCTS,CNN_ROOT_MCTS,MLP_ROOT_MCTS,3,2,1,20000,10000,2,1,201700,3634200,122476200,69255300
fixed_simulations,MLP_ROOT_MCTS_vs_CNN_ROOT_MCTS,777,32,1,4,CNN_ROOT_MCTS,MLP_ROOT_MCTS,CNN_ROOT_MCTS,3,1,2,10000,20000,1,2,106700,7372900,67824000,139133600
fixed_simulations,MLP_ROOT_MCTS_vs_CNN_ROOT_MCTS,777,33,0,6,MLP_ROOT_MCTS,CNN_ROOT_MCTS,CNN_ROOT_MCTS,32,16,16,160000,160000,16,16,1693100,61326800,3772631400,3620934100
fixed_simulations,MLP_ROOT_MCTS_vs_CNN_ROOT_MCTS,777,33,1,6,CNN_ROOT_MCTS,MLP_ROOT_MCTS,MLP_ROOT_MCTS,30,15,15,150000,150000,15,15,1577300,56752200,3863423200,4166675300
fixed_simulations,MLP_ROOT_MCTS_vs_CNN_ROOT_MCTS,777,34,0,2,MLP_ROOT_MCTS,CNN_ROOT_MCTS,MLP_ROOT_MCTS,37,19,18,190000,180000,19,18,1927400,67080600,4594920700,4398772900
fixed_simulations,MLP_ROOT_MCTS_vs_CNN_ROOT_MCTS,777,34,1,2,CNN_ROOT_MCTS,MLP_ROOT_MCTS,CNN_ROOT_MCTS,27,13,14,130000,140000,13,14,1329800,52796700,4019304600,4324165200
fixed_simulations,MLP_ROOT_MCTS_vs_CNN_ROOT_MCTS,777,35,0,6,MLP_ROOT_MCTS,CNN_ROOT_MCTS,MLP_ROOT_MCTS,31,16,15,160000,150000,16,15,1683900,56632800,4075592000,3854033400
fixed_simulations,MLP_ROOT_MCTS_vs_CNN_ROOT_MCTS,777,35,1,6,CNN_ROOT_MCTS,MLP_ROOT_MCTS,MLP_ROOT_MCTS,32,16,16,160000,160000,16,16,1656700,61199100,3676167900,3955924800
fixed_simulations,MLP_ROOT_MCTS_vs_CNN_ROOT_MCTS,777,36,0,4,MLP_ROOT_MCTS,CNN_ROOT_MCTS,CNN_ROOT_MCTS,32,16,16,160000,160000,16,16,1677200,62063400,4255359500,4096408700
fixed_simulations,MLP_ROOT_MCTS_vs_CNN_ROOT_MCTS,777,36,1,4,CNN_ROOT_MCTS,MLP_ROOT_MCTS,DRAW,38,19,19,190000,190000,19,19,1992900,73930400,4352720000,4702370600
fixed_simulations,MLP_ROOT_MCTS_vs_CNN_ROOT_MCTS,777,37,0,5,MLP_ROOT_MCTS,CNN_ROOT_MCTS,MLP_ROOT_MCTS,21,11,10,110000,100000,11,10,1141300,37716500,3143720000,2915571200
fixed_simulations,MLP_ROOT_MCTS_vs_CNN_ROOT_MCTS,777,37,1,5,CNN_ROOT_MCTS,MLP_ROOT_MCTS,MLP_ROOT_MCTS,30,15,15,150000,150000,15,15,1603600,58055600,3592505600,3903202600
fixed_simulations,MLP_ROOT_MCTS_vs_CNN_ROOT_MCTS,777,38,0,6,MLP_ROOT_MCTS,CNN_ROOT_MCTS,CNN_ROOT_MCTS,24,12,12,120000,120000,12,12,1310000,47647800,3293693100,3104094500
fixed_simulations,MLP_ROOT_MCTS_vs_CNN_ROOT_MCTS,777,38,1,6,CNN_ROOT_MCTS,MLP_ROOT_MCTS,MLP_ROOT_MCTS,30,15,15,150000,150000,15,15,1560200,57407300,3172856400,3439686800
fixed_simulations,MLP_ROOT_MCTS_vs_CNN_ROOT_MCTS,777,39,0,4,MLP_ROOT_MCTS,CNN_ROOT_MCTS,MLP_ROOT_MCTS,35,18,17,180000,170000,18,17,1901400,64690100,4036317600,3810333300
fixed_simulations,MLP_ROOT_MCTS_vs_CNN_ROOT_MCTS,777,39,1,4,CNN_ROOT_MCTS,MLP_ROOT_MCTS,CNN_ROOT_MCTS,33,16,17,160000,170000,16,17,1650800,64954500,3774704400,4118366700
fixed_simulations,MLP_ROOT_MCTS_vs_CNN_ROOT_MCTS,777,40,0,2,MLP_ROOT_MCTS,CNN_ROOT_MCTS,MLP_ROOT_MCTS,33,17,16,170000,160000,17,16,1756600,61550600,5064850100,4850549800
fixed_simulations,MLP_ROOT_MCTS_vs_CNN_ROOT_MCTS,777,40,1,2,CNN_ROOT_MCTS,MLP_ROOT_MCTS,DRAW,40,20,20,200000,200000,20,20,2124400,76096600,5004254300,5324696900
fixed_simulations,MLP_ROOT_MCTS_vs_CNN_ROOT_MCTS,777,41,0,4,MLP_ROOT_MCTS,CNN_ROOT_MCTS,MLP_ROOT_MCTS,29,15,14,150000,140000,15,14,4108800,52614400,4182876700,3918712500
fixed_simulations,MLP_ROOT_MCTS_vs_CNN_ROOT_MCTS,777,41,1,4,CNN_ROOT_MCTS,MLP_ROOT_MCTS,MLP_ROOT_MCTS,28,14,14,140000,140000,14,14,1469500,53489700,3780666300,4133696400
fixed_simulations,MLP_ROOT_MCTS_vs_CNN_ROOT_MCTS,777,42,0,3,MLP_ROOT_MCTS,CNN_ROOT_MCTS,MLP_ROOT_MCTS,31,16,15,160000,150000,16,15,1652700,57100400,4859639600,4637217400
fixed_simulations,MLP_ROOT_MCTS_vs_CNN_ROOT_MCTS,777,42,1,3,CNN_ROOT_MCTS,MLP_ROOT_MCTS,CNN_ROOT_MCTS,31,15,16,150000,160000,15,16,1568200,60244300,4359473400,4718439900
fixed_simulations,MLP_ROOT_MCTS_vs_CNN_ROOT_MCTS,777,43,0,6,MLP_ROOT_MCTS,CNN_ROOT_MCTS,MLP_ROOT_MCTS,1,1,0,10000,0,1,0,97900,0,25723800,0
fixed_simulations,MLP_ROOT_MCTS_vs_CNN_ROOT_MCTS,777,43,1,6,CNN_ROOT_MCTS,MLP_ROOT_MCTS,CNN_ROOT_MCTS,1,0,1,0,10000,0,1,0,3997300,0,30795400
fixed_simulations,MLP_ROOT_MCTS_vs_CNN_ROOT_MCTS,777,44,0,4,MLP_ROOT_MCTS,CNN_ROOT_MCTS,CNN_ROOT_MCTS,36,18,18,180000,180000,18,18,1868800,68798900,4048964500,3942320500
fixed_simulations,MLP_ROOT_MCTS_vs_CNN_ROOT_MCTS,777,44,1,4,CNN_ROOT_MCTS,MLP_ROOT_MCTS,CNN_ROOT_MCTS,31,15,16,150000,160000,15,16,1612100,59767900,3756351000,4080273400
fixed_simulations,MLP_ROOT_MCTS_vs_CNN_ROOT_MCTS,777,45,0,2,MLP_ROOT_MCTS,CNN_ROOT_MCTS,DRAW,40,20,20,200000,200000,20,20,2057500,75174000,5834934300,5645402100
fixed_simulations,MLP_ROOT_MCTS_vs_CNN_ROOT_MCTS,777,45,1,2,CNN_ROOT_MCTS,MLP_ROOT_MCTS,MLP_ROOT_MCTS,34,17,17,170000,170000,17,17,1785900,65407100,4114656000,4442197900
fixed_simulations,MLP_ROOT_MCTS_vs_CNN_ROOT_MCTS,777,46,0,3,MLP_ROOT_MCTS,CNN_ROOT_MCTS,MLP_ROOT_MCTS,35,18,17,180000,170000,18,17,2104500,64251200,4771844500,4565563900
fixed_simulations,MLP_ROOT_MCTS_vs_CNN_ROOT_MCTS,777,46,1,3,CNN_ROOT_MCTS,MLP_ROOT_MCTS,MLP_ROOT_MCTS,32,16,16,160000,160000,16,16,1662400,60077400,3899954700,4204195500
fixed_simulations,MLP_ROOT_MCTS_vs_CNN_ROOT_MCTS,777,47,0,5,MLP_ROOT_MCTS,CNN_ROOT_MCTS,MLP_ROOT_MCTS,19,10,9,100000,90000,10,9,1100900,33532200,3149147000,2963614300
fixed_simulations,MLP_ROOT_MCTS_vs_CNN_ROOT_MCTS,777,47,1,5,CNN_ROOT_MCTS,MLP_ROOT_MCTS,CNN_ROOT_MCTS,31,15,16,150000,160000,15,16,1588800,60786400,3865734900,4205797400
fixed_simulations,MLP_ROOT_MCTS_vs_CNN_ROOT_MCTS,777,48,0,3,MLP_ROOT_MCTS,CNN_ROOT_MCTS,MLP_ROOT_MCTS,31,16,15,160000,150000,16,15,1685800,56974200,3969982800,3783201800
fixed_simulations,MLP_ROOT_MCTS_vs_CNN_ROOT_MCTS,777,48,1,3,CNN_ROOT_MCTS,MLP_ROOT_MCTS,CNN_ROOT_MCTS,13,6,7,60000,70000,6,7,647100,26452700,1421715200,1648485000
fixed_simulations,MLP_ROOT_MCTS_vs_CNN_ROOT_MCTS,777,49,0,2,MLP_ROOT_MCTS,CNN_ROOT_MCTS,MLP_ROOT_MCTS,33,17,16,170000,160000,17,16,1684100,59993700,5276480500,5022971000
fixed_simulations,MLP_ROOT_MCTS_vs_CNN_ROOT_MCTS,777,49,1,2,CNN_ROOT_MCTS,MLP_ROOT_MCTS,CNN_ROOT_MCTS,33,16,17,160000,170000,16,17,1666600,63851400,4803224600,5194955100
fixed_time_100ms,UCT_MCTS_vs_MLP_ROOT_MCTS,42,0,0,4,UCT_MCTS,MLP_ROOT_MCTS,MLP_ROOT_MCTS,30,15,15,72381,82660,0,15,0,1612400,1565232700,1560939500
fixed_time_100ms,UCT_MCTS_vs_MLP_ROOT_MCTS,42,0,1,4,MLP_ROOT_MCTS,UCT_MCTS,UCT_MCTS,30,15,15,106353,82825,0,15,0,1556500,1561326900,1563432900
fixed_time_100ms,UCT_MCTS_vs_MLP_ROOT_MCTS,42,1,0,6,UCT_MCTS,MLP_ROOT_MCTS,MLP_ROOT_MCTS,32,16,16,105392,160919,0,16,0,1866500,1662732000,1660154900
fixed_time_100ms,UCT_MCTS_vs_MLP_ROOT_MCTS,42,1,1,6,MLP_ROOT_MCTS,UCT_MCTS,MLP_ROOT_MCTS,13,6,7,31093,68959,0,7,0,748300,628889400,730085200
fixed_time_100ms,UCT_MCTS_vs_MLP_ROOT_MCTS,42,2,0,2,UCT_MCTS,MLP_ROOT_MCTS,UCT_MCTS,31,16,15,183487,138299,0,15,0,1570900,1648031900,1552974100
fixed_time_100ms,UCT_MCTS_vs_MLP_ROOT_MCTS,42,2,1,2,MLP_ROOT_MCTS,UCT_MCTS,MLP_ROOT_MCTS,15,7,8,40017,83578,0,8,0,788300,730134400,829338300
fixed_time_100ms,UCT_MCTS_vs_MLP_ROOT_MCTS,42,3,0,6,UCT_MCTS,MLP_ROOT_MCTS,MLP_ROOT_MCTS,28,14,14,123885,169557,0,14,0,1468800,1453549900,1450451500
fixed_time_100ms,UCT_MCTS_vs_MLP_ROOT_MCTS,42,3,1,6,MLP_ROOT_MCTS,UCT_MCTS,UCT_MCTS,30,15,15,177821,142103,0,15,0,1603800,1549855700,1553002700
fixed_time_100ms,UCT_MCTS_vs_MLP_ROOT_MCTS,42,4,0,5,UCT_MCTS,MLP_ROOT_MCTS,MLP_ROOT_MCTS,26,13,13,72529,86268,0,13,0,1493200,1354205300,1350697900
fixed_time_100ms,UCT_MCTS_vs_MLP_ROOT_MCTS,42,4,1,5,MLP_ROOT_MCTS,UCT_MCTS,UCT_MCTS,22,11,11,101284,57868,0,11,0,1140000,1147461400,1152391700
fixed_time_100ms,UCT_MCTS_vs_MLP_ROOT_MCTS,42,5,0,5,UCT_MCTS,MLP_ROOT_MCTS,MLP_ROOT_MCTS,18,9,9,65314,106522,0,9,0,910300,935703900,932840800
fixed_time_100ms,UCT_MCTS_vs_MLP_ROOT_MCTS,42,5,1,5,MLP_ROOT_MCTS,UCT_MCTS,UCT_MCTS,14,7,7,86398,45448,0,7,0,745200,729885100,733357400
fixed_time_100ms,UCT_MCTS_vs_MLP_ROOT_MCTS,42,6,0,2,UCT_MCTS,MLP_ROOT_MCTS,MLP_ROOT_MCTS,38,19,19,126246,175098,0,19,0,1968500,1963690800,1962455400
fixed_time_100ms,UCT_MCTS_vs_MLP_ROOT_MCTS,42,6,1,2,MLP_ROOT_MCTS,UCT_MCTS,UCT_MCTS,36,18,18,165512,105820,0,18,0,1854800,1861675600,1864146500
fixed_time_100ms,UCT_MCTS_vs_MLP_ROOT_MCTS,42,7,0,5,UCT_MCTS,MLP_ROOT_MCTS,MLP_ROOT_MCTS,24,12,12,63852,74735,0,12,0,1241900,1258581200,1256909300
fixed_time_100ms,UCT_MCTS_vs_MLP_ROOT_MCTS,42,7,1,5,MLP_ROOT_MCTS,UCT_MCTS,MLP_ROOT_MCTS,33,16,17,121151,172782,0,17,0,1766300,1654360500,1755705900
fixed_time_100ms,UCT_MCTS_vs_MLP_ROOT_MCTS,42,8,0,6,UCT_MCTS,MLP_ROOT_MCTS,UCT_MCTS,1,1,0,64902,0,0,0,0,0,100262000,0
fixed_time_100ms,UCT_MCTS_vs_MLP_ROOT_MCTS,42,8,1,6,MLP_ROOT_MCTS,UCT_MCTS,MLP_ROOT_MCTS,1,0,1,0,60728,0,1,0,107100,0,100230200
fixed_time_100ms,UCT_MCTS_vs_MLP_ROOT_MCTS,42,9,0,6,UCT_MCTS,MLP_ROOT_MCTS,UCT_MCTS,13,7,6,85424,35482,0,6,0,643600,729540900,626512300
fixed_time_100ms,UCT_MCTS_vs_MLP_ROOT_MCTS,42,9,1,6,MLP_ROOT_MCTS,UCT_MCTS,UCT_MCTS,30,15,15,112935,74573,0,15,0,1549200,1552781500,1556653200
fixed_time_100ms,UCT_MCTS_vs_MLP_ROOT_MCTS,42,10,0,3,UCT_MCTS,MLP_ROOT_MCTS,UCT_MCTS,33,17,16,176468,119461,0,16,0,1688200,1759875900,1658475600
fixed_time_100ms,UCT_MCTS_vs_MLP_ROOT_MCTS,42,10,1,3,MLP_ROOT_MCTS,UCT_MCTS,UCT_MCTS,30,15,15,180383,134452,0,15,0,1564800,1555057200,1557566100
fixed_time_100ms,UCT_MCTS_vs_MLP_ROOT_MCTS,42,11,0,3,UCT_MCTS,MLP_ROOT_MCTS,MLP_ROOT_MCTS,22,11,11,69116,109456,0,11,0,1151100,1147812900,1143493100
fixed_time_100ms,UCT_MCTS_vs_MLP_ROOT_MCTS,42,11,1,3,MLP_ROOT_MCTS,UCT_MCTS,UCT_MCTS,14,7,7,83299,37988,0,7,0,724500,725715600,728809900
fixed_time_100ms,UCT_MCTS_vs_MLP_ROOT_MCTS,42,12,0,2,UCT_MCTS,MLP_ROOT_MCTS,MLP_ROOT_MCTS,36,18,18,172897,207968,0,18,0,1933700,1866447200,1863557200
fixed_time_100ms,UCT_MCTS_vs_MLP_ROOT_MCTS,42,12,1,2,MLP_ROOT_MCTS,UCT_MCTS,UCT_MCTS,32,16,16,113773,98230,0,16,0,1688000,1656511700,1658830700
fixed_time_100ms,UCT_MCTS_vs_MLP_ROOT_MCTS,42,13,0,2,UCT_MCTS,MLP_ROOT_MCTS,MLP_ROOT_MCTS,34,17,17,102343,165040,0,17,0,1720100,1764884700,1761201800
fixed_time_100ms,UCT_MCTS_vs_MLP_ROOT_MCTS,42,13,1,2,MLP_ROOT_MCTS,UCT_MCTS,UCT_MCTS,32,16,16,170857,120386,0,16,0,1923000,1651556500,1654677300
fixed_time_100ms,UCT_MCTS_vs_MLP_ROOT_MCTS,42,14,0,2,UCT_MCTS,MLP_ROOT_MCTS,UCT_MCTS,31,16,15,114340,96227,0,15,0,1610100,1663818200,1563207500
fixed_time_100ms,UCT_MCTS_vs_MLP_ROOT_MCTS,42,14,1,2,MLP_ROOT_MCTS,UCT_MCTS,UCT_MCTS,34,17,17,173778,116478,0,17,0,1856000,1754400800,1761334100
fixed_time_100ms,UCT_MCTS_vs_MLP_ROOT_MCTS,42,15,0,2,UCT_MCTS,MLP_ROOT_MCTS,UCT_MCTS,23,12,11,103482,60191,0,11,0,1120400,1245351800,1146676900
fixed_time_100ms,UCT_MCTS_vs_MLP_ROOT_MCTS,42,15,1,2,MLP_ROOT_MCTS,UCT_MCTS,MLP_ROOT_MCTS,27,13,14,66325,106230,0,14,0,1396500,1360044500,1461893400
fixed_time_100ms,UCT_MCTS_vs_MLP_ROOT_MCTS,42,16,0,5,UCT_MCTS,MLP_ROOT_MCTS,UCT_MCTS,3,2,1,66677,19052,0,1,0,150100,203394600,102435500
fixed_time_100ms,UCT_MCTS_vs_MLP_ROOT_MCTS,42,16,1,5,MLP_ROOT_MCTS,UCT_MCTS,MLP_ROOT_MCTS,3,1,2,22456,64505,0,2,0,218500,101837000,202990500
fixed_time_100ms,UCT_MCTS_vs_MLP_ROOT_MCTS,42,17,0,4,UCT_MCTS,MLP_ROOT_MCTS,UCT_MCTS,31,16,15,183469,131792,0,15,0,1773000,1647680700,1547907400
fixed_time_100ms,UCT_MCTS_vs_MLP_ROOT_MCTS,42,17,1,4,MLP_ROOT_MCTS,UCT_MCTS,UCT_MCTS,26,13,13,102913,89870,0,13,0,1371500,1345280700,1348969600
fixed_time_100ms,UCT_MCTS_vs_MLP_ROOT_MCTS,42,18,0,2,UCT_MCTS,MLP_ROOT_MCTS,MLP_ROOT_MCTS,32,16,16,128287,176434,0,16,0,1687700,1660933600,1658756000
fixed_time_100ms,UCT_MCTS_vs_MLP_ROOT_MCTS,42,18,1,2,MLP_ROOT_MCTS,UCT_MCTS,UCT_MCTS,32,16,16,101864,88236,0,16,0,1684200,1653364900,1657481400
fixed_time_100ms,UCT_MCTS_vs_MLP_ROOT_MCTS,42,19,0,2,UCT_MCTS,MLP_ROOT_MCTS,MLP_ROOT_MCTS,36,18,18,123873,174688,0,18,0,1954100,1864412500,1861787000
fixed_time_100ms,UCT_MCTS_vs_MLP_ROOT_MCTS,42,19,1,2,MLP_ROOT_MCTS,UCT_MCTS,UCT_MCTS,26,13,13,117023,77498,0,13,0,1399400,1354301100,1355454600
fixed_time_100ms,UCT_MCTS_vs_MLP_ROOT_MCTS,42,20,0,5,UCT_MCTS,MLP_ROOT_MCTS,UCT_MCTS,3,2,1,68530,14928,0,1,0,108000,203711300,102910800
fixed_time_100ms,UCT_MCTS_vs_MLP_ROOT_MCTS,42,20,1,5,MLP_ROOT_MCTS,UCT_MCTS,MLP_ROOT_MCTS,3,1,2,16683,53970,0,2,0,195400,103833000,204330800
fixed_time_100ms,UCT_MCTS_vs_MLP_ROOT_MCTS,42,21,0,6,UCT_MCTS,MLP_ROOT_MCTS,UCT_MCTS,3,2,1,72552,18458,0,1,0,107600,202835600,102414600
fixed_time_100ms,UCT_MCTS_vs_MLP_ROOT_MCTS,42,21,1,6,MLP_ROOT_MCTS,UCT_MCTS,MLP_ROOT_MCTS,3,1,2,19063,61216,0,2,0,205600,102552100,203393800
fixed_time_100ms,UCT_MCTS_vs_MLP_ROOT_MCTS,42,22,0,5,UCT_MCTS,MLP_ROOT_MCTS,MLP_ROOT_MCTS,32,16,16,112710,156682,0,16,0,1660800,1653306700,1650654600
fixed_time_100ms,UCT_MCTS_vs_MLP_ROOT_MCTS,42,22,1,5,MLP_ROOT_MCTS,UCT_MCTS,MLP_ROOT_MCTS,31,15,16,129578,181070,0,16,0,1689600,1551090300,1651596100
fixed_time_100ms,UCT_MCTS_vs_MLP_ROOT_MCTS,42,23,0,3,UCT_MCTS,MLP_ROOT_MCTS,MLP_ROOT_MCTS,30,15,15,83528,91066,0,15,0,1610300,1566417500,1562124900
fixed_time_100ms,UCT_MCTS_vs_MLP_ROOT_MCTS,42,23,1,3,MLP_ROOT_MCTS,UCT_MCTS,UCT_MCTS,34,17,17,167692,112173,0,17,0,1808800,1763795900,1765200400
fixed_time_100ms,UCT_MCTS_vs_MLP_ROOT_MCTS,42,24,0,3,UCT_MCTS,MLP_ROOT_MCTS,UCT_MCTS,31,16,15,171100,115989,0,15,0,1552600,1659736600,1554818400
fixed_time_100ms,UCT_MCTS_vs_MLP_ROOT_MCTS,42,24,1,3,MLP_ROOT_MCTS,UCT_MCTS,UCT_MCTS,24,12,12,105785,61639,0,12,0,1291800,1257242400,1257118200
fixed_time_100ms,UCT_MCTS_vs_MLP_ROOT_MCTS,42,25,0,3,UCT_MCTS,MLP_ROOT_MCTS,MLP_ROOT_MCTS,16,8,8,60806,101785,0,8,0,832000,835764500,831295900
fixed_time_100ms,UCT_MCTS_vs_MLP_ROOT_MCTS,42,25,1,3,MLP_ROOT_MCTS,UCT_MCTS,MLP_ROOT_MCTS,31,15,16,143283,186044,0,16,0,1894800,1558286300,1659992800
fixed_time_100ms,UCT_MCTS_vs_MLP_ROOT_MCTS,42,26,0,4,UCT_MCTS,MLP_ROOT_MCTS,UCT_MCTS,27,14,13,106446,88114,0,13,0,1697600,1456448400,1357369800
fixed_time_100ms,UCT_MCTS_vs_MLP_ROOT_MCTS,42,26,1,4,MLP_ROOT_MCTS,UCT_MCTS,MLP_ROOT_MCTS,29,14,15,82777,93662,0,15,0,1561700,1461739400,1563653400
fixed_time_100ms,UCT_MCTS_vs_MLP_ROOT_MCTS,42,27,0,6,UCT_MCTS,MLP_ROOT_MCTS,MLP_ROOT_MCTS,16,8,8,50941,85240,0,8,0,811000,835995200,832235100
fixed_time_100ms,UCT_MCTS_vs_MLP_ROOT_MCTS,42,27,1,6,MLP_ROOT_MCTS,UCT_MCTS,UCT_MCTS,32,16,16,182597,128288,0,16,0,1674300,1648399700,1651902200
fixed_time_100ms,UCT_MCTS_vs_MLP_ROOT_MCTS,42,28,0,4,UCT_MCTS,MLP_ROOT_MCTS,MLP_ROOT_MCTS,38,19,19,171547,213283,0,19,0,2033900,1957118200,1953968200
fixed_time_100ms,UCT_MCTS_vs_MLP_ROOT_MCTS,42,28,1,4,MLP_ROOT_MCTS,UCT_MCTS,UCT_MCTS,32,16,16,108153,91644,0,16,0,1689500,1654257700,1657910700
fixed_time_100ms,UCT_MCTS_vs_MLP_ROOT_MCTS,42,29,0,4,UCT_MCTS,MLP_ROOT_MCTS,UCT_MCTS,3,2,1,55322,9490,0,1,0,130300,204815900,104241700
fixed_time_100ms,UCT_MCTS_vs_MLP_ROOT_MCTS,42,29,1,4,MLP_ROOT_MCTS,UCT_MCTS,MLP_ROOT_MCTS,3,1,2,10171,55147,0,2,0,185700,104376300,204400300
fixed_time_100ms,UCT_MCTS_vs_MLP_ROOT_MCTS,42,30,0,2,UCT_MCTS,MLP_ROOT_MCTS,MLP_ROOT_MCTS,34,17,17,80068,99801,0,17,0,1931800,1761023300,1759387800
fixed_time_100ms,UCT_MCTS_vs_MLP_ROOT_MCTS,42,30,1,2,MLP_ROOT_MCTS,UCT_MCTS,UCT_MCTS,28,14,14,123353,111057,0,14,0,1477800,1445053600,1448340200
fixed_time_100ms,UCT_MCTS_vs_MLP_ROOT_MCTS,42,31,0,5,UCT_MCTS,MLP_ROOT_MCTS,UCT_MCTS,27,14,13,120297,101773,0,13,0,1351600,1454929200,1356009000
fixed_time_100ms,UCT_MCTS_vs_MLP_ROOT_MCTS,42,31,1,5,MLP_ROOT_MCTS,UCT_MCTS,MLP_ROOT_MCTS,23,11,12,56763,88637,0,12,0,1280500,1151896400,1252158800
fixed_time_100ms,UCT_MCTS_vs_MLP_ROOT_MCTS,42,32,0,2,UCT_MCTS,MLP_ROOT_MCTS,UCT_MCTS,27,14,13,97614,77943,0,13,0,1335900,1460354600,1362747000
fixed_time_100ms,UCT_MCTS_vs_MLP_ROOT_MCTS,42,32,1,2,MLP_ROOT_MCTS,UCT_MCTS,MLP_ROOT_MCTS,21,10,11,50915,85764,0,11,0,1139700,1047464300,1148402600
fixed_time_100ms,UCT_MCTS_vs_MLP_ROOT_MCTS,42,33,0,6,UCT_MCTS,MLP_ROOT_MCTS,UCT_MCTS,27,14,13,90079,73192,0,13,0,1420700,1461539000,1362145400
fixed_time_100ms,UCT_MCTS_vs_MLP_ROOT_MCTS,42,33,1,6,MLP_ROOT_MCTS,UCT_MCTS,UCT_MCTS,32,16,16,152446,95207,0,16,0,1660100,1660213100,1660397200
fixed_time_100ms,UCT_MCTS_vs_MLP_ROOT_MCTS,42,34,0,6,UCT_MCTS,MLP_ROOT_MCTS,MLP_ROOT_MCTS,32,16,16,145554,186159,0,16,0,1915600,1654993400,1654536500
fixed_time_100ms,UCT_MCTS_vs_MLP_ROOT_MCTS,42,34,1,6,MLP_ROOT_MCTS,UCT_MCTS,UCT_MCTS,28,14,14,99094,86632,0,14,0,1484200,1447858700,1447570700
fixed_time_100ms,UCT_MCTS_vs_MLP_ROOT_MCTS,42,35,0,2,UCT_MCTS,MLP_ROOT_MCTS,UCT_MCTS,17,9,8,85677,40525,0,8,0,786200,934239400,833301900
fixed_time_100ms,UCT_MCTS_vs_MLP_ROOT_MCTS,42,35,1,2,MLP_ROOT_MCTS,UCT_MCTS,MLP_ROOT_MCTS,31,15,16,82908,96505,0,16,0,1685800,1558625500,1659603200
fixed_time_100ms,UCT_MCTS_vs_MLP_ROOT_MCTS,42,36,0,2,UCT_MCTS,MLP_ROOT_MCTS,MLP_ROOT_MCTS,32,16,16,132864,178757,0,16,0,1683600,1654924900,1653552400
fixed_time_100ms,UCT_MCTS_vs_MLP_ROOT_MCTS,42,36,1,2,MLP_ROOT_MCTS,UCT_MCTS,MLP_ROOT_MCTS,21,10,11,55011,99120,0,11,0,1149300,1039639800,1141313000
fixed_time_100ms,UCT_MCTS_vs_MLP_ROOT_MCTS,42,37,0,2,UCT_MCTS,MLP_ROOT_MCTS,UCT_MCTS,33,17,16,186862,146308,0,16,0,1653400,1752069200,1650393800
fixed_time_100ms,UCT_MCTS_vs_MLP_ROOT_MCTS,42,37,1,2,MLP_ROOT_MCTS,UCT_MCTS,MLP_ROOT_MCTS,31,15,16,70161,81467,0,16,0,1726800,1563701500,1662869900
fixed_time_100ms,UCT_MCTS_vs_MLP_ROOT_MCTS,42,38,0,2,UCT_MCTS,MLP_ROOT_MCTS,MLP_ROOT_MCTS,38,19,19,170713,211439,0,19,0,1963700,1956566100,1953389500
fixed_time_100ms,UCT_MCTS_vs_MLP_ROOT_MCTS,42,38,1,2,MLP_ROOT_MCTS,UCT_MCTS,UCT_MCTS,32,16,16,177772,131713,0,16,0,1824900,1660262800,1662596900
fixed_time_100ms,UCT_MCTS_vs_MLP_ROOT_MCTS,42,39,0,6,UCT_MCTS,MLP_ROOT_MCTS,MLP_ROOT_MCTS,30,15,15,100678,108180,0,15,0,1549000,1554668900,1550327000
fixed_time_100ms,UCT_MCTS_vs_MLP_ROOT_MCTS,42,39,1,6,MLP_ROOT_MCTS,UCT_MCTS,UCT_MCTS,30,15,15,166278,124716,0,15,0,1598300,1561621800,1561712800
fixed_time_100ms,UCT_MCTS_vs_MLP_ROOT_MCTS,42,40,0,6,UCT_MCTS,MLP_ROOT_MCTS,MLP_ROOT_MCTS,30,15,15,103511,153751,0,15,0,1552700,1556776100,1553719100
fixed_time_100ms,UCT_MCTS_vs_MLP_ROOT_MCTS,42,40,1,6,MLP_ROOT_MCTS,UCT_MCTS,UCT_MCTS,28,14,14,166587,120518,0,14,0,1444500,1446665800,1450589000
fixed_time_100ms,UCT_MCTS_vs_MLP_ROOT_MCTS,42,41,0,2,UCT_MCTS,MLP_ROOT_MCTS,UCT_MCTS,29,15,14,94699,79737,0,14,0,1460800,1560129900,1458583000
fixed_time_100ms,UCT_MCTS_vs_MLP_ROOT_MCTS,42,41,1,2,MLP_ROOT_MCTS,UCT_MCTS,DRAW,40,20,20,200287,145493,0,20,0,2074400,2056080400,2059286900
fixed_time_100ms,UCT_MCTS_vs_MLP_ROOT_MCTS,42,42,0,3,UCT_MCTS,MLP_ROOT_MCTS,MLP_ROOT_MCTS,20,10,10,54312,99385,0,10,0,1027400,1045503400,1041262200
fixed_time_100ms,UCT_MCTS_vs_MLP_ROOT_MCTS,42,42,1,3,MLP_ROOT_MCTS,UCT_MCTS,MLP_ROOT_MCTS,35,17,18,101443,125124,0,18,0,1939700,1756532300,1858872600
fixed_time_100ms,UCT_MCTS_vs_MLP_ROOT_MCTS,42,43,0,2,UCT_MCTS,MLP_ROOT_MCTS,UCT_MCTS,29,15,14,95566,70894,0,14,0,1496000,1556892100,1458373400
fixed_time_100ms,UCT_MCTS_vs_MLP_ROOT_MCTS,42,43,1,2,MLP_ROOT_MCTS,UCT_MCTS,UCT_MCTS,38,19,19,211716,167012,0,19,0,2038900,1955338200,1957943800
fixed_time_100ms,UCT_MCTS_vs_MLP_ROOT_MCTS,42,44,0,2,UCT_MCTS,MLP_ROOT_MCTS,MLP_ROOT_MCTS,28,14,14,76042,110267,0,14,0,1494100,1458238900,1453624400
fixed_time_100ms,UCT_MCTS_vs_MLP_ROOT_MCTS,42,44,1,2,MLP_ROOT_MCTS,UCT_MCTS,MLP_ROOT_MCTS,37,18,19,113851,169882,0,19,0,1954200,1865560400,1964160200
fixed_time_100ms,UCT_MCTS_vs_MLP_ROOT_MCTS,42,45,0,4,UCT_MCTS,MLP_ROOT_MCTS,MLP_ROOT_MCTS,34,17,17,178446,217655,0,17,0,1918900,1756665300,1755032300
fixed_time_100ms,UCT_MCTS_vs_MLP_ROOT_MCTS,42,45,1,4,MLP_ROOT_MCTS,UCT_MCTS,MLP_ROOT_MCTS,31,15,16,131052,172300,0,16,0,1660300,1555259700,1658290900
fixed_time_100ms,UCT_MCTS_vs_MLP_ROOT_MCTS,42,46,0,4,UCT_MCTS,MLP_ROOT_MCTS,MLP_ROOT_MCTS,34,17,17,129207,176968,0,17,0,1786200,1754809400,1753099300
fixed_time_100ms,UCT_MCTS_vs_MLP_ROOT_MCTS,42,46,1,4,MLP_ROOT_MCTS,UCT_MCTS,UCT_MCTS,32,16,16,157212,106998,0,16,0,1670000,1653914900,1660023100
fixed_time_100ms,UCT_MCTS_vs_MLP_ROOT_MCTS,42,47,0,4,UCT_MCTS,MLP_ROOT_MCTS,DRAW,38,19,19,147989,199341,0,19,0,1993500,1961884000,1959226800
fixed_time_100ms,UCT_MCTS_vs_MLP_ROOT_MCTS,42,47,1,4,MLP_ROOT_MCTS,UCT_MCTS,MLP_ROOT_MCTS,29,14,15,84719,101768,0,15,0,1626500,1457896100,1556653900
fixed_time_100ms,UCT_MCTS_vs_MLP_ROOT_MCTS,42,48,0,3,UCT_MCTS,MLP_ROOT_MCTS,MLP_ROOT_MCTS,32,16,16,135437,175834,0,16,0,1667500,1649611900,1647907300
fixed_time_100ms,UCT_MCTS_vs_MLP_ROOT_MCTS,42,48,1,3,MLP_ROOT_MCTS,UCT_MCTS,MLP_ROOT_MCTS,27,13,14,83914,97418,0,14,0,1500700,1355893800,1455763800
fixed_time_100ms,UCT_MCTS_vs_MLP_ROOT_MCTS,42,49,0,2,UCT_MCTS,MLP_ROOT_MCTS,MLP_ROOT_MCTS,38,19,19,159244,202290,0,19,0,1929300,1968836700,1966872700
fixed_time_100ms,UCT_MCTS_vs_MLP_ROOT_MCTS,42,49,1,2,MLP_ROOT_MCTS,UCT_MCTS,UCT_MCTS,24,12,12,93057,69519,0,12,0,1260500,1249292300,1250078200
fixed_time_100ms,UCT_MCTS_vs_MLP_ROOT_MCTS,123,0,0,4,UCT_MCTS,MLP_ROOT_MCTS,UCT_MCTS,3,2,1,49794,14231,0,1,0,104900,205405000,103081000
fixed_time_100ms,UCT_MCTS_vs_MLP_ROOT_MCTS,123,0,1,4,MLP_ROOT_MCTS,UCT_MCTS,MLP_ROOT_MCTS,3,1,2,15590,64652,0,2,0,208200,102865200,203786600
fixed_time_100ms,UCT_MCTS_vs_MLP_ROOT_MCTS,123,1,0,4,UCT_MCTS,MLP_ROOT_MCTS,MLP_ROOT_MCTS,36,18,18,139934,202082,0,18,0,1873400,1860033300,1856991200
fixed_time_100ms,UCT_MCTS_vs_MLP_ROOT_MCTS,123,1,1,4,MLP_ROOT_MCTS,UCT_MCTS,MLP_ROOT_MCTS,29,14,15,117417,167411,0,15,0,1565200,1455203600,1553675000
fixed_time_100ms,UCT_MCTS_vs_MLP_ROOT_MCTS,123,2,0,3,UCT_MCTS,MLP_ROOT_MCTS,MLP_ROOT_MCTS,26,13,13,103167,149889,0,13,0,1407500,1348878700,1347749200
fixed_time_100ms,UCT_MCTS_vs_MLP_ROOT_MCTS,123,2,1,3,MLP_ROOT_MCTS,UCT_MCTS,UCT_MCTS,34,17,17,163222,99646,0,17,0,1773300,1767999500,1770930100
fixed_time_100ms,UCT_MCTS_vs_MLP_ROOT_MCTS,123,3,0,3,UCT_MCTS,MLP_ROOT_MCTS,UCT_MCTS,29,15,14,176161,131667,0,14,0,1470700,1553572100,1452337500
fixed_time_100ms,UCT_MCTS_vs_MLP_ROOT_MCTS,123,3,1,3,MLP_ROOT_MCTS,UCT_MCTS,UCT_MCTS,32,16,16,195364,146701,0,16,0,1736700,1650070400,1653066500
fixed_time_100ms,UCT_MCTS_vs_MLP_ROOT_MCTS,123,4,0,3,UCT_MCTS,MLP_ROOT_MCTS,UCT_MCTS,33,17,16,182767,139075,0,16,0,1669500,1752761600,1652424400
fixed_time_100ms,UCT_MCTS_vs_MLP_ROOT_MCTS,123,4,1,3,MLP_ROOT_MCTS,UCT_MCTS,MLP_ROOT_MCTS,29,14,15,93381,106802,0,15,0,1598800,1449069300,1551183700
fixed_time_100ms,UCT_MCTS_vs_MLP_ROOT_MCTS,123,5,0,3,UCT_MCTS,MLP_ROOT_MCTS,MLP_ROOT_MCTS,32,16,16,123133,165432,0,16,0,1683500,1664011600,1660716000
fixed_time_100ms,UCT_MCTS_vs_MLP_ROOT_MCTS,123,5,1,3,MLP_ROOT_MCTS,UCT_MCTS,UCT_MCTS,30,15,15,183480,145824,0,15,0,1594900,1549671400,1550018700
fixed_time_100ms,UCT_MCTS_vs_MLP_ROOT_MCTS,123,6,0,5,UCT_MCTS,MLP_ROOT_MCTS,UCT_MCTS,27,14,13,101505,72874,0,13,0,1433600,1458116000,1355652800
fixed_time_100ms,UCT_MCTS_vs_MLP_ROOT_MCTS,123,6,1,5,MLP_ROOT_MCTS,UCT_MCTS,MLP_ROOT_MCTS,29,14,15,95280,108013,0,15,0,1589000,1453956000,1556517500
fixed_time_100ms,UCT_MCTS_vs_MLP_ROOT_MCTS,123,7,0,6,UCT_MCTS,MLP_ROOT_MCTS,UCT_MCTS,29,15,14,103581,91881,0,14,0,1542900,1554593100,1453586800
fixed_time_100ms,UCT_MCTS_vs_MLP_ROOT_MCTS,123,7,1,6,MLP_ROOT_MCTS,UCT_MCTS,MLP_ROOT_MCTS,29,14,15,76938,88474,0,15,0,1693800,1457607800,1559376500
fixed_time_100ms,UCT_MCTS_vs_MLP_ROOT_MCTS,123,8,0,4,UCT_MCTS,MLP_ROOT_MCTS,UCT_MCTS,3,2,1,56295,9845,0,1,0,107800,205037500,103751100
fixed_time_100ms,UCT_MCTS_vs_MLP_ROOT_MCTS,123,8,1,4,MLP_ROOT_MCTS,UCT_MCTS,MLP_ROOT_MCTS,3,1,2,9232,61924,0,2,0,202900,103878700,204701400
fixed_time_100ms,UCT_MCTS_vs_MLP_ROOT_MCTS,123,9,0,5,UCT_MCTS,MLP_ROOT_MCTS,MLP_ROOT_MCTS,28,14,14,84124,101103,0,14,0,1438600,1458730200,1458062000
fixed_time_100ms,UCT_MCTS_vs_MLP_ROOT_MCTS,123,9,1,5,MLP_ROOT_MCTS,UCT_MCTS,MLP_ROOT_MCTS,33,16,17,152869,199026,0,17,0,1790100,1655679100,1755941300
fixed_time_100ms,UCT_MCTS_vs_MLP_ROOT_MCTS,123,10,0,4,UCT_MCTS,MLP_ROOT_MCTS,MLP_ROOT_MCTS,34,17,17,117846,140121,0,17,0,1787000,1761340800,1758333900
fixed_time_100ms,UCT_MCTS_vs_MLP_ROOT_MCTS,123,10,1,4,MLP_ROOT_MCTS,UCT_MCTS,MLP_ROOT_MCTS,31,15,16,88256,100634,0,16,0,1729600,1563389000,1665663500
fixed_time_100ms,UCT_MCTS_vs_MLP_ROOT_MCTS,123,11,0,5,UCT_MCTS,MLP_ROOT_MCTS,UCT_MCTS,17,9,8,103664,53850,0,8,0,818800,938119700,835886100
fixed_time_100ms,UCT_MCTS_vs_MLP_ROOT_MCTS,123,11,1,5,MLP_ROOT_MCTS,UCT_MCTS,DRAW,37,18,19,143459,196608,0,19,0,1957100,1865092400,1965644800
fixed_time_100ms,UCT_MCTS_vs_MLP_ROOT_MCTS,123,12,0,3,UCT_MCTS,MLP_ROOT_MCTS,MLP_ROOT_MCTS,26,13,13,98877,120187,0,13,0,1340400,1354492400,1353223200
fixed_time_100ms,UCT_MCTS_vs_MLP_ROOT_MCTS,123,12,1,3,MLP_ROOT_MCTS,UCT_MCTS,UCT_MCTS,30,15,15,120691,97400,0,15,0,1738700,1562035500,1567629000
fixed_time_100ms,UCT_MCTS_vs_MLP_ROOT_MCTS,123,13,0,6,UCT_MCTS,MLP_ROOT_MCTS,UCT_MCTS,27,14,13,103224,84325,0,13,0,1375600,1451535100,1350849300
fixed_time_100ms,UCT_MCTS_vs_MLP_ROOT_MCTS,123,13,1,6,MLP_ROOT_MCTS,UCT_MCTS,UCT_MCTS,30,15,15,97579,81078,0,15,0,1623500,1551569100,1556818300
fixed_time_100ms,UCT_MCTS_vs_MLP_ROOT_MCTS,123,14,0,4,UCT_MCTS,MLP_ROOT_MCTS,UCT_MCTS,31,16,15,117576,91137,0,15,0,1626800,1652448800,1551969900
fixed_time_100ms,UCT_MCTS_vs_MLP_ROOT_MCTS,123,14,1,4,MLP_ROOT_MCTS,UCT_MCTS,MLP_ROOT_MCTS,31,15,16,87751,107118,0,16,0,1671000,1553145300,1655180500
fixed_time_100ms,UCT_MCTS_vs_MLP_ROOT_MCTS,123,15,0,6,UCT_MCTS,MLP_ROOT_MCTS,UCT_MCTS,1,1,0,53593,0,0,0,0,0,100893500,0
fixed_time_100ms,UCT_MCTS_vs_MLP_ROOT_MCTS,123,15,1,6,MLP_ROOT_MCTS,UCT_MCTS,MLP_ROOT_MCTS,1,0,1,0,53481,0,1,0,101400,0,100664900
fixed_time_100ms,UCT_MCTS_vs_MLP_ROOT_MCTS,123,16,0,6,UCT_MCTS,MLP_ROOT_MCTS,MLP_ROOT_MCTS,26,13,13,90808,102870,0,13,0,1385500,1353734400,1349862000
fixed_time_100ms,UCT_MCTS_vs_MLP_ROOT_MCTS,123,16,1,6,MLP_ROOT_MCTS,UCT_MCTS,MLP_ROOT_MCTS,31,15,16,128193,176477,0,16,0,1729200,1555446300,1655407000
fixed_time_100ms,UCT_MCTS_vs_MLP_ROOT_MCTS,123,17,0,6,UCT_MCTS,MLP_ROOT_MCTS,UCT_MCTS,3,2,1,59056,15490,0,1,0,102000,203359200,102778000
fixed_time_100ms,UCT_MCTS_vs_MLP_ROOT_MCTS,123,17,1,6,MLP_ROOT_MCTS,UCT_MCTS,MLP_ROOT_MCTS,3,1,2,15847,65647,0,2,0,236300,102792200,203256700
fixed_time_100ms,UCT_MCTS_vs_MLP_ROOT_MCTS,123,18,0,5,UCT_MCTS,MLP_ROOT_MCTS,MLP_ROOT_MCTS,28,14,14,103055,111845,0,14,0,1472300,1463042800,1457763300
fixed_time_100ms,UCT_MCTS_vs_MLP_ROOT_MCTS,123,18,1,5,MLP_ROOT_MCTS,UCT_MCTS,MLP_ROOT_MCTS,25,12,13,66347,98814,0,13,0,1356800,1254126700,1354709700
fixed_time_100ms,UCT_MCTS_vs_MLP_ROOT_MCTS,123,19,0,6,UCT_MCTS,MLP_ROOT_MCTS,UCT_MCTS,29,15,14,160777,112629,0,14,0,1489600,1551845300,1451831300
fixed_time_100ms,UCT_MCTS_vs_MLP_ROOT_MCTS,123,19,1,6,MLP_ROOT_MCTS,UCT_MCTS,MLP_ROOT_MCTS,9,4,5,47907,84535,0,5,0,514900,413893900,515300600
fixed_time_100ms,UCT_MCTS_vs_MLP_ROOT_MCTS,123,20,0,6,UCT_MCTS,MLP_ROOT_MCTS,UCT_MCTS,21,11,10,119010,84925,0,10,0,1023500,1141615600,1043267200
fixed_time_100ms,UCT_MCTS_vs_MLP_ROOT_MCTS,123,20,1,6,MLP_ROOT_MCTS,UCT_MCTS,UCT_MCTS,28,14,14,190206,150360,0,14,0,1445300,1444444900,1446758300
fixed_time_100ms,UCT_MCTS_vs_MLP_ROOT_MCTS,123,21,0,2,UCT_MCTS,MLP_ROOT_MCTS,UCT_MCTS,33,17,16,158809,102281,0,16,0,1657500,1759103800,1660175300
fixed_time_100ms,UCT_MCTS_vs_MLP_ROOT_MCTS,123,21,1,2,MLP_ROOT_MCTS,UCT_MCTS,MLP_ROOT_MCTS,13,6,7,37514,82292,0,7,0,710200,624455900,726647200
fixed_time_100ms,UCT_MCTS_vs_MLP_ROOT_MCTS,123,22,0,3,UCT_MCTS,MLP_ROOT_MCTS,MLP_ROOT_MCTS,32,16,16,93027,102881,0,16,0,1675100,1659920300,1658220200
fixed_time_100ms,UCT_MCTS_vs_MLP_ROOT_MCTS,123,22,1,3,MLP_ROOT_MCTS,UCT_MCTS,UCT_MCTS,34,17,17,148347,89788,0,17,0,1777000,1765187900,1768372600
fixed_time_100ms,UCT_MCTS_vs_MLP_ROOT_MCTS,123,23,0,4,UCT_MCTS,MLP_ROOT_MCTS,UCT_MCTS,3,2,1,44335,14266,0,1,0,97200,205877700,102729000
fixed_time_100ms,UCT_MCTS_vs_MLP_ROOT_MCTS,123,23,1,4,MLP_ROOT_MCTS,UCT_MCTS,MLP_ROOT_MCTS,3,1,2,12900,47031,0,2,0,214900,102957500,205211500
fixed_time_100ms,UCT_MCTS_vs_MLP_ROOT_MCTS,123,24,0,4,UCT_MCTS,MLP_ROOT_MCTS,UCT_MCTS,3,2,1,63831,14356,0,1,0,98600,203924500,103464500
fixed_time_100ms,UCT_MCTS_vs_MLP_ROOT_MCTS,123,24,1,4,MLP_ROOT_MCTS,UCT_MCTS,MLP_ROOT_MCTS,3,1,2,13851,61157,0,2,0,221300,104145900,203787100
fixed_time_100ms,UCT_MCTS_vs_MLP_ROOT_MCTS,123,25,0,2,UCT_MCTS,MLP_ROOT_MCTS,MLP_ROOT_MCTS,32,16,16,131246,175292,0,16,0,1707400,1664794900,1660724100
fixed_time_100ms,UCT_MCTS_vs_MLP_ROOT_MCTS,123,25,1,2,MLP_ROOT_MCTS,UCT_MCTS,DRAW,40,20,20,203679,149631,0,20,0,2089700,2062024700,2062919200
fixed_time_100ms,UCT_MCTS_vs_MLP_ROOT_MCTS,123,26,0,3,UCT_MCTS,MLP_ROOT_MCTS,MLP_ROOT_MCTS,30,15,15,84120,93769,0,15,0,1676800,1567565400,1562470900
fixed_time_100ms,UCT_MCTS_vs_MLP_ROOT_MCTS,123,26,1,3,MLP_ROOT_MCTS,UCT_MCTS,DRAW,39,19,20,145386,202803,0,20,0,2150500,1950799400,2054933300
fixed_time_100ms,UCT_MCTS_vs_MLP_ROOT_MCTS,123,27,0,6,UCT_MCTS,MLP_ROOT_MCTS,MLP_ROOT_MCTS,28,14,14,91866,107357,0,14,0,1534100,1454399600,1448994800
fixed_time_100ms,UCT_MCTS_vs_MLP_ROOT_MCTS,123,27,1,6,MLP_ROOT_MCTS,UCT_MCTS,MLP_ROOT_MCTS,27,13,14,98314,117240,0,14,0,1541400,1352549100,1452289500
fixed_time_100ms,UCT_MCTS_vs_MLP_ROOT_MCTS,123,28,0,5,UCT_MCTS,MLP_ROOT_MCTS,UCT_MCTS,33,17,16,161751,99837,0,16,0,1650200,1761478200,1658661400
fixed_time_100ms,UCT_MCTS_vs_MLP_ROOT_MCTS,123,28,1,5,MLP_ROOT_MCTS,UCT_MCTS,UCT_MCTS,30,15,15,167318,124905,0,15,0,1521400,1554100300,1558571500
fixed_time_100ms,UCT_MCTS_vs_MLP_ROOT_MCTS,123,29,0,6,UCT_MCTS,MLP_ROOT_MCTS,MLP_ROOT_MCTS,24,12,12,63729,81045,0,12,0,1243300,1256705100,1251654400
fixed_time_100ms,UCT_MCTS_vs_MLP_ROOT_MCTS,123,29,1,6,MLP_ROOT_MCTS,UCT_MCTS,UCT_MCTS,26,13,13,170344,126896,0,13,0,1322700,1346517800,1351887800
fixed_time_100ms,UCT_MCTS_vs_MLP_ROOT_MCTS,123,30,0,6,UCT_MCTS,MLP_ROOT_MCTS,MLP_ROOT_MCTS,34,17,17,113557,166681,0,17,0,1816500,1762946200,1760096900
fixed_time_100ms,UCT_MCTS_vs_MLP_ROOT_MCTS,123,30,1,6,MLP_ROOT_MCTS,UCT_MCTS,MLP_ROOT_MCTS,27,13,14,75830,91788,0,14,0,1465100,1355430100,1455466000
fixed_time_100ms,UCT_MCTS_vs_MLP_ROOT_MCTS,123,31,0,4,UCT_MCTS,MLP_ROOT_MCTS,MLP_ROOT_MCTS,34,17,17,108897,160316,0,17,0,2305400,1761358600,1757880000
fixed_time_100ms,UCT_MCTS_vs_MLP_ROOT_MCTS,123,31,1,4,MLP_ROOT_MCTS,UCT_MCTS,MLP_ROOT_MCTS,21,10,11,54537,97350,0,11,0,1127900,1045884700,1145032600
fixed_time_100ms,UCT_MCTS_vs_MLP_ROOT_MCTS,123,32,0,4,UCT_MCTS,MLP_ROOT_MCTS,UCT_MCTS,3,2,1,50202,8715,0,1,0,112400,205477600,104108400
fixed_time_100ms,UCT_MCTS_vs_MLP_ROOT_MCTS,123,32,1,4,MLP_ROOT_MCTS,UCT_MCTS,MLP_ROOT_MCTS,3,1,2,10336,50451,0,2,0,210600,103617000,205251400
fixed_time_100ms,UCT_MCTS_vs_MLP_ROOT_MCTS,123,33,0,2,UCT_MCTS,MLP_ROOT_MCTS,UCT_MCTS,13,7,6,85957,36873,0,6,0,606400,724267600,626070700
fixed_time_100ms,UCT_MCTS_vs_MLP_ROOT_MCTS,123,33,1,2,MLP_ROOT_MCTS,UCT_MCTS,MLP_ROOT_MCTS,39,19,20,148927,202534,0,20,0,2157600,1971602600,2070107300
fixed_time_100ms,UCT_MCTS_vs_MLP_ROOT_MCTS,123,34,0,4,UCT_MCTS,MLP_ROOT_MCTS,MLP_ROOT_MCTS,30,15,15,125253,164384,0,15,0,1649800,1552497100,1551014700
fixed_time_100ms,UCT_MCTS_vs_MLP_ROOT_MCTS,123,34,1,4,MLP_ROOT_MCTS,UCT_MCTS,UCT_MCTS,32,16,16,97553,82728,0,16,0,1791700,1652753000,1655512900
fixed_time_100ms,UCT_MCTS_vs_MLP_ROOT_MCTS,123,35,0,6,UCT_MCTS,MLP_ROOT_MCTS,MLP_ROOT_MCTS,30,15,15,111194,123377,0,15,0,1571800,1554552300,1548348800
fixed_time_100ms,UCT_MCTS_vs_MLP_ROOT_MCTS,123,35,1,6,MLP_ROOT_MCTS,UCT_MCTS,UCT_MCTS,34,17,17,172261,119521,0,17,0,1746100,1753800400,1759931900
fixed_time_100ms,UCT_MCTS_vs_MLP_ROOT_MCTS,123,36,0,6,UCT_MCTS,MLP_ROOT_MCTS,UCT_MCTS,25,13,12,134298,85893,0,12,0,1291500,1351107500,1251016100
fixed_time_100ms,UCT_MCTS_vs_MLP_ROOT_MCTS,123,36,1,6,MLP_ROOT_MCTS,UCT_MCTS,UCT_MCTS,28,14,14,174135,127793,0,14,0,1437800,1453402700,1454191400
fixed_time_100ms,UCT_MCTS_vs_MLP_ROOT_MCTS,123,37,0,4,UCT_MCTS,MLP_ROOT_MCTS,MLP_ROOT_MCTS,34,17,17,102190,159648,0,17,0,1722900,1759318600,1755051300
fixed_time_100ms,UCT_MCTS_vs_MLP_ROOT_MCTS,123,37,1,4,MLP_ROOT_MCTS,UCT_MCTS,MLP_ROOT_MCTS,31,15,16,113216,155186,0,16,0,1700500,1556945500,1657741200
fixed_time_100ms,UCT_MCTS_vs_MLP_ROOT_MCTS,123,38,0,6,UCT_MCTS,MLP_ROOT_MCTS,UCT_MCTS,1,1,0,55992,0,0,0,0,0,100726500,0
fixed_time_100ms,UCT_MCTS_vs_MLP_ROOT_MCTS,123,38,1,6,MLP_ROOT_MCTS,UCT_MCTS,MLP_ROOT_MCTS,1,0,1,0,51633,0,1,0,116400,0,100632100
fixed_time_100ms,UCT_MCTS_vs_MLP_ROOT_MCTS,123,39,0,6,UCT_MCTS,MLP_ROOT_MCTS,MLP_ROOT_MCTS,28,14,14,110072,124009,0,14,0,1457800,1448790500,1443572900
fixed_time_100ms,UCT_MCTS_vs_MLP_ROOT_MCTS,123,39,1,6,MLP_ROOT_MCTS,UCT_MCTS,MLP_ROOT_MCTS,19,9,10,50624,95643,0,10,0,1062700,944122600,1045848800
fixed_time_100ms,UCT_MCTS_vs_MLP_ROOT_MCTS,123,40,0,2,UCT_MCTS,MLP_ROOT_MCTS,UCT_MCTS,37,19,18,217501,171683,0,18,0,1876700,1956347300,1854309000
fixed_time_100ms,UCT_MCTS_vs_MLP_ROOT_MCTS,123,40,1,2,MLP_ROOT_MCTS,UCT_MCTS,UCT_MCTS,32,16,16,177711,131356,0,16,0,1697300,1663002200,1665528000
fixed_time_100ms,UCT_MCTS_vs_MLP_ROOT_MCTS,123,41,0,5,UCT_MCTS,MLP_ROOT_MCTS,MLP_ROOT_MCTS,20,10,10,64255,104867,0,10,0,1036600,1043530100,1040164600
fixed_time_100ms,UCT_MCTS_vs_MLP_ROOT_MCTS,123,41,1,5,MLP_ROOT_MCTS,UCT_MCTS,MLP_ROOT_MCTS,31,15,16,85243,103140,0,16,0,1612000,1553121600,1653566900
fixed_time_100ms,UCT_MCTS_vs_MLP_ROOT_MCTS,123,42,0,2,UCT_MCTS,MLP_ROOT_MCTS,UCT_MCTS,37,19,18,209982,162600,0,18,0,1821600,1954344700,1854353400
fixed_time_100ms,UCT_MCTS_vs_MLP_ROOT_MCTS,123,42,1,2,MLP_ROOT_MCTS,UCT_MCTS,UCT_MCTS,32,16,16,90340,77472,0,16,0,1658900,1661794400,1662035500
fixed_time_100ms,UCT_MCTS_vs_MLP_ROOT_MCTS,123,43,0,6,UCT_MCTS,MLP_ROOT_MCTS,UCT_MCTS,25,13,12,88424,73507,0,12,0,1241700,1352587200,1251112900
fixed_time_100ms,UCT_MCTS_vs_MLP_ROOT_MCTS,123,43,1,6,MLP_ROOT_MCTS,UCT_MCTS,DRAW,36,18,18,198422,144422,0,18,0,1851200,1855265800,1859814000
fixed_time_100ms,UCT_MCTS_vs_MLP_ROOT_MCTS,123,44,0,2,UCT_MCTS,MLP_ROOT_MCTS,MLP_ROOT_MCTS,34,17,17,99936,158550,0,17,0,1789200,1763465900,1760739100
fixed_time_100ms,UCT_MCTS_vs_MLP_ROOT_MCTS,123,44,1,2,MLP_ROOT_MCTS,UCT_MCTS,UCT_MCTS,36,18,18,223582,180708,0,18,0,1870600,1854535500,1858499100
fixed_time_100ms,UCT_MCTS_vs_MLP_ROOT_MCTS,123,45,0,5,UCT_MCTS,MLP_ROOT_MCTS,MLP_ROOT_MCTS,28,14,14,95814,101455,0,14,0,1591400,1447412400,1446918500
fixed_time_100ms,UCT_MCTS_vs_MLP_ROOT_MCTS,123,45,1,5,MLP_ROOT_MCTS,UCT_MCTS,UCT_MCTS,18,9,9,115708,67196,0,9,0,939100,935891300,939631500
fixed_time_100ms,UCT_MCTS_vs_MLP_ROOT_MCTS,123,46,0,4,UCT_MCTS,MLP_ROOT_MCTS,MLP_ROOT_MCTS,32,16,16,122249,173400,0,16,0,1701700,1658835400,1654350300
fixed_time_100ms,UCT_MCTS_vs_MLP_ROOT_MCTS,123,46,1,4,MLP_ROOT_MCTS,UCT_MCTS,UCT_MCTS,28,14,14,159446,99339,0,14,0,1484500,1456774600,1456799100
fixed_time_100ms,UCT_MCTS_vs_MLP_ROOT_MCTS,123,47,0,3,UCT_MCTS,MLP_ROOT_MCTS,MLP_ROOT_MCTS,14,7,7,33044,69193,0,7,0,709900,731382900,728255600
fixed_time_100ms,UCT_MCTS_vs_MLP_ROOT_MCTS,123,47,1,3,MLP_ROOT_MCTS,UCT_MCTS,UCT_MCTS,34,17,17,161122,104896,0,17,0,2536000,1759926200,1762710800
fixed_time_100ms,UCT_MCTS_vs_MLP_ROOT_MCTS,123,48,0,3,UCT_MCTS,MLP_ROOT_MCTS,MLP_ROOT_MCTS,22,11,11,55854,101645,0,11,0,1092100,1149051800,1141878800
fixed_time_100ms,UCT_MCTS_vs_MLP_ROOT_MCTS,123,48,1,3,MLP_ROOT_MCTS,UCT_MCTS,UCT_MCTS,34,17,17,186183,137575,0,17,0,1761800,1751225500,1753655100
fixed_time_100ms,UCT_MCTS_vs_MLP_ROOT_MCTS,123,49,0,3,UCT_MCTS,MLP_ROOT_MCTS,MLP_ROOT_MCTS,34,17,17,107202,127543,0,17,0,1812600,1764187900,1761576700
fixed_time_100ms,UCT_MCTS_vs_MLP_ROOT_MCTS,123,49,1,3,MLP_ROOT_MCTS,UCT_MCTS,MLP_ROOT_MCTS,33,16,17,91399,102472,0,17,0,1758700,1667988700,1767033200
fixed_time_100ms,UCT_MCTS_vs_MLP_ROOT_MCTS,777,0,0,6,UCT_MCTS,MLP_ROOT_MCTS,MLP_ROOT_MCTS,30,15,15,97783,161869,0,15,0,1512300,1563010600,1559437200
fixed_time_100ms,UCT_MCTS_vs_MLP_ROOT_MCTS,777,0,1,6,MLP_ROOT_MCTS,UCT_MCTS,MLP_ROOT_MCTS,13,6,7,28858,62537,0,7,0,700600,631712800,733350600
fixed_time_100ms,UCT_MCTS_vs_MLP_ROOT_MCTS,777,1,0,2,UCT_MCTS,MLP_ROOT_MCTS,UCT_MCTS,13,7,6,83079,35276,0,6,0,691200,725484000,624200200
fixed_time_100ms,UCT_MCTS_vs_MLP_ROOT_MCTS,777,1,1,2,MLP_ROOT_MCTS,UCT_MCTS,MLP_ROOT_MCTS,17,8,9,63959,107175,0,9,0,987000,830438400,931841800
fixed_time_100ms,UCT_MCTS_vs_MLP_ROOT_MCTS,777,2,0,4,UCT_MCTS,MLP_ROOT_MCTS,UCT_MCTS,17,9,8,91313,55274,0,8,0,815700,932362500,832276700
fixed_time_100ms,UCT_MCTS_vs_MLP_ROOT_MCTS,777,2,1,4,MLP_ROOT_MCTS,UCT_MCTS,MLP_ROOT_MCTS,27,13,14,73912,116628,0,14,0,1443700,1361931300,1462428500
fixed_time_100ms,UCT_MCTS_vs_MLP_ROOT_MCTS,777,3,0,2,UCT_MCTS,MLP_ROOT_MCTS,UCT_MCTS,31,16,15,78258,67340,0,15,0,1557900,1682838200,1579404100
fixed_time_100ms,UCT_MCTS_vs_MLP_ROOT_MCTS,777,3,1,2,MLP_ROOT_MCTS,UCT_MCTS,MLP_ROOT_MCTS,29,14,15,79114,94233,0,15,0,1649700,1463182300,1562769400
fixed_time_100ms,UCT_MCTS_vs_MLP_ROOT_MCTS,777,4,0,5,UCT_MCTS,MLP_ROOT_MCTS,MLP_ROOT_MCTS,34,17,17,143511,196046,0,17,0,1765300,1756221300,1752556300
fixed_time_100ms,UCT_MCTS_vs_MLP_ROOT_MCTS,777,4,1,5,MLP_ROOT_MCTS,UCT_MCTS,MLP_ROOT_MCTS,29,14,15,93933,107537,0,15,0,1569200,1460323900,1559501300
fixed_time_100ms,UCT_MCTS_vs_MLP_ROOT_MCTS,777,5,0,2,UCT_MCTS,MLP_ROOT_MCTS,UCT_MCTS,31,16,15,87047,71153,0,15,0,1617800,1662931400,1563478100
fixed_time_100ms,UCT_MCTS_vs_MLP_ROOT_MCTS,777,5,1,2,MLP_ROOT_MCTS,UCT_MCTS,MLP_ROOT_MCTS,31,15,16,127258,173013,0,16,0,1662800,1561223500,1664673900
fixed_time_100ms,UCT_MCTS_vs_MLP_ROOT_MCTS,777,6,0,6,UCT_MCTS,MLP_ROOT_MCTS,UCT_MCTS,33,17,16,199465,150412,0,16,0,1633500,1754790500,1654791800
fixed_time_100ms,UCT_MCTS_vs_MLP_ROOT_MCTS,777,6,1,6,MLP_ROOT_MCTS,UCT_MCTS,MLP_ROOT_MCTS,33,16,17,101670,160721,0,17,0,1827900,1661453700,1761436300
fixed_time_100ms,UCT_MCTS_vs_MLP_ROOT_MCTS,777,7,0,6,UCT_MCTS,MLP_ROOT_MCTS,UCT_MCTS,25,13,12,91677,73410,0,12,0,1323700,1354704000,1253285300
fixed_time_100ms,UCT_MCTS_vs_MLP_ROOT_MCTS,777,7,1,6,MLP_ROOT_MCTS,UCT_MCTS,MLP_ROOT_MCTS,19,9,10,52996,101324,0,10,0,1027500,940979900,1042154100
fixed_time_100ms,UCT_MCTS_vs_MLP_ROOT_MCTS,777,8,0,6,UCT_MCTS,MLP_ROOT_MCTS,UCT_MCTS,27,14,13,100509,88165,0,13,0,1354500,1452926300,1349441800
fixed_time_100ms,UCT_MCTS_vs_MLP_ROOT_MCTS,777,8,1,6,MLP_ROOT_MCTS,UCT_MCTS,MLP_ROOT_MCTS,29,14,15,77553,89977,0,15,0,1630100,1451208300,1553045100
fixed_time_100ms,UCT_MCTS_vs_MLP_ROOT_MCTS,777,9,0,3,UCT_MCTS,MLP_ROOT_MCTS,DRAW,39,20,19,180869,123354,0,19,0,1988500,2068057400,1968625700
fixed_time_100ms,UCT_MCTS_vs_MLP_ROOT_MCTS,777,9,1,3,MLP_ROOT_MCTS,UCT_MCTS,DRAW,39,19,20,135435,191762,0,20,0,2115300,1964399300,2066551700
fixed_time_100ms,UCT_MCTS_vs_MLP_ROOT_MCTS,777,10,0,5,UCT_MCTS,MLP_ROOT_MCTS,MLP_ROOT_MCTS,12,6,6,32446,75370,0,6,0,596200,627645800,623964800
fixed_time_100ms,UCT_MCTS_vs_MLP_ROOT_MCTS,777,10,1,5,MLP_ROOT_MCTS,UCT_MCTS,UCT_MCTS,12,6,6,75016,30598,0,6,0,630200,623668200,626897400
fixed_time_100ms,UCT_MCTS_vs_MLP_ROOT_MCTS,777,11,0,5,UCT_MCTS,MLP_ROOT_MCTS,MLP_ROOT_MCTS,28,14,14,98172,114527,0,14,0,1458500,1459122500,1455121400
fixed_time_100ms,UCT_MCTS_vs_MLP_ROOT_MCTS,777,11,1,5,MLP_ROOT_MCTS,UCT_MCTS,MLP_ROOT_MCTS,31,15,16,93464,156121,0,16,0,1631200,1560453400,1661215600
fixed_time_100ms,UCT_MCTS_vs_MLP_ROOT_MCTS,777,12,0,3,UCT_MCTS,MLP_ROOT_MCTS,MLP_ROOT_MCTS,16,8,8,43842,81296,0,8,0,806700,834047500,832085400
fixed_time_100ms,UCT_MCTS_vs_MLP_ROOT_MCTS,777,12,1,3,MLP_ROOT_MCTS,UCT_MCTS,MLP_ROOT_MCTS,29,14,15,93798,145022,0,15,0,1577900,1455553400,1557018300
fixed_time_100ms,UCT_MCTS_vs_MLP_ROOT_MCTS,777,13,0,2,UCT_MCTS,MLP_ROOT_MCTS,UCT_MCTS,23,12,11,85066,52050,0,11,0,1115800,1254499100,1152570700
fixed_time_100ms,UCT_MCTS_vs_MLP_ROOT_MCTS,777,13,1,2,MLP_ROOT_MCTS,UCT_MCTS,UCT_MCTS,40,20,20,216758,172208,0,20,0,2112100,2059150800,2060780300
fixed_time_100ms,UCT_MCTS_vs_MLP_ROOT_MCTS,777,14,0,5,UCT_MCTS,MLP_ROOT_MCTS,MLP_ROOT_MCTS,28,14,14,95076,136352,0,14,0,1425700,1455221800,1454890200
fixed_time_100ms,UCT_MCTS_vs_MLP_ROOT_MCTS,777,14,1,5,MLP_ROOT_MCTS,UCT_MCTS,MLP_ROOT_MCTS,27,13,14,71520,93338,0,14,0,1469100,1355356200,1456991100
fixed_time_100ms,UCT_MCTS_vs_MLP_ROOT_MCTS,777,15,0,6,UCT_MCTS,MLP_ROOT_MCTS,UCT_MCTS,29,15,14,112886,86502,0,14,0,1452100,1554977200,1452892500
fixed_time_100ms,UCT_MCTS_vs_MLP_ROOT_MCTS,777,15,1,6,MLP_ROOT_MCTS,UCT_MCTS,UCT_MCTS,30,15,15,142651,96186,0,15,0,1464800,1561531200,1564542600
fixed_time_100ms,UCT_MCTS_vs_MLP_ROOT_MCTS,777,16,0,3,UCT_MCTS,MLP_ROOT_MCTS,MLP_ROOT_MCTS,28,14,14,108218,114246,0,14,0,1449700,1453580900,1450117200
fixed_time_100ms,UCT_MCTS_vs_MLP_ROOT_MCTS,777,16,1,3,MLP_ROOT_MCTS,UCT_MCTS,DRAW,39,19,20,144711,198853,0,20,0,2108600,1959137300,2062378800
fixed_time_100ms,UCT_MCTS_vs_MLP_ROOT_MCTS,777,17,0,5,UCT_MCTS,MLP_ROOT_MCTS,MLP_ROOT_MCTS,18,9,9,62229,106207,0,9,0,935100,937672800,934157500
fixed_time_100ms,UCT_MCTS_vs_MLP_ROOT_MCTS,777,17,1,5,MLP_ROOT_MCTS,UCT_MCTS,MLP_ROOT_MCTS,27,13,14,93951,107584,0,14,0,1457400,1349264100,1448946400
fixed_time_100ms,UCT_MCTS_vs_MLP_ROOT_MCTS,777,18,0,6,UCT_MCTS,MLP_ROOT_MCTS,MLP_ROOT_MCTS,36,18,18,154534,205149,0,18,0,1900900,1861016800,1856574600
fixed_time_100ms,UCT_MCTS_vs_MLP_ROOT_MCTS,777,18,1,6,MLP_ROOT_MCTS,UCT_MCTS,DRAW,36,18,18,195633,143330,0,18,0,1890700,1848973100,1851219100
fixed_time_100ms,UCT_MCTS_vs_MLP_ROOT_MCTS,777,19,0,6,UCT_MCTS,MLP_ROOT_MCTS,UCT_MCTS,13,7,6,71290,35505,0,6,0,626000,729301900,627646400
fixed_time_100ms,UCT_MCTS_vs_MLP_ROOT_MCTS,777,19,1,6,MLP_ROOT_MCTS,UCT_MCTS,MLP_ROOT_MCTS,27,13,14,67246,79266,0,14,0,1459500,1359427200,1459779000
fixed_time_100ms,UCT_MCTS_vs_MLP_ROOT_MCTS,777,20,0,2,UCT_MCTS,MLP_ROOT_MCTS,MLP_ROOT_MCTS,38,19,19,174559,214867,0,19,0,2035600,1959971500,1955076600
fixed_time_100ms,UCT_MCTS_vs_MLP_ROOT_MCTS,777,20,1,2,MLP_ROOT_MCTS,UCT_MCTS,MLP_ROOT_MCTS,21,10,11,51577,99283,0,11,0,1148200,1043604300,1144017300
fixed_time_100ms,UCT_MCTS_vs_MLP_ROOT_MCTS,777,21,0,6,UCT_MCTS,MLP_ROOT_MCTS,MLP_ROOT_MCTS,28,14,14,99141,121160,0,14,0,1440600,1455624900,1450632500
fixed_time_100ms,UCT_MCTS_vs_MLP_ROOT_MCTS,777,21,1,6,MLP_ROOT_MCTS,UCT_MCTS,UCT_MCTS,14,7,7,86879,54075,0,7,0,730200,726781100,728144700
fixed_time_100ms,UCT_MCTS_vs_MLP_ROOT_MCTS,777,22,0,6,UCT_MCTS,MLP_ROOT_MCTS,UCT_MCTS,23,12,11,107235,82513,0,11,0,1125600,1245571600,1141963000
fixed_time_100ms,UCT_MCTS_vs_MLP_ROOT_MCTS,777,22,1,6,MLP_ROOT_MCTS,UCT_MCTS,MLP_ROOT_MCTS,33,16,17,143709,194303,0,17,0,1704600,1663215800,1765068300
fixed_time_100ms,UCT_MCTS_vs_MLP_ROOT_MCTS,777,23,0,3,UCT_MCTS,MLP_ROOT_MCTS,MLP_ROOT_MCTS,32,16,16,103691,122161,0,16,0,1893900,1664125400,1660650200
fixed_time_100ms,UCT_MCTS_vs_MLP_ROOT_MCTS,777,23,1,3,MLP_ROOT_MCTS,UCT_MCTS,UCT_MCTS,24,12,12,88700,66024,0,12,0,1298800,1253191300,1256783600
fixed_time_100ms,UCT_MCTS_vs_MLP_ROOT_MCTS,777,24,0,4,UCT_MCTS,MLP_ROOT_MCTS,UCT_MCTS,27,14,13,105450,89677,0,13,0,1324100,1455410800,1354505200
fixed_time_100ms,UCT_MCTS_vs_MLP_ROOT_MCTS,777,24,1,4,MLP_ROOT_MCTS,UCT_MCTS,MLP_ROOT_MCTS,31,15,16,88664,105855,0,16,0,1629000,1559941800,1657253000
fixed_time_100ms,UCT_MCTS_vs_MLP_ROOT_MCTS,777,25,0,6,UCT_MCTS,MLP_ROOT_MCTS,UCT_MCTS,25,13,12,110317,90608,0,12,0,1275500,1354294600,1251983200
fixed_time_100ms,UCT_MCTS_vs_MLP_ROOT_MCTS,777,25,1,6,MLP_ROOT_MCTS,UCT_MCTS,UCT_MCTS,28,14,14,98359,86695,0,14,0,1519600,1455840700,1458961200
fixed_time_100ms,UCT_MCTS_vs_MLP_ROOT_MCTS,777,26,0,4,UCT_MCTS,MLP_ROOT_MCTS,UCT_MCTS,27,14,13,104234,81097,0,13,0,1344900,1454944800,1355209900
fixed_time_100ms,UCT_MCTS_vs_MLP_ROOT_MCTS,777,26,1,4,MLP_ROOT_MCTS,UCT_MCTS,UCT_MCTS,28,14,14,131169,89575,0,14,0,1447200,1457478700,1460150900
fixed_time_100ms,UCT_MCTS_vs_MLP_ROOT_MCTS,777,27,0,3,UCT_MCTS,MLP_ROOT_MCTS,UCT_MCTS,33,17,16,184743,139371,0,16,0,1699600,1762369900,1660977600
fixed_time_100ms,UCT_MCTS_vs_MLP_ROOT_MCTS,777,27,1,3,MLP_ROOT_MCTS,UCT_MCTS,MLP_ROOT_MCTS,31,15,16,87784,102938,0,16,0,1597600,1556837200,1655491200
fixed_time_100ms,UCT_MCTS_vs_MLP_ROOT_MCTS,777,28,0,3,UCT_MCTS,MLP_ROOT_MCTS,UCT_MCTS,33,17,16,171054,116067,0,16,0,1752800,1755582400,1655276200
fixed_time_100ms,UCT_MCTS_vs_MLP_ROOT_MCTS,777,28,1,3,MLP_ROOT_MCTS,UCT_MCTS,UCT_MCTS,32,16,16,129158,109099,0,16,0,1771800,1644316500,1649300700
fixed_time_100ms,UCT_MCTS_vs_MLP_ROOT_MCTS,777,29,0,2,UCT_MCTS,MLP_ROOT_MCTS,MLP_ROOT_MCTS,32,16,16,133905,179615,0,16,0,1641600,1657181700,1658878500
fixed_time_100ms,UCT_MCTS_vs_MLP_ROOT_MCTS,777,29,1,2,MLP_ROOT_MCTS,UCT_MCTS,UCT_MCTS,32,16,16,165777,117685,0,16,0,1632300,1662660100,1661901900
fixed_time_100ms,UCT_MCTS_vs_MLP_ROOT_MCTS,777,30,0,4,UCT_MCTS,MLP_ROOT_MCTS,UCT_MCTS,11,6,5,85159,41796,0,5,0,502500,618266700,519885300
fixed_time_100ms,UCT_MCTS_vs_MLP_ROOT_MCTS,777,30,1,4,MLP_ROOT_MCTS,UCT_MCTS,MLP_ROOT_MCTS,19,9,10,33817,65781,0,10,0,1021600,940495000,1044448000
fixed_time_100ms,UCT_MCTS_vs_MLP_ROOT_MCTS,777,31,0,2,UCT_MCTS,MLP_ROOT_MCTS,MLP_ROOT_MCTS,38,19,19,113839,167285,0,19,0,1931400,1968545600,1967034800
fixed_time_100ms,UCT_MCTS_vs_MLP_ROOT_MCTS,777,31,1,2,MLP_ROOT_MCTS,UCT_MCTS,UCT_MCTS,36,18,18,180067,128273,0,18,0,1915800,1860088700,1862273300
fixed_time_100ms,UCT_MCTS_vs_MLP_ROOT_MCTS,777,32,0,4,UCT_MCTS,MLP_ROOT_MCTS,UCT_MCTS,3,2,1,55990,15773,0,1,0,102400,203717100,102648600
fixed_time_100ms,UCT_MCTS_vs_MLP_ROOT_MCTS,777,32,1,4,MLP_ROOT_MCTS,UCT_MCTS,MLP_ROOT_MCTS,3,1,2,16917,59836,0,2,0,206200,102633200,203609100
fixed_time_100ms,UCT_MCTS_vs_MLP_ROOT_MCTS,777,33,0,6,UCT_MCTS,MLP_ROOT_MCTS,DRAW,36,18,18,135185,188762,0,18,0,1848500,1860605100,1858066900
fixed_time_100ms,UCT_MCTS_vs_MLP_ROOT_MCTS,777,33,1,6,MLP_ROOT_MCTS,UCT_MCTS,UCT_MCTS,30,15,15,112003,91833,0,15,0,1580900,1553103300,1555681400
fixed_time_100ms,UCT_MCTS_vs_MLP_ROOT_MCTS,777,34,0,2,UCT_MCTS,MLP_ROOT_MCTS,UCT_MCTS,31,16,15,124823,98896,0,15,0,1650400,1650332100,1551645900
fixed_time_100ms,UCT_MCTS_vs_MLP_ROOT_MCTS,777,34,1,2,MLP_ROOT_MCTS,UCT_MCTS,MLP_ROOT_MCTS,23,11,12,55871,100093,0,12,0,1237000,1151475000,1249279100
fixed_time_100ms,UCT_MCTS_vs_MLP_ROOT_MCTS,777,35,0,6,UCT_MCTS,MLP_ROOT_MCTS,MLP_ROOT_MCTS,16,8,8,43392,85237,0,8,0,810500,835624800,833475800
fixed_time_100ms,UCT_MCTS_vs_MLP_ROOT_MCTS,777,35,1,6,MLP_ROOT_MCTS,UCT_MCTS,UCT_MCTS,32,16,16,164524,114849,0,16,0,1685900,1661932200,1663260300
fixed_time_100ms,UCT_MCTS_vs_MLP_ROOT_MCTS,777,36,0,4,UCT_MCTS,MLP_ROOT_MCTS,UCT_MCTS,17,9,8,84392,39348,0,8,0,812600,937945000,837117000
fixed_time_100ms,UCT_MCTS_vs_MLP_ROOT_MCTS,777,36,1,4,MLP_ROOT_MCTS,UCT_MCTS,MLP_ROOT_MCTS,31,15,16,91193,97874,0,16,0,1718400,1559178400,1657472200
fixed_time_100ms,UCT_MCTS_vs_MLP_ROOT_MCTS,777,37,0,5,UCT_MCTS,MLP_ROOT_MCTS,UCT_MCTS,29,15,14,108411,95533,0,14,0,1444000,1558201800,1457584900
fixed_time_100ms,UCT_MCTS_vs_MLP_ROOT_MCTS,777,37,1,5,MLP_ROOT_MCTS,UCT_MCTS,MLP_ROOT_MCTS,35,17,18,158819,205317,0,18,0,1947900,1751607700,1851541800
fixed_time_100ms,UCT_MCTS_vs_MLP_ROOT_MCTS,777,38,0,6,UCT_MCTS,MLP_ROOT_MCTS,DRAW,36,18,18,146091,199923,0,18,0,2862700,1854014800,1852242200
fixed_time_100ms,UCT_MCTS_vs_MLP_ROOT_MCTS,777,38,1,6,MLP_ROOT_MCTS,UCT_MCTS,UCT_MCTS,24,12,12,112424,72662,0,12,0,1206100,1252881100,1253837300
fixed_time_100ms,UCT_MCTS_vs_MLP_ROOT_MCTS,777,39,0,4,UCT_MCTS,MLP_ROOT_MCTS,MLP_ROOT_MCTS,24,12,12,83924,124399,0,12,0,1258100,1253933200,1248056800
fixed_time_100ms,UCT_MCTS_vs_MLP_ROOT_MCTS,777,39,1,4,MLP_ROOT_MCTS,UCT_MCTS,MLP_ROOT_MCTS,33,16,17,134329,190120,0,17,0,1745600,1649901600,1752634400
fixed_time_100ms,UCT_MCTS_vs_MLP_ROOT_MCTS,777,40,0,2,UCT_MCTS,MLP_ROOT_MCTS,UCT_MCTS,29,15,14,126227,84843,0,14,0,1445800,1560811700,1460891900
fixed_time_100ms,UCT_MCTS_vs_MLP_ROOT_MCTS,777,40,1,2,MLP_ROOT_MCTS,UCT_MCTS,MLP_ROOT_MCTS,33,16,17,138888,187162,0,17,0,1783800,1651890700,1749168200
fixed_time_100ms,UCT_MCTS_vs_MLP_ROOT_MCTS,777,41,0,4,UCT_MCTS,MLP_ROOT_MCTS,UCT_MCTS,31,16,15,133010,116450,0,15,0,1535600,1651070600,1547706100
fixed_time_100ms,UCT_MCTS_vs_MLP_ROOT_MCTS,777,41,1,4,MLP_ROOT_MCTS,UCT_MCTS,UCT_MCTS,28,14,14,107223,99159,0,14,0,1617600,1448387000,1450704200
fixed_time_100ms,UCT_MCTS_vs_MLP_ROOT_MCTS,777,42,0,3,UCT_MCTS,MLP_ROOT_MCTS,DRAW,39,20,19,206537,150431,0,19,0,2012700,2049689300,1948799700
fixed_time_100ms,UCT_MCTS_vs_MLP_ROOT_MCTS,777,42,1,3,MLP_ROOT_MCTS,UCT_MCTS,UCT_MCTS,34,17,17,182681,134430,0,17,0,1785400,1766854900,1768166900
fixed_time_100ms,UCT_MCTS_vs_MLP_ROOT_MCTS,777,43,0,6,UCT_MCTS,MLP_ROOT_MCTS,UCT_MCTS,1,1,0,54549,0,0,0,0,0,100599600,0
fixed_time_100ms,UCT_MCTS_vs_MLP_ROOT_MCTS,777,43,1,6,MLP_ROOT_MCTS,UCT_MCTS,MLP_ROOT_MCTS,1,0,1,0,54892,0,1,0,107700,0,100474900
fixed_time_100ms,UCT_MCTS_vs_MLP_ROOT_MCTS,777,44,0,4,UCT_MCTS,MLP_ROOT_MCTS,UCT_MCTS,33,17,16,122726,118774,0,16,0,1945400,1754645800,1657962100
fixed_time_100ms,UCT_MCTS_vs_MLP_ROOT_MCTS,777,44,1,4,MLP_ROOT_MCTS,UCT_MCTS,MLP_ROOT_MCTS,31,15,16,92964,136842,0,16,0,2344300,1561536200,1663602300
fixed_time_100ms,UCT_MCTS_vs_MLP_ROOT_MCTS,777,45,0,2,UCT_MCTS,MLP_ROOT_MCTS,MLP_ROOT_MCTS,30,15,15,80958,127977,0,15,0,1971900,1569289200,1565883100
fixed_time_100ms,UCT_MCTS_vs_MLP_ROOT_MCTS,777,45,1,2,MLP_ROOT_MCTS,UCT_MCTS,UCT_MCTS,34,17,17,154167,111377,0,17,0,1814100,1757362300,1758140500
fixed_time_100ms,UCT_MCTS_vs_MLP_ROOT_MCTS,777,46,0,3,UCT_MCTS,MLP_ROOT_MCTS,MLP_ROOT_MCTS,12,6,6,34567,76674,0,6,0,630400,623375900,620331000
fixed_time_100ms,UCT_MCTS_vs_MLP_ROOT_MCTS,777,46,1,3,MLP_ROOT_MCTS,UCT_MCTS,UCT_MCTS,18,9,9,92551,49200,0,9,0,946100,937514500,940625700
fixed_time_100ms,UCT_MCTS_vs_MLP_ROOT_MCTS,777,47,0,5,UCT_MCTS,MLP_ROOT_MCTS,UCT_MCTS,29,15,14,108652,92755,0,14,0,1471600,1558926300,1457359100
fixed_time_100ms,UCT_MCTS_vs_MLP_ROOT_MCTS,777,47,1,5,MLP_ROOT_MCTS,UCT_MCTS,UCT_MCTS,30,15,15,113266,111815,0,15,0,1661800,1555173700,1558315200
fixed_time_100ms,UCT_MCTS_vs_MLP_ROOT_MCTS,777,48,0,3,UCT_MCTS,MLP_ROOT_MCTS,UCT_MCTS,13,7,6,95848,61806,0,6,0,730300,721485000,620539800
fixed_time_100ms,UCT_MCTS_vs_MLP_ROOT_MCTS,777,48,1,3,MLP_ROOT_MCTS,UCT_MCTS,MLP_ROOT_MCTS,33,16,17,102765,121176,0,17,0,1772100,1663522700,1763388800
fixed_time_100ms,UCT_MCTS_vs_MLP_ROOT_MCTS,777,49,0,2,UCT_MCTS,MLP_ROOT_MCTS,UCT_MCTS,31,16,15,107278,92291,0,15,0,1576900,1662487300,1561102100
fixed_time_100ms,UCT_MCTS_vs_MLP_ROOT_MCTS,777,49,1,2,MLP_ROOT_MCTS,UCT_MCTS,DRAW,40,20,20,205560,149936,0,20,0,2149000,2067414300,2070254600
fixed_time_100ms,UCT_MCTS_vs_CNN_ROOT_MCTS,42,0,0,4,UCT_MCTS,CNN_ROOT_MCTS,CNN_ROOT_MCTS,30,15,15,77362,86311,0,15,0,55992600,1559469700,1554472200
fixed_time_100ms,UCT_MCTS_vs_CNN_ROOT_MCTS,42,0,1,4,CNN_ROOT_MCTS,UCT_MCTS,CNN_ROOT_MCTS,35,17,18,163942,189168,0,18,0,68259600,1763264600,1860240300
fixed_time_100ms,UCT_MCTS_vs_CNN_ROOT_MCTS,42,1,0,6,UCT_MCTS,CNN_ROOT_MCTS,UCT_MCTS,25,13,12,131151,77000,0,12,0,45500100,1354250700,1252657400
fixed_time_100ms,UCT_MCTS_vs_CNN_ROOT_MCTS,42,1,1,6,CNN_ROOT_MCTS,UCT_MCTS,UCT_MCTS,36,18,18,209310,153953,0,18,0,67573000,1854006400,1853903500
fixed_time_100ms,UCT_MCTS_vs_CNN_ROOT_MCTS,42,2,0,2,UCT_MCTS,CNN_ROOT_MCTS,UCT_MCTS,31,16,15,173609,113624,0,15,0,57722000,1660804200,1558505200
fixed_time_100ms,UCT_MCTS_vs_CNN_ROOT_MCTS,42,2,1,2,CNN_ROOT_MCTS,UCT_MCTS,CNN_ROOT_MCTS,31,15,16,80090,89484,0,16,0,59810800,1563746400,1661602900
fixed_time_100ms,UCT_MCTS_vs_CNN_ROOT_MCTS,42,3,0,6,UCT_MCTS,CNN_ROOT_MCTS,CNN_ROOT_MCTS,24,12,12,94582,110918,0,12,0,45861400,1248781000,1243023500
fixed_time_100ms,UCT_MCTS_vs_CNN_ROOT_MCTS,42,3,1,6,CNN_ROOT_MCTS,UCT_MCTS,UCT_MCTS,24,12,12,102524,82151,0,12,0,45234000,1247292500,1252360000
fixed_time_100ms,UCT_MCTS_vs_CNN_ROOT_MCTS,42,4,0,5,UCT_MCTS,CNN_ROOT_MCTS,DRAW,37,19,18,195341,130708,0,18,0,68186400,1957643900,1852906800
fixed_time_100ms,UCT_MCTS_vs_CNN_ROOT_MCTS,42,4,1,5,CNN_ROOT_MCTS,UCT_MCTS,UCT_MCTS,18,9,9,94669,46769,0,9,0,33468500,939190000,941380200
fixed_time_100ms,UCT_MCTS_vs_CNN_ROOT_MCTS,42,5,0,5,UCT_MCTS,CNN_ROOT_MCTS,CNN_ROOT_MCTS,28,14,14,88043,92941,0,14,0,52069400,1459356600,1451871300
fixed_time_100ms,UCT_MCTS_vs_CNN_ROOT_MCTS,42,5,1,5,CNN_ROOT_MCTS,UCT_MCTS,UCT_MCTS,12,6,6,86422,52232,0,6,0,22571100,619838100,621303600
fixed_time_100ms,UCT_MCTS_vs_CNN_ROOT_MCTS,42,6,0,2,UCT_MCTS,CNN_ROOT_MCTS,UCT_MCTS,31,16,15,110074,78807,0,15,0,56643000,1666314000,1562857700
fixed_time_100ms,UCT_MCTS_vs_CNN_ROOT_MCTS,42,6,1,2,CNN_ROOT_MCTS,UCT_MCTS,UCT_MCTS,34,17,17,186454,135358,0,17,0,64128600,1765085900,1762871400
fixed_time_100ms,UCT_MCTS_vs_CNN_ROOT_MCTS,42,7,0,5,UCT_MCTS,CNN_ROOT_MCTS,UCT_MCTS,27,14,13,96937,76193,0,13,0,48729300,1462689000,1356783300
fixed_time_100ms,UCT_MCTS_vs_CNN_ROOT_MCTS,42,7,1,5,CNN_ROOT_MCTS,UCT_MCTS,CNN_ROOT_MCTS,29,14,15,125225,172194,0,15,0,57325100,1454724400,1554017200
fixed_time_100ms,UCT_MCTS_vs_CNN_ROOT_MCTS,42,8,0,6,UCT_MCTS,CNN_ROOT_MCTS,UCT_MCTS,1,1,0,65783,0,0,0,0,0,100269700,0
fixed_time_100ms,UCT_MCTS_vs_CNN_ROOT_MCTS,42,8,1,6,CNN_ROOT_MCTS,UCT_MCTS,CNN_ROOT_MCTS,1,0,1,0,60898,0,1,0,3684100,0,100170000
fixed_time_100ms,UCT_MCTS_vs_CNN_ROOT_MCTS,42,9,0,6,UCT_MCTS,CNN_ROOT_MCTS,UCT_MCTS,25,13,12,97186,82949,0,12,0,44964400,1342226000,1240590600
fixed_time_100ms,UCT_MCTS_vs_CNN_ROOT_MCTS,42,9,1,6,CNN_ROOT_MCTS,UCT_MCTS,UCT_MCTS,28,14,14,115505,95638,0,14,0,52161600,1454572900,1455332000
fixed_time_100ms,UCT_MCTS_vs_CNN_ROOT_MCTS,42,10,0,3,UCT_MCTS,CNN_ROOT_MCTS,UCT_MCTS,35,18,17,154571,99008,0,17,0,63979100,1862285900,1761142400
fixed_time_100ms,UCT_MCTS_vs_CNN_ROOT_MCTS,42,10,1,3,CNN_ROOT_MCTS,UCT_MCTS,CNN_ROOT_MCTS,35,17,18,148395,187741,0,18,0,67524300,1758104800,1855597200
fixed_time_100ms,UCT_MCTS_vs_CNN_ROOT_MCTS,42,11,0,3,UCT_MCTS,CNN_ROOT_MCTS,UCT_MCTS,35,18,17,158102,94405,0,17,0,63790100,1874308800,1771574600
fixed_time_100ms,UCT_MCTS_vs_CNN_ROOT_MCTS,42,11,1,3,CNN_ROOT_MCTS,UCT_MCTS,CNN_ROOT_MCTS,35,17,18,96019,151828,0,18,0,67545300,1769665300,1867286500
fixed_time_100ms,UCT_MCTS_vs_CNN_ROOT_MCTS,42,12,0,2,UCT_MCTS,CNN_ROOT_MCTS,CNN_ROOT_MCTS,32,16,16,91739,101070,0,16,0,60532600,1665248000,1661375300
fixed_time_100ms,UCT_MCTS_vs_CNN_ROOT_MCTS,42,12,1,2,CNN_ROOT_MCTS,UCT_MCTS,UCT_MCTS,30,15,15,110567,94244,0,15,0,56580100,1562464600,1561855600
fixed_time_100ms,UCT_MCTS_vs_CNN_ROOT_MCTS,42,13,0,2,UCT_MCTS,CNN_ROOT_MCTS,CNN_ROOT_MCTS,34,17,17,93863,145071,0,17,0,63069100,1772568400,1767759300
fixed_time_100ms,UCT_MCTS_vs_CNN_ROOT_MCTS,42,13,1,2,CNN_ROOT_MCTS,UCT_MCTS,CNN_ROOT_MCTS,19,9,10,64268,101008,0,10,0,37428500,933026700,1032864300
fixed_time_100ms,UCT_MCTS_vs_CNN_ROOT_MCTS,42,14,0,2,UCT_MCTS,CNN_ROOT_MCTS,DRAW,40,20,20,150591,195028,0,20,0,75654600,2063898500,2058320700
fixed_time_100ms,UCT_MCTS_vs_CNN_ROOT_MCTS,42,14,1,2,CNN_ROOT_MCTS,UCT_MCTS,CNN_ROOT_MCTS,17,8,9,42820,84250,0,9,0,33827900,833410900,931673800
fixed_time_100ms,UCT_MCTS_vs_CNN_ROOT_MCTS,42,15,0,2,UCT_MCTS,CNN_ROOT_MCTS,CNN_ROOT_MCTS,32,16,16,138170,172883,0,16,0,59214000,1659748800,1654924900
fixed_time_100ms,UCT_MCTS_vs_CNN_ROOT_MCTS,42,15,1,2,CNN_ROOT_MCTS,UCT_MCTS,UCT_MCTS,36,18,18,135478,110297,0,18,0,69349400,1858180200,1859613800
fixed_time_100ms,UCT_MCTS_vs_CNN_ROOT_MCTS,42,16,0,5,UCT_MCTS,CNN_ROOT_MCTS,UCT_MCTS,3,2,1,67100,19177,0,1,0,3706200,202886000,101947000
fixed_time_100ms,UCT_MCTS_vs_CNN_ROOT_MCTS,42,16,1,5,CNN_ROOT_MCTS,UCT_MCTS,CNN_ROOT_MCTS,3,1,2,21919,59388,0,2,0,7580300,101743200,203681600
fixed_time_100ms,UCT_MCTS_vs_CNN_ROOT_MCTS,42,17,0,4,UCT_MCTS,CNN_ROOT_MCTS,CNN_ROOT_MCTS,26,13,13,90005,130292,0,13,0,49325100,1350893200,1342949100
fixed_time_100ms,UCT_MCTS_vs_CNN_ROOT_MCTS,42,17,1,4,CNN_ROOT_MCTS,UCT_MCTS,UCT_MCTS,28,14,14,79290,63469,0,14,0,52868800,1453501200,1452603000
fixed_time_100ms,UCT_MCTS_vs_CNN_ROOT_MCTS,42,18,0,2,UCT_MCTS,CNN_ROOT_MCTS,CNN_ROOT_MCTS,30,15,15,86432,100499,0,15,0,55667000,1558058400,1553177400
fixed_time_100ms,UCT_MCTS_vs_CNN_ROOT_MCTS,42,18,1,2,CNN_ROOT_MCTS,UCT_MCTS,CNN_ROOT_MCTS,27,13,14,86742,97110,0,14,0,52524300,1356735300,1455008700
fixed_time_100ms,UCT_MCTS_vs_CNN_ROOT_MCTS,42,19,0,2,UCT_MCTS,CNN_ROOT_MCTS,CNN_ROOT_MCTS,34,17,17,92653,104118,0,17,0,63875000,1764094700,1756753500
fixed_time_100ms,UCT_MCTS_vs_CNN_ROOT_MCTS,42,19,1,2,CNN_ROOT_MCTS,UCT_MCTS,UCT_MCTS,32,16,16,183505,139928,0,16,0,60110100,1649136900,1649033200
fixed_time_100ms,UCT_MCTS_vs_CNN_ROOT_MCTS,42,20,0,5,UCT_MCTS,CNN_ROOT_MCTS,UCT_MCTS,3,2,1,67776,13017,0,1,0,3859000,203779000,103216300
fixed_time_100ms,UCT_MCTS_vs_CNN_ROOT_MCTS,42,20,1,5,CNN_ROOT_MCTS,UCT_MCTS,CNN_ROOT_MCTS,3,1,2,17232,52061,0,2,0,7541800,102554100,203897200
fixed_time_100ms,UCT_MCTS_vs_CNN_ROOT_MCTS,42,21,0,6,UCT_MCTS,CNN_ROOT_MCTS,UCT_MCTS,3,2,1,63429,17276,0,1,0,3881400,203674000,102379600
fixed_time_100ms,UCT_MCTS_vs_CNN_ROOT_MCTS,42,21,1,6,CNN_ROOT_MCTS,UCT_MCTS,CNN_ROOT_MCTS,3,1,2,18789,60078,0,2,0,7638700,102109200,203505300
fixed_time_100ms,UCT_MCTS_vs_CNN_ROOT_MCTS,42,22,0,5,UCT_MCTS,CNN_ROOT_MCTS,CNN_ROOT_MCTS,32,16,16,101833,116595,0,16,0,59760100,1646210900,1643298200
fixed_time_100ms,UCT_MCTS_vs_CNN_ROOT_MCTS,42,22,1,5,CNN_ROOT_MCTS,UCT_MCTS,UCT_MCTS,14,7,7,88690,55379,0,7,0,26105200,723491700,725561000
fixed_time_100ms,UCT_MCTS_vs_CNN_ROOT_MCTS,42,23,0,3,UCT_MCTS,CNN_ROOT_MCTS,CNN_ROOT_MCTS,32,16,16,103149,146867,0,16,0,59883100,1667018300,1660287800
fixed_time_100ms,UCT_MCTS_vs_CNN_ROOT_MCTS,42,23,1,3,CNN_ROOT_MCTS,UCT_MCTS,CNN_ROOT_MCTS,27,13,14,78593,87936,0,14,0,52651600,1345601100,1444197100
fixed_time_100ms,UCT_MCTS_vs_CNN_ROOT_MCTS,42,24,0,3,UCT_MCTS,CNN_ROOT_MCTS,CNN_ROOT_MCTS,30,15,15,114717,111678,0,15,0,58010400,1546008400,1542256200
fixed_time_100ms,UCT_MCTS_vs_CNN_ROOT_MCTS,42,24,1,3,CNN_ROOT_MCTS,UCT_MCTS,CNN_ROOT_MCTS,33,16,17,112858,164626,0,17,0,64496300,1651660600,1751070500
fixed_time_100ms,UCT_MCTS_vs_CNN_ROOT_MCTS,42,25,0,3,UCT_MCTS,CNN_ROOT_MCTS,UCT_MCTS,39,20,19,209349,151450,0,19,0,71781200,2054908900,1951022200
fixed_time_100ms,UCT_MCTS_vs_CNN_ROOT_MCTS,42,25,1,3,CNN_ROOT_MCTS,UCT_MCTS,UCT_MCTS,32,16,16,165124,117165,0,16,0,60573200,1657335700,1657431800
fixed_time_100ms,UCT_MCTS_vs_CNN_ROOT_MCTS,42,26,0,4,UCT_MCTS,CNN_ROOT_MCTS,UCT_MCTS,29,15,14,124152,103061,0,14,0,52886500,1549427400,1444864900
fixed_time_100ms,UCT_MCTS_vs_CNN_ROOT_MCTS,42,26,1,4,CNN_ROOT_MCTS,UCT_MCTS,CNN_ROOT_MCTS,17,8,9,71808,100448,0,9,0,34144200,830232400,928940600
fixed_time_100ms,UCT_MCTS_vs_CNN_ROOT_MCTS,42,27,0,6,UCT_MCTS,CNN_ROOT_MCTS,UCT_MCTS,25,13,12,139063,81277,0,12,0,45929800,1355761300,1251804300
fixed_time_100ms,UCT_MCTS_vs_CNN_ROOT_MCTS,42,27,1,6,CNN_ROOT_MCTS,UCT_MCTS,CNN_ROOT_MCTS,23,11,12,64481,104895,0,12,0,45269500,1153823600,1250495100
fixed_time_100ms,UCT_MCTS_vs_CNN_ROOT_MCTS,42,28,0,4,UCT_MCTS,CNN_ROOT_MCTS,UCT_MCTS,29,15,14,93748,77712,0,14,0,52418400,1559666800,1458143500
fixed_time_100ms,UCT_MCTS_vs_CNN_ROOT_MCTS,42,28,1,4,CNN_ROOT_MCTS,UCT_MCTS,CNN_ROOT_MCTS,11,5,6,37299,81098,0,6,0,22562200,519944800,619504000
fixed_time_100ms,UCT_MCTS_vs_CNN_ROOT_MCTS,42,29,0,4,UCT_MCTS,CNN_ROOT_MCTS,UCT_MCTS,3,2,1,57155,9370,0,1,0,3730000,205095900,103867900
fixed_time_100ms,UCT_MCTS_vs_CNN_ROOT_MCTS,42,29,1,4,CNN_ROOT_MCTS,UCT_MCTS,CNN_ROOT_MCTS,3,1,2,10486,51634,0,2,0,7330900,103755100,204778500
fixed_time_100ms,UCT_MCTS_vs_CNN_ROOT_MCTS,42,30,0,2,UCT_MCTS,CNN_ROOT_MCTS,UCT_MCTS,35,18,17,164000,99249,0,17,0,64011400,1868325400,1765683900
fixed_time_100ms,UCT_MCTS_vs_CNN_ROOT_MCTS,42,30,1,2,CNN_ROOT_MCTS,UCT_MCTS,CNN_ROOT_MCTS,35,17,18,95801,151148,0,18,0,67051800,1777934300,1876978500
fixed_time_100ms,UCT_MCTS_vs_CNN_ROOT_MCTS,42,31,0,5,UCT_MCTS,CNN_ROOT_MCTS,UCT_MCTS,21,11,10,106623,63644,0,10,0,37201000,1147684000,1044469900
fixed_time_100ms,UCT_MCTS_vs_CNN_ROOT_MCTS,42,31,1,5,CNN_ROOT_MCTS,UCT_MCTS,CNN_ROOT_MCTS,27,13,14,105407,116606,0,14,0,52631000,1355789900,1454651800
fixed_time_100ms,UCT_MCTS_vs_CNN_ROOT_MCTS,42,32,0,2,UCT_MCTS,CNN_ROOT_MCTS,UCT_MCTS,25,13,12,132736,73136,0,12,0,44698200,1346960800,1246976700
fixed_time_100ms,UCT_MCTS_vs_CNN_ROOT_MCTS,42,32,1,2,CNN_ROOT_MCTS,UCT_MCTS,CNN_ROOT_MCTS,35,17,18,145287,176773,0,18,0,67474100,1765076700,1865974600
fixed_time_100ms,UCT_MCTS_vs_CNN_ROOT_MCTS,42,33,0,6,UCT_MCTS,CNN_ROOT_MCTS,DRAW,36,18,18,141535,186936,0,18,0,67674800,1857132300,1855655300
fixed_time_100ms,UCT_MCTS_vs_CNN_ROOT_MCTS,42,33,1,6,CNN_ROOT_MCTS,UCT_MCTS,UCT_MCTS,24,12,12,98313,82663,0,12,0,45919300,1243737600,1245728900
fixed_time_100ms,UCT_MCTS_vs_CNN_ROOT_MCTS,42,34,0,6,UCT_MCTS,CNN_ROOT_MCTS,CNN_ROOT_MCTS,30,15,15,135868,166790,0,15,0,55949200,1560009100,1553063100
fixed_time_100ms,UCT_MCTS_vs_CNN_ROOT_MCTS,42,34,1,6,CNN_ROOT_MCTS,UCT_MCTS,UCT_MCTS,26,13,13,92910,76038,0,13,0,48310100,1351550400,1355144700
fixed_time_100ms,UCT_MCTS_vs_CNN_ROOT_MCTS,42,35,0,2,UCT_MCTS,CNN_ROOT_MCTS,UCT_MCTS,33,17,16,197716,146975,0,16,0,60395600,1758376100,1656229000
fixed_time_100ms,UCT_MCTS_vs_CNN_ROOT_MCTS,42,35,1,2,CNN_ROOT_MCTS,UCT_MCTS,UCT_MCTS,32,16,16,103422,80679,0,16,0,60646400,1660948300,1662775400
fixed_time_100ms,UCT_MCTS_vs_CNN_ROOT_MCTS,42,36,0,2,UCT_MCTS,CNN_ROOT_MCTS,UCT_MCTS,19,10,9,107476,59732,0,9,0,34364500,1037953300,936619800
fixed_time_100ms,UCT_MCTS_vs_CNN_ROOT_MCTS,42,36,1,2,CNN_ROOT_MCTS,UCT_MCTS,UCT_MCTS,32,16,16,191185,138291,0,16,0,61608800,1651494900,1652552500
fixed_time_100ms,UCT_MCTS_vs_CNN_ROOT_MCTS,42,37,0,2,UCT_MCTS,CNN_ROOT_MCTS,UCT_MCTS,21,11,10,101813,51838,0,10,0,37260100,1145010900,1042376600
fixed_time_100ms,UCT_MCTS_vs_CNN_ROOT_MCTS,42,37,1,2,CNN_ROOT_MCTS,UCT_MCTS,CNN_ROOT_MCTS,27,13,14,76461,88707,0,14,0,53038300,1350552300,1450056200
fixed_time_100ms,UCT_MCTS_vs_CNN_ROOT_MCTS,42,38,0,2,UCT_MCTS,CNN_ROOT_MCTS,UCT_MCTS,31,16,15,113594,97530,0,15,0,56627000,1648890300,1547585600
fixed_time_100ms,UCT_MCTS_vs_CNN_ROOT_MCTS,42,38,1,2,CNN_ROOT_MCTS,UCT_MCTS,CNN_ROOT_MCTS,27,13,14,57871,74772,0,14,0,53244900,1361165000,1459179300
fixed_time_100ms,UCT_MCTS_vs_CNN_ROOT_MCTS,42,39,0,6,UCT_MCTS,CNN_ROOT_MCTS,UCT_MCTS,13,7,6,104845,61787,0,6,0,22633700,722086800,619973300
fixed_time_100ms,UCT_MCTS_vs_CNN_ROOT_MCTS,42,39,1,6,CNN_ROOT_MCTS,UCT_MCTS,CNN_ROOT_MCTS,31,15,16,104046,159335,0,16,0,59664200,1558888600,1657168200
fixed_time_100ms,UCT_MCTS_vs_CNN_ROOT_MCTS,42,40,0,6,UCT_MCTS,CNN_ROOT_MCTS,UCT_MCTS,31,16,15,161452,90294,0,15,0,56657000,1654917000,1552331500
fixed_time_100ms,UCT_MCTS_vs_CNN_ROOT_MCTS,42,40,1,6,CNN_ROOT_MCTS,UCT_MCTS,UCT_MCTS,30,15,15,175897,128382,0,15,0,56653600,1556383900,1555678300
fixed_time_100ms,UCT_MCTS_vs_CNN_ROOT_MCTS,42,41,0,2,UCT_MCTS,CNN_ROOT_MCTS,CNN_ROOT_MCTS,36,18,18,121286,167983,0,18,0,67950000,1865811400,1861335300
fixed_time_100ms,UCT_MCTS_vs_CNN_ROOT_MCTS,42,41,1,2,CNN_ROOT_MCTS,UCT_MCTS,UCT_MCTS,36,18,18,203832,152547,0,18,0,68071600,1854446100,1855558900
fixed_time_100ms,UCT_MCTS_vs_CNN_ROOT_MCTS,42,42,0,3,UCT_MCTS,CNN_ROOT_MCTS,DRAW,39,20,19,201291,137465,0,19,0,71845600,2071392900,1965809400
fixed_time_100ms,UCT_MCTS_vs_CNN_ROOT_MCTS,42,42,1,3,CNN_ROOT_MCTS,UCT_MCTS,CNN_ROOT_MCTS,33,16,17,122350,160797,0,17,0,63508200,1656023700,1753336600
fixed_time_100ms,UCT_MCTS_vs_CNN_ROOT_MCTS,42,43,0,2,UCT_MCTS,CNN_ROOT_MCTS,UCT_MCTS,31,16,15,176770,119465,0,15,0,55903000,1663332500,1560137600
fixed_time_100ms,UCT_MCTS_vs_CNN_ROOT_MCTS,42,43,1,2,CNN_ROOT_MCTS,UCT_MCTS,UCT_MCTS,38,19,19,207948,155916,0,19,0,71156400,1961230100,1961427900
fixed_time_100ms,UCT_MCTS_vs_CNN_ROOT_MCTS,42,44,0,2,UCT_MCTS,CNN_ROOT_MCTS,CNN_ROOT_MCTS,30,15,15,88417,101519,0,15,0,56177700,1561745800,1555578500
fixed_time_100ms,UCT_MCTS_vs_CNN_ROOT_MCTS,42,44,1,2,CNN_ROOT_MCTS,UCT_MCTS,UCT_MCTS,34,17,17,160318,101112,0,17,0,63759000,1763804400,1761120800
fixed_time_100ms,UCT_MCTS_vs_CNN_ROOT_MCTS,42,45,0,4,UCT_MCTS,CNN_ROOT_MCTS,CNN_ROOT_MCTS,28,14,14,97108,108028,0,14,0,53974800,1456111600,1451568200
fixed_time_100ms,UCT_MCTS_vs_CNN_ROOT_MCTS,42,45,1,4,CNN_ROOT_MCTS,UCT_MCTS,CNN_ROOT_MCTS,31,15,16,137760,172154,0,16,0,59636700,1554047200,1654122000
fixed_time_100ms,UCT_MCTS_vs_CNN_ROOT_MCTS,42,46,0,4,UCT_MCTS,CNN_ROOT_MCTS,UCT_MCTS,33,17,16,200915,142114,0,16,0,60517800,1746343400,1643076600
fixed_time_100ms,UCT_MCTS_vs_CNN_ROOT_MCTS,42,46,1,4,CNN_ROOT_MCTS,UCT_MCTS,CNN_ROOT_MCTS,33,16,17,117985,172204,0,17,0,64175900,1650080900,1748771000
fixed_time_100ms,UCT_MCTS_vs_CNN_ROOT_MCTS,42,47,0,4,UCT_MCTS,CNN_ROOT_MCTS,UCT_MCTS,21,11,10,86217,35951,0,10,0,37793500,1152681800,1047796200
fixed_time_100ms,UCT_MCTS_vs_CNN_ROOT_MCTS,42,47,1,4,CNN_ROOT_MCTS,UCT_MCTS,CNN_ROOT_MCTS,33,16,17,122369,168823,0,17,0,65149100,1658149200,1754995800
fixed_time_100ms,UCT_MCTS_vs_CNN_ROOT_MCTS,42,48,0,3,UCT_MCTS,CNN_ROOT_MCTS,UCT_MCTS,17,9,8,71130,36030,0,8,0,30065300,937706800,835185500
fixed_time_100ms,UCT_MCTS_vs_CNN_ROOT_MCTS,42,48,1,3,CNN_ROOT_MCTS,UCT_MCTS,CNN_ROOT_MCTS,29,14,15,92611,99841,0,15,0,56862300,1450783300,1548220400
fixed_time_100ms,UCT_MCTS_vs_CNN_ROOT_MCTS,42,49,0,2,UCT_MCTS,CNN_ROOT_MCTS,UCT_MCTS,35,18,17,172346,105618,0,17,0,63967600,1860858600,1759597600
fixed_time_100ms,UCT_MCTS_vs_CNN_ROOT_MCTS,42,49,1,2,CNN_ROOT_MCTS,UCT_MCTS,DRAW,40,20,20,206472,143609,0,20,0,77152500,2053557900,2052999500
fixed_time_100ms,UCT_MCTS_vs_CNN_ROOT_MCTS,123,0,0,4,UCT_MCTS,CNN_ROOT_MCTS,UCT_MCTS,3,2,1,49535,12697,0,1,0,3877300,205594200,102966200
fixed_time_100ms,UCT_MCTS_vs_CNN_ROOT_MCTS,123,0,1,4,CNN_ROOT_MCTS,UCT_MCTS,CNN_ROOT_MCTS,3,1,2,15714,60595,0,2,0,7527800,103258500,203724300
fixed_time_100ms,UCT_MCTS_vs_CNN_ROOT_MCTS,123,1,0,4,UCT_MCTS,CNN_ROOT_MCTS,CNN_ROOT_MCTS,32,16,16,100489,154631,0,16,0,60496400,1658463000,1651553200
fixed_time_100ms,UCT_MCTS_vs_CNN_ROOT_MCTS,123,1,1,4,CNN_ROOT_MCTS,UCT_MCTS,CNN_ROOT_MCTS,29,14,15,98816,101676,0,15,0,56078500,1453738100,1553245600
fixed_time_100ms,UCT_MCTS_vs_CNN_ROOT_MCTS,123,2,0,3,UCT_MCTS,CNN_ROOT_MCTS,CNN_ROOT_MCTS,34,17,17,104265,156871,0,17,0,64105000,1767911800,1763236700
fixed_time_100ms,UCT_MCTS_vs_CNN_ROOT_MCTS,123,2,1,3,CNN_ROOT_MCTS,UCT_MCTS,CNN_ROOT_MCTS,33,16,17,103270,106630,0,17,0,63989100,1668340900,1766948100
fixed_time_100ms,UCT_MCTS_vs_CNN_ROOT_MCTS,123,3,0,3,UCT_MCTS,CNN_ROOT_MCTS,UCT_MCTS,35,18,17,189651,128435,0,17,0,64038200,1859969800,1756647100
fixed_time_100ms,UCT_MCTS_vs_CNN_ROOT_MCTS,123,3,1,3,CNN_ROOT_MCTS,UCT_MCTS,CNN_ROOT_MCTS,19,9,10,50073,90748,0,10,0,37513400,941594700,1039203700
fixed_time_100ms,UCT_MCTS_vs_CNN_ROOT_MCTS,123,4,0,3,UCT_MCTS,CNN_ROOT_MCTS,UCT_MCTS,33,17,16,187000,137297,0,16,0,59943900,1749133200,1648274200
fixed_time_100ms,UCT_MCTS_vs_CNN_ROOT_MCTS,123,4,1,3,CNN_ROOT_MCTS,UCT_MCTS,UCT_MCTS,34,17,17,165087,99849,0,17,0,63659200,1761863100,1763400300
fixed_time_100ms,UCT_MCTS_vs_CNN_ROOT_MCTS,123,5,0,3,UCT_MCTS,CNN_ROOT_MCTS,CNN_ROOT_MCTS,30,15,15,100872,109175,0,15,0,56281600,1554691300,1547555300
fixed_time_100ms,UCT_MCTS_vs_CNN_ROOT_MCTS,123,5,1,3,CNN_ROOT_MCTS,UCT_MCTS,UCT_MCTS,32,16,16,100883,82083,0,16,0,59038900,1655907300,1659634800
fixed_time_100ms,UCT_MCTS_vs_CNN_ROOT_MCTS,123,6,0,5,UCT_MCTS,CNN_ROOT_MCTS,DRAW,37,19,18,206939,143295,0,18,0,68014600,1955175500,1851020600
fixed_time_100ms,UCT_MCTS_vs_CNN_ROOT_MCTS,123,6,1,5,CNN_ROOT_MCTS,UCT_MCTS,CNN_ROOT_MCTS,19,9,10,48428,88307,0,10,0,37651000,940719000,1040590500
fixed_time_100ms,UCT_MCTS_vs_CNN_ROOT_MCTS,123,7,0,6,UCT_MCTS,CNN_ROOT_MCTS,UCT_MCTS,19,10,9,102409,53611,0,9,0,33418800,1040024300,941022600
fixed_time_100ms,UCT_MCTS_vs_CNN_ROOT_MCTS,123,7,1,6,CNN_ROOT_MCTS,UCT_MCTS,UCT_MCTS,34,17,17,223380,155214,0,17,0,64562900,1749576100,1749246400
fixed_time_100ms,UCT_MCTS_vs_CNN_ROOT_MCTS,123,8,0,4,UCT_MCTS,CNN_ROOT_MCTS,UCT_MCTS,3,2,1,56194,9697,0,1,0,3941000,204628600,103548800
fixed_time_100ms,UCT_MCTS_vs_CNN_ROOT_MCTS,123,8,1,4,CNN_ROOT_MCTS,UCT_MCTS,CNN_ROOT_MCTS,3,1,2,9190,49140,0,2,0,7332100,105068100,205400600
fixed_time_100ms,UCT_MCTS_vs_CNN_ROOT_MCTS,123,9,0,5,UCT_MCTS,CNN_ROOT_MCTS,UCT_MCTS,21,11,10,106921,60004,0,10,0,37785500,1146158600,1044718700
fixed_time_100ms,UCT_MCTS_vs_CNN_ROOT_MCTS,123,9,1,5,CNN_ROOT_MCTS,UCT_MCTS,UCT_MCTS,30,15,15,90028,72999,0,15,0,55823900,1560846600,1561014400
fixed_time_100ms,UCT_MCTS_vs_CNN_ROOT_MCTS,123,10,0,4,UCT_MCTS,CNN_ROOT_MCTS,UCT_MCTS,15,8,7,84040,31333,0,7,0,26107900,832785200,732147900
fixed_time_100ms,UCT_MCTS_vs_CNN_ROOT_MCTS,123,10,1,4,CNN_ROOT_MCTS,UCT_MCTS,CNN_ROOT_MCTS,33,16,17,113172,121465,0,17,0,63773800,1669771400,1767325600
fixed_time_100ms,UCT_MCTS_vs_CNN_ROOT_MCTS,123,11,0,5,UCT_MCTS,CNN_ROOT_MCTS,UCT_MCTS,31,16,15,198725,147648,0,15,0,56072900,1656414400,1553533100
fixed_time_100ms,UCT_MCTS_vs_CNN_ROOT_MCTS,123,11,1,5,CNN_ROOT_MCTS,UCT_MCTS,UCT_MCTS,30,15,15,106075,86346,0,15,0,57072800,1551406600,1551956900
fixed_time_100ms,UCT_MCTS_vs_CNN_ROOT_MCTS,123,12,0,3,UCT_MCTS,CNN_ROOT_MCTS,UCT_MCTS,27,14,13,105327,84240,0,13,0,48876500,1455098300,1353134700
fixed_time_100ms,UCT_MCTS_vs_CNN_ROOT_MCTS,123,12,1,3,CNN_ROOT_MCTS,UCT_MCTS,UCT_MCTS,28,14,14,109950,94089,0,14,0,52805000,1451399900,1452440000
fixed_time_100ms,UCT_MCTS_vs_CNN_ROOT_MCTS,123,13,0,6,UCT_MCTS,CNN_ROOT_MCTS,CNN_ROOT_MCTS,30,15,15,92093,99665,0,15,0,56502600,1554385100,1546871000
fixed_time_100ms,UCT_MCTS_vs_CNN_ROOT_MCTS,123,13,1,6,CNN_ROOT_MCTS,UCT_MCTS,CNN_ROOT_MCTS,29,14,15,125227,165608,0,15,0,56399800,1450624300,1550659700
fixed_time_100ms,UCT_MCTS_vs_CNN_ROOT_MCTS,123,14,0,4,UCT_MCTS,CNN_ROOT_MCTS,CNN_ROOT_MCTS,30,15,15,114335,153868,0,15,0,56337400,1561939900,1553148300
fixed_time_100ms,UCT_MCTS_vs_CNN_ROOT_MCTS,123,14,1,4,CNN_ROOT_MCTS,UCT_MCTS,UCT_MCTS,34,17,17,173764,113021,0,17,0,64324200,1744299300,1747708800
fixed_time_100ms,UCT_MCTS_vs_CNN_ROOT_MCTS,123,15,0,6,UCT_MCTS,CNN_ROOT_MCTS,UCT_MCTS,1,1,0,53385,0,0,0,0,0,100655000,0
fixed_time_100ms,UCT_MCTS_vs_CNN_ROOT_MCTS,123,15,1,6,CNN_ROOT_MCTS,UCT_MCTS,CNN_ROOT_MCTS,1,0,1,0,44893,0,1,0,3787000,0,100885400
fixed_time_100ms,UCT_MCTS_vs_CNN_ROOT_MCTS,123,16,0,6,UCT_MCTS,CNN_ROOT_MCTS,CNN_ROOT_MCTS,30,15,15,93139,95849,0,15,0,57244100,1561204700,1554016000
fixed_time_100ms,UCT_MCTS_vs_CNN_ROOT_MCTS,123,16,1,6,CNN_ROOT_MCTS,UCT_MCTS,CNN_ROOT_MCTS,23,11,12,73158,96679,0,12,0,44820800,1151251300,1249360200
fixed_time_100ms,UCT_MCTS_vs_CNN_ROOT_MCTS,123,17,0,6,UCT_MCTS,CNN_ROOT_MCTS,UCT_MCTS,3,2,1,69830,15493,0,1,0,3730200,202752400,102465700
fixed_time_100ms,UCT_MCTS_vs_CNN_ROOT_MCTS,123,17,1,6,CNN_ROOT_MCTS,UCT_MCTS,CNN_ROOT_MCTS,3,1,2,15799,66281,0,2,0,7670600,102700800,202713000
fixed_time_100ms,UCT_MCTS_vs_CNN_ROOT_MCTS,123,18,0,5,UCT_MCTS,CNN_ROOT_MCTS,CNN_ROOT_MCTS,24,12,12,91112,95717,0,12,0,44424500,1248562600,1241708100
fixed_time_100ms,UCT_MCTS_vs_CNN_ROOT_MCTS,123,18,1,5,CNN_ROOT_MCTS,UCT_MCTS,UCT_MCTS,30,15,15,117815,90790,0,15,0,56468000,1555195600,1555076500
fixed_time_100ms,UCT_MCTS_vs_CNN_ROOT_MCTS,123,19,0,6,UCT_MCTS,CNN_ROOT_MCTS,UCT_MCTS,21,11,10,67462,37567,0,10,0,37259000,1146731000,1042567200
fixed_time_100ms,UCT_MCTS_vs_CNN_ROOT_MCTS,123,19,1,6,CNN_ROOT_MCTS,UCT_MCTS,CNN_ROOT_MCTS,27,13,14,87409,101331,0,14,0,52717000,1345379300,1446807700
fixed_time_100ms,UCT_MCTS_vs_CNN_ROOT_MCTS,123,20,0,6,UCT_MCTS,CNN_ROOT_MCTS,CNN_ROOT_MCTS,32,16,16,110705,162421,0,16,0,60067700,1655574900,1651208200
fixed_time_100ms,UCT_MCTS_vs_CNN_ROOT_MCTS,123,20,1,6,CNN_ROOT_MCTS,UCT_MCTS,UCT_MCTS,20,10,10,72924,41137,0,10,0,37448200,1050268800,1051657100
fixed_time_100ms,UCT_MCTS_vs_CNN_ROOT_MCTS,123,21,0,2,UCT_MCTS,CNN_ROOT_MCTS,CNN_ROOT_MCTS,26,13,13,99989,113370,0,13,0,48505500,1342738000,1338812500
fixed_time_100ms,UCT_MCTS_vs_CNN_ROOT_MCTS,123,21,1,2,CNN_ROOT_MCTS,UCT_MCTS,UCT_MCTS,32,16,16,176664,110176,0,16,0,59677300,1646234200,1650035800
fixed_time_100ms,UCT_MCTS_vs_CNN_ROOT_MCTS,123,22,0,3,UCT_MCTS,CNN_ROOT_MCTS,UCT_MCTS,35,18,17,170209,105370,0,17,0,64987600,1863578000,1761612800
fixed_time_100ms,UCT_MCTS_vs_CNN_ROOT_MCTS,123,22,1,3,CNN_ROOT_MCTS,UCT_MCTS,CNN_ROOT_MCTS,33,16,17,91338,99160,0,17,0,63656100,1656919300,1755050700
fixed_time_100ms,UCT_MCTS_vs_CNN_ROOT_MCTS,123,23,0,4,UCT_MCTS,CNN_ROOT_MCTS,UCT_MCTS,3,2,1,44125,12249,0,1,0,3746800,205736800,103159300
fixed_time_100ms,UCT_MCTS_vs_CNN_ROOT_MCTS,123,23,1,4,CNN_ROOT_MCTS,UCT_MCTS,CNN_ROOT_MCTS,3,1,2,13019,44185,0,2,0,7387600,103093600,205525200
fixed_time_100ms,UCT_MCTS_vs_CNN_ROOT_MCTS,123,24,0,4,UCT_MCTS,CNN_ROOT_MCTS,UCT_MCTS,3,2,1,52653,14317,0,1,0,3873900,204783200,102953600
fixed_time_100ms,UCT_MCTS_vs_CNN_ROOT_MCTS,123,24,1,4,CNN_ROOT_MCTS,UCT_MCTS,CNN_ROOT_MCTS,3,1,2,14287,57924,0,2,0,7491400,103032800,203663300
fixed_time_100ms,UCT_MCTS_vs_CNN_ROOT_MCTS,123,25,0,2,UCT_MCTS,CNN_ROOT_MCTS,CNN_ROOT_MCTS,28,14,14,104835,110939,0,14,0,52781400,1455988800,1451660200
fixed_time_100ms,UCT_MCTS_vs_CNN_ROOT_MCTS,123,25,1,2,CNN_ROOT_MCTS,UCT_MCTS,CNN_ROOT_MCTS,31,15,16,92843,143227,0,16,0,59538800,1563115300,1658735200
fixed_time_100ms,UCT_MCTS_vs_CNN_ROOT_MCTS,123,26,0,3,UCT_MCTS,CNN_ROOT_MCTS,CNN_ROOT_MCTS,30,15,15,90876,98261,0,15,0,56655400,1558812700,1552386600
fixed_time_100ms,UCT_MCTS_vs_CNN_ROOT_MCTS,123,26,1,3,CNN_ROOT_MCTS,UCT_MCTS,UCT_MCTS,18,9,9,101856,47900,0,9,0,34083900,938335300,938965600
fixed_time_100ms,UCT_MCTS_vs_CNN_ROOT_MCTS,123,27,0,6,UCT_MCTS,CNN_ROOT_MCTS,CNN_ROOT_MCTS,14,7,7,28605,56079,0,7,0,27217500,737730800,732159300
fixed_time_100ms,UCT_MCTS_vs_CNN_ROOT_MCTS,123,27,1,6,CNN_ROOT_MCTS,UCT_MCTS,UCT_MCTS,30,15,15,174347,119254,0,15,0,56240900,1546201500,1547945500
fixed_time_100ms,UCT_MCTS_vs_CNN_ROOT_MCTS,123,28,0,5,UCT_MCTS,CNN_ROOT_MCTS,UCT_MCTS,33,17,16,158671,92394,0,16,0,60538000,1761526200,1659762200
fixed_time_100ms,UCT_MCTS_vs_CNN_ROOT_MCTS,123,28,1,5,CNN_ROOT_MCTS,UCT_MCTS,CNN_ROOT_MCTS,29,14,15,100504,106064,0,15,0,57396500,1452429100,1552543500
fixed_time_100ms,UCT_MCTS_vs_CNN_ROOT_MCTS,123,29,0,6,UCT_MCTS,CNN_ROOT_MCTS,CNN_ROOT_MCTS,30,15,15,107593,160175,0,15,0,57051600,1556492200,1552688300
fixed_time_100ms,UCT_MCTS_vs_CNN_ROOT_MCTS,123,29,1,6,CNN_ROOT_MCTS,UCT_MCTS,UCT_MCTS,26,13,13,144506,106542,0,13,0,48615400,1347192000,1347933800
fixed_time_100ms,UCT_MCTS_vs_CNN_ROOT_MCTS,123,30,0,6,UCT_MCTS,CNN_ROOT_MCTS,UCT_MCTS,31,16,15,169512,105454,0,15,0,56373900,1657204200,1552780800
fixed_time_100ms,UCT_MCTS_vs_CNN_ROOT_MCTS,123,30,1,6,CNN_ROOT_MCTS,UCT_MCTS,CNN_ROOT_MCTS,11,5,6,35378,71538,0,6,0,22220500,524185300,624137200
fixed_time_100ms,UCT_MCTS_vs_CNN_ROOT_MCTS,123,31,0,4,UCT_MCTS,CNN_ROOT_MCTS,CNN_ROOT_MCTS,36,18,18,157318,196618,0,18,0,68768400,1857515700,1853819700
fixed_time_100ms,UCT_MCTS_vs_CNN_ROOT_MCTS,123,31,1,4,CNN_ROOT_MCTS,UCT_MCTS,CNN_ROOT_MCTS,23,11,12,53116,93208,0,12,0,45174300,1150625200,1249167900
fixed_time_100ms,UCT_MCTS_vs_CNN_ROOT_MCTS,123,32,0,4,UCT_MCTS,CNN_ROOT_MCTS,UCT_MCTS,3,2,1,57162,9806,0,1,0,3779800,204737100,103551000
fixed_time_100ms,UCT_MCTS_vs_CNN_ROOT_MCTS,123,32,1,4,CNN_ROOT_MCTS,UCT_MCTS,CNN_ROOT_MCTS,3,1,2,10362,47033,0,2,0,7534900,103587000,205251400
fixed_time_100ms,UCT_MCTS_vs_CNN_ROOT_MCTS,123,33,0,2,UCT_MCTS,CNN_ROOT_MCTS,UCT_MCTS,33,17,16,126628,101621,0,16,0,60165900,1755839300,1655094000
fixed_time_100ms,UCT_MCTS_vs_CNN_ROOT_MCTS,123,33,1,2,CNN_ROOT_MCTS,UCT_MCTS,CNN_ROOT_MCTS,31,15,16,122223,161083,0,16,0,60418600,1560244900,1657809500
fixed_time_100ms,UCT_MCTS_vs_CNN_ROOT_MCTS,123,34,0,4,UCT_MCTS,CNN_ROOT_MCTS,UCT_MCTS,35,18,17,196813,138265,0,17,0,64847600,1856974200,1752984100
fixed_time_100ms,UCT_MCTS_vs_CNN_ROOT_MCTS,123,34,1,4,CNN_ROOT_MCTS,UCT_MCTS,UCT_MCTS,32,16,16,114710,88460,0,16,0,60018900,1661473100,1661956800
fixed_time_100ms,UCT_MCTS_vs_CNN_ROOT_MCTS,123,35,0,6,UCT_MCTS,CNN_ROOT_MCTS,UCT_MCTS,33,17,16,204456,149808,0,16,0,59789800,1753197500,1651646500
fixed_time_100ms,UCT_MCTS_vs_CNN_ROOT_MCTS,123,35,1,6,CNN_ROOT_MCTS,UCT_MCTS,UCT_MCTS,30,15,15,176559,114667,0,15,0,56618400,1542423500,1542851300
fixed_time_100ms,UCT_MCTS_vs_CNN_ROOT_MCTS,123,36,0,6,UCT_MCTS,CNN_ROOT_MCTS,CNN_ROOT_MCTS,28,14,14,113484,116383,0,14,0,52868400,1448448500,1443275700
fixed_time_100ms,UCT_MCTS_vs_CNN_ROOT_MCTS,123,36,1,6,CNN_ROOT_MCTS,UCT_MCTS,UCT_MCTS,32,16,16,164982,97177,0,16,0,61048100,1656899100,1656638600
fixed_time_100ms,UCT_MCTS_vs_CNN_ROOT_MCTS,123,37,0,4,UCT_MCTS,CNN_ROOT_MCTS,UCT_MCTS,33,17,16,167465,109541,0,16,0,60226800,1759128800,1656226200
fixed_time_100ms,UCT_MCTS_vs_CNN_ROOT_MCTS,123,37,1,4,CNN_ROOT_MCTS,UCT_MCTS,UCT_MCTS,32,16,16,124946,111835,0,16,0,60109600,1648037100,1648119800
fixed_time_100ms,UCT_MCTS_vs_CNN_ROOT_MCTS,123,38,0,6,UCT_MCTS,CNN_ROOT_MCTS,UCT_MCTS,1,1,0,56661,0,0,0,0,0,100701800,0
fixed_time_100ms,UCT_MCTS_vs_CNN_ROOT_MCTS,123,38,1,6,CNN_ROOT_MCTS,UCT_MCTS,CNN_ROOT_MCTS,1,0,1,0,54552,0,1,0,3636200,0,100670400
fixed_time_100ms,UCT_MCTS_vs_CNN_ROOT_MCTS,123,39,0,6,UCT_MCTS,CNN_ROOT_MCTS,CNN_ROOT_MCTS,28,14,14,90618,94499,0,14,0,52096100,1456942600,1450924000
fixed_time_100ms,UCT_MCTS_vs_CNN_ROOT_MCTS,123,39,1,6,CNN_ROOT_MCTS,UCT_MCTS,UCT_MCTS,26,13,13,114414,93663,0,13,0,49248400,1355665600,1355911300
fixed_time_100ms,UCT_MCTS_vs_CNN_ROOT_MCTS,123,40,0,2,UCT_MCTS,CNN_ROOT_MCTS,CNN_ROOT_MCTS,20,10,10,53099,94669,0,10,0,37335900,1047482300,1041278200
fixed_time_100ms,UCT_MCTS_vs_CNN_ROOT_MCTS,123,40,1,2,CNN_ROOT_MCTS,UCT_MCTS,CNN_ROOT_MCTS,27,13,14,79558,89348,0,14,0,52113700,1360617600,1459226400
fixed_time_100ms,UCT_MCTS_vs_CNN_ROOT_MCTS,123,41,0,5,UCT_MCTS,CNN_ROOT_MCTS,CNN_ROOT_MCTS,28,14,14,93965,102897,0,14,0,52506200,1458112100,1452907600
fixed_time_100ms,UCT_MCTS_vs_CNN_ROOT_MCTS,123,41,1,5,CNN_ROOT_MCTS,UCT_MCTS,CNN_ROOT_MCTS,35,17,18,167349,200207,0,18,0,67212500,1752463000,1852772800
fixed_time_100ms,UCT_MCTS_vs_CNN_ROOT_MCTS,123,42,0,2,UCT_MCTS,CNN_ROOT_MCTS,CNN_ROOT_MCTS,36,18,18,103878,123400,0,18,0,67636900,1858875500,1852911900
fixed_time_100ms,UCT_MCTS_vs_CNN_ROOT_MCTS,123,42,1,2,CNN_ROOT_MCTS,UCT_MCTS,CNN_ROOT_MCTS,29,14,15,78682,98457,0,15,0,56170900,1457313500,1557218200
fixed_time_100ms,UCT_MCTS_vs_CNN_ROOT_MCTS,123,43,0,6,UCT_MCTS,CNN_ROOT_MCTS,UCT_MCTS,27,14,13,95503,68653,0,13,0,49085900,1455530500,1354707700
fixed_time_100ms,UCT_MCTS_vs_CNN_ROOT_MCTS,123,43,1,6,CNN_ROOT_MCTS,UCT_MCTS,CNN_ROOT_MCTS,21,10,11,63103,104018,0,11,0,42194000,1047012600,1146605900
fixed_time_100ms,UCT_MCTS_vs_CNN_ROOT_MCTS,123,44,0,2,UCT_MCTS,CNN_ROOT_MCTS,CNN_ROOT_MCTS,38,19,19,156465,211897,0,19,0,76260600,1960373700,1952421900
fixed_time_100ms,UCT_MCTS_vs_CNN_ROOT_MCTS,123,44,1,2,CNN_ROOT_MCTS,UCT_MCTS,UCT_MCTS,38,19,19,171324,111781,0,19,0,71244700,1973164200,1971044900
fixed_time_100ms,UCT_MCTS_vs_CNN_ROOT_MCTS,123,45,0,5,UCT_MCTS,CNN_ROOT_MCTS,UCT_MCTS,17,9,8,103695,52733,0,8,0,29904700,934127500,832224300
fixed_time_100ms,UCT_MCTS_vs_CNN_ROOT_MCTS,123,45,1,5,CNN_ROOT_MCTS,UCT_MCTS,UCT_MCTS,34,17,17,219886,174968,0,17,0,64308900,1742340300,1743483900
fixed_time_100ms,UCT_MCTS_vs_CNN_ROOT_MCTS,123,46,0,4,UCT_MCTS,CNN_ROOT_MCTS,CNN_ROOT_MCTS,32,16,16,148175,177791,0,16,0,59730600,1653152800,1648951300
fixed_time_100ms,UCT_MCTS_vs_CNN_ROOT_MCTS,123,46,1,4,CNN_ROOT_MCTS,UCT_MCTS,UCT_MCTS,30,15,15,192145,139441,0,15,0,56454400,1552013400,1555742900
fixed_time_100ms,UCT_MCTS_vs_CNN_ROOT_MCTS,123,47,0,3,UCT_MCTS,CNN_ROOT_MCTS,UCT_MCTS,23,12,11,114572,58364,0,11,0,41181000,1249930400,1145948000
fixed_time_100ms,UCT_MCTS_vs_CNN_ROOT_MCTS,123,47,1,3,CNN_ROOT_MCTS,UCT_MCTS,CNN_ROOT_MCTS,29,14,15,87968,94551,0,15,0,56103100,1459239100,1558463300
fixed_time_100ms,UCT_MCTS_vs_CNN_ROOT_MCTS,123,48,0,3,UCT_MCTS,CNN_ROOT_MCTS,CNN_ROOT_MCTS,22,11,11,68454,99972,0,11,0,40767900,1144251100,1139104400
fixed_time_100ms,UCT_MCTS_vs_CNN_ROOT_MCTS,123,48,1,3,CNN_ROOT_MCTS,UCT_MCTS,CNN_ROOT_MCTS,23,11,12,63028,105581,0,12,0,44905000,1149159200,1247691700
fixed_time_100ms,UCT_MCTS_vs_CNN_ROOT_MCTS,123,49,0,3,UCT_MCTS,CNN_ROOT_MCTS,CNN_ROOT_MCTS,36,18,18,159943,199649,0,18,0,67867000,1859751800,1855566900
fixed_time_100ms,UCT_MCTS_vs_CNN_ROOT_MCTS,123,49,1,3,CNN_ROOT_MCTS,UCT_MCTS,UCT_MCTS,36,18,18,214800,167001,0,18,0,68247500,1858553700,1856708000
fixed_time_100ms,UCT_MCTS_vs_CNN_ROOT_MCTS,777,0,0,6,UCT_MCTS,CNN_ROOT_MCTS,UCT_MCTS,17,9,8,85426,40968,0,8,0,30054200,942731900,838217000
fixed_time_100ms,UCT_MCTS_vs_CNN_ROOT_MCTS,777,0,1,6,CNN_ROOT_MCTS,UCT_MCTS,CNN_ROOT_MCTS,15,7,8,33969,69417,0,8,0,30000000,731862500,831238400
fixed_time_100ms,UCT_MCTS_vs_CNN_ROOT_MCTS,777,1,0,2,UCT_MCTS,CNN_ROOT_MCTS,CNN_ROOT_MCTS,28,14,14,81652,90457,0,14,0,53215100,1460122500,1454926500
fixed_time_100ms,UCT_MCTS_vs_CNN_ROOT_MCTS,777,1,1,2,CNN_ROOT_MCTS,UCT_MCTS,DRAW,40,20,20,200258,137964,0,20,0,75260500,2059853400,2059442900
fixed_time_100ms,UCT_MCTS_vs_CNN_ROOT_MCTS,777,2,0,4,UCT_MCTS,CNN_ROOT_MCTS,UCT_MCTS,29,15,14,99747,83314,0,14,0,52489000,1550112600,1448600700
fixed_time_100ms,UCT_MCTS_vs_CNN_ROOT_MCTS,777,2,1,4,CNN_ROOT_MCTS,UCT_MCTS,CNN_ROOT_MCTS,29,14,15,112338,156407,0,15,0,56079300,1454323700,1552066300
fixed_time_100ms,UCT_MCTS_vs_CNN_ROOT_MCTS,777,3,0,2,UCT_MCTS,CNN_ROOT_MCTS,CNN_ROOT_MCTS,22,11,11,58368,96363,0,11,0,40410700,1151238600,1143003200
fixed_time_100ms,UCT_MCTS_vs_CNN_ROOT_MCTS,777,3,1,2,CNN_ROOT_MCTS,UCT_MCTS,UCT_MCTS,36,18,18,226757,173487,0,18,0,67866300,1854380400,1856767800
fixed_time_100ms,UCT_MCTS_vs_CNN_ROOT_MCTS,777,4,0,5,UCT_MCTS,CNN_ROOT_MCTS,CNN_ROOT_MCTS,32,16,16,122064,168579,0,16,0,60235800,1654414400,1649501200
fixed_time_100ms,UCT_MCTS_vs_CNN_ROOT_MCTS,777,4,1,5,CNN_ROOT_MCTS,UCT_MCTS,CNN_ROOT_MCTS,27,13,14,139687,173680,0,14,0,52162300,1347660300,1449727000
fixed_time_100ms,UCT_MCTS_vs_CNN_ROOT_MCTS,777,5,0,2,UCT_MCTS,CNN_ROOT_MCTS,CNN_ROOT_MCTS,36,18,18,172253,205196,0,18,0,67176100,1858702900,1856529300
fixed_time_100ms,UCT_MCTS_vs_CNN_ROOT_MCTS,777,5,1,2,CNN_ROOT_MCTS,UCT_MCTS,UCT_MCTS,34,17,17,166773,97111,0,17,0,63247700,1757169100,1759054600
fixed_time_100ms,UCT_MCTS_vs_CNN_ROOT_MCTS,777,6,0,6,UCT_MCTS,CNN_ROOT_MCTS,UCT_MCTS,9,5,4,77937,37159,0,4,0,14782900,515705800,413911800
fixed_time_100ms,UCT_MCTS_vs_CNN_ROOT_MCTS,777,6,1,6,CNN_ROOT_MCTS,UCT_MCTS,UCT_MCTS,32,16,16,164471,98290,0,16,0,59694200,1659715300,1659481100
fixed_time_100ms,UCT_MCTS_vs_CNN_ROOT_MCTS,777,7,0,6,UCT_MCTS,CNN_ROOT_MCTS,UCT_MCTS,33,17,16,199065,137903,0,16,0,60533100,1755306900,1652557900
fixed_time_100ms,UCT_MCTS_vs_CNN_ROOT_MCTS,777,7,1,6,CNN_ROOT_MCTS,UCT_MCTS,CNN_ROOT_MCTS,13,6,7,42065,85895,0,7,0,26393500,626554600,725687100
fixed_time_100ms,UCT_MCTS_vs_CNN_ROOT_MCTS,777,8,0,6,UCT_MCTS,CNN_ROOT_MCTS,UCT_MCTS,27,14,13,90945,72276,0,13,0,48874100,1459569200,1356138200
fixed_time_100ms,UCT_MCTS_vs_CNN_ROOT_MCTS,777,8,1,6,CNN_ROOT_MCTS,UCT_MCTS,CNN_ROOT_MCTS,27,13,14,77850,89034,0,14,0,53516400,1356438900,1456262800
fixed_time_100ms,UCT_MCTS_vs_CNN_ROOT_MCTS,777,9,0,3,UCT_MCTS,CNN_ROOT_MCTS,CNN_ROOT_MCTS,32,16,16,103483,105737,0,16,0,61742200,1661523200,1656377000
fixed_time_100ms,UCT_MCTS_vs_CNN_ROOT_MCTS,777,9,1,3,CNN_ROOT_MCTS,UCT_MCTS,UCT_MCTS,22,11,11,99160,54456,0,11,0,41547900,1145228300,1146642500
fixed_time_100ms,UCT_MCTS_vs_CNN_ROOT_MCTS,777,10,0,5,UCT_MCTS,CNN_ROOT_MCTS,CNN_ROOT_MCTS,12,6,6,33580,68862,0,6,0,22345800,627982400,622595100
fixed_time_100ms,UCT_MCTS_vs_CNN_ROOT_MCTS,777,10,1,5,CNN_ROOT_MCTS,UCT_MCTS,UCT_MCTS,14,7,7,91526,40577,0,7,0,26070700,725789200,727959300
fixed_time_100ms,UCT_MCTS_vs_CNN_ROOT_MCTS,777,11,0,5,UCT_MCTS,CNN_ROOT_MCTS,CNN_ROOT_MCTS,28,14,14,76928,86773,0,14,0,52222800,1462158500,1456529700
fixed_time_100ms,UCT_MCTS_vs_CNN_ROOT_MCTS,777,11,1,5,CNN_ROOT_MCTS,UCT_MCTS,CNN_ROOT_MCTS,27,13,14,87742,124836,0,14,0,53246200,1349104800,1448676000
fixed_time_100ms,UCT_MCTS_vs_CNN_ROOT_MCTS,777,12,0,3,UCT_MCTS,CNN_ROOT_MCTS,CNN_ROOT_MCTS,32,16,16,85623,92818,0,16,0,59877300,1665534400,1661319900
fixed_time_100ms,UCT_MCTS_vs_CNN_ROOT_MCTS,777,12,1,3,CNN_ROOT_MCTS,UCT_MCTS,CNN_ROOT_MCTS,19,9,10,42577,82790,0,10,0,37656700,942623200,1041880200
fixed_time_100ms,UCT_MCTS_vs_CNN_ROOT_MCTS,777,13,0,2,UCT_MCTS,CNN_ROOT_MCTS,UCT_MCTS,23,12,11,86832,51186,0,11,0,41123100,1252775100,1147548000
fixed_time_100ms,UCT_MCTS_vs_CNN_ROOT_MCTS,777,13,1,2,CNN_ROOT_MCTS,UCT_MCTS,UCT_MCTS,28,14,14,101542,77973,0,14,0,52694500,1455391900,1456012700
fixed_time_100ms,UCT_MCTS_vs_CNN_ROOT_MCTS,777,14,0,5,UCT_MCTS,CNN_ROOT_MCTS,UCT_MCTS,31,16,15,112606,90690,0,15,0,56780600,1656637300,1554892200
fixed_time_100ms,UCT_MCTS_vs_CNN_ROOT_MCTS,777,14,1,5,CNN_ROOT_MCTS,UCT_MCTS,CNN_ROOT_MCTS,29,14,15,121932,163192,0,15,0,56065100,1453716100,1552989200
fixed_time_100ms,UCT_MCTS_vs_CNN_ROOT_MCTS,777,15,0,6,UCT_MCTS,CNN_ROOT_MCTS,UCT_MCTS,29,15,14,90847,71362,0,14,0,52096700,1558780400,1454361600
fixed_time_100ms,UCT_MCTS_vs_CNN_ROOT_MCTS,777,15,1,6,CNN_ROOT_MCTS,UCT_MCTS,CNN_ROOT_MCTS,27,13,14,87494,128199,0,14,0,52146400,1353339200,1452896500
fixed_time_100ms,UCT_MCTS_vs_CNN_ROOT_MCTS,777,16,0,3,UCT_MCTS,CNN_ROOT_MCTS,UCT_MCTS,23,12,11,66314,41833,0,11,0,41126700,1259949900,1149800700
fixed_time_100ms,UCT_MCTS_vs_CNN_ROOT_MCTS,777,16,1,3,CNN_ROOT_MCTS,UCT_MCTS,UCT_MCTS,18,9,9,84541,41014,0,9,0,33420300,939414000,942862800
fixed_time_100ms,UCT_MCTS_vs_CNN_ROOT_MCTS,777,17,0,5,UCT_MCTS,CNN_ROOT_MCTS,CNN_ROOT_MCTS,28,14,14,93696,99411,0,14,0,52189500,1460977700,1455588900
fixed_time_100ms,UCT_MCTS_vs_CNN_ROOT_MCTS,777,17,1,5,CNN_ROOT_MCTS,UCT_MCTS,CNN_ROOT_MCTS,27,13,14,93981,106254,0,14,0,53197800,1349239500,1449423600
fixed_time_100ms,UCT_MCTS_vs_CNN_ROOT_MCTS,777,18,0,6,UCT_MCTS,CNN_ROOT_MCTS,CNN_ROOT_MCTS,32,16,16,92249,103618,0,16,0,59286400,1664021200,1655703300
fixed_time_100ms,UCT_MCTS_vs_CNN_ROOT_MCTS,777,18,1,6,CNN_ROOT_MCTS,UCT_MCTS,UCT_MCTS,34,17,17,169465,117630,0,17,0,64020100,1757409200,1760913200
fixed_time_100ms,UCT_MCTS_vs_CNN_ROOT_MCTS,777,19,0,6,UCT_MCTS,CNN_ROOT_MCTS,UCT_MCTS,13,7,6,82178,36331,0,6,0,22427100,730469600,628972500
fixed_time_100ms,UCT_MCTS_vs_CNN_ROOT_MCTS,777,19,1,6,CNN_ROOT_MCTS,UCT_MCTS,CNN_ROOT_MCTS,27,13,14,79517,89276,0,14,0,52411400,1355414800,1453119400
fixed_time_100ms,UCT_MCTS_vs_CNN_ROOT_MCTS,777,20,0,2,UCT_MCTS,CNN_ROOT_MCTS,CNN_ROOT_MCTS,34,17,17,96597,114576,0,17,0,63529800,1765651300,1756625900
fixed_time_100ms,UCT_MCTS_vs_CNN_ROOT_MCTS,777,20,1,2,CNN_ROOT_MCTS,UCT_MCTS,CNN_ROOT_MCTS,31,15,16,133942,169638,0,16,0,59175900,1553029100,1649840700
fixed_time_100ms,UCT_MCTS_vs_CNN_ROOT_MCTS,777,21,0,6,UCT_MCTS,CNN_ROOT_MCTS,CNN_ROOT_MCTS,24,12,12,69334,94543,0,12,0,45263800,1256555800,1251974200
fixed_time_100ms,UCT_MCTS_vs_CNN_ROOT_MCTS,777,21,1,6,CNN_ROOT_MCTS,UCT_MCTS,UCT_MCTS,34,17,17,192514,136755,0,17,0,64050500,1755972100,1755984500
fixed_time_100ms,UCT_MCTS_vs_CNN_ROOT_MCTS,777,22,0,6,UCT_MCTS,CNN_ROOT_MCTS,UCT_MCTS,29,15,14,173250,118105,0,14,0,52563100,1550113600,1448520100
fixed_time_100ms,UCT_MCTS_vs_CNN_ROOT_MCTS,777,22,1,6,CNN_ROOT_MCTS,UCT_MCTS,CNN_ROOT_MCTS,31,15,16,104932,158091,0,16,0,60895900,1555182800,1656415200
fixed_time_100ms,UCT_MCTS_vs_CNN_ROOT_MCTS,777,23,0,3,UCT_MCTS,CNN_ROOT_MCTS,CNN_ROOT_MCTS,32,16,16,132831,163706,0,16,0,59395200,1661440600,1654941500
fixed_time_100ms,UCT_MCTS_vs_CNN_ROOT_MCTS,777,23,1,3,CNN_ROOT_MCTS,UCT_MCTS,UCT_MCTS,26,13,13,112376,62886,0,13,0,48606700,1355730900,1360295700
fixed_time_100ms,UCT_MCTS_vs_CNN_ROOT_MCTS,777,24,0,4,UCT_MCTS,CNN_ROOT_MCTS,UCT_MCTS,31,16,15,114258,95973,0,15,0,57308300,1655684000,1552605500
fixed_time_100ms,UCT_MCTS_vs_CNN_ROOT_MCTS,777,24,1,4,CNN_ROOT_MCTS,UCT_MCTS,CNN_ROOT_MCTS,35,17,18,145658,150536,0,18,0,67653000,1756704100,1856601900
fixed_time_100ms,UCT_MCTS_vs_CNN_ROOT_MCTS,777,25,0,6,UCT_MCTS,CNN_ROOT_MCTS,UCT_MCTS,31,16,15,190342,129297,0,15,0,55668000,1658722800,1555323100
fixed_time_100ms,UCT_MCTS_vs_CNN_ROOT_MCTS,777,25,1,6,CNN_ROOT_MCTS,UCT_MCTS,UCT_MCTS,32,16,16,157782,92965,0,16,0,59593500,1668604700,1668113500
fixed_time_100ms,UCT_MCTS_vs_CNN_ROOT_MCTS,777,26,0,4,UCT_MCTS,CNN_ROOT_MCTS,UCT_MCTS,21,11,10,102828,50183,0,10,0,37530800,1145630100,1043889600
fixed_time_100ms,UCT_MCTS_vs_CNN_ROOT_MCTS,777,26,1,4,CNN_ROOT_MCTS,UCT_MCTS,CNN_ROOT_MCTS,25,12,13,59215,104813,0,13,0,49632000,1257451800,1353933600
fixed_time_100ms,UCT_MCTS_vs_CNN_ROOT_MCTS,777,27,0,3,UCT_MCTS,CNN_ROOT_MCTS,UCT_MCTS,31,16,15,101096,84039,0,15,0,55826100,1656389200,1551558700
fixed_time_100ms,UCT_MCTS_vs_CNN_ROOT_MCTS,777,27,1,3,CNN_ROOT_MCTS,UCT_MCTS,CNN_ROOT_MCTS,31,15,16,149234,183404,0,16,0,60580300,1550424100,1650514500
fixed_time_100ms,UCT_MCTS_vs_CNN_ROOT_MCTS,777,28,0,3,UCT_MCTS,CNN_ROOT_MCTS,CNN_ROOT_MCTS,22,11,11,45808,81052,0,11,0,41380800,1153001800,1149346200
fixed_time_100ms,UCT_MCTS_vs_CNN_ROOT_MCTS,777,28,1,3,CNN_ROOT_MCTS,UCT_MCTS,CNN_ROOT_MCTS,39,19,20,158756,200718,0,20,0,75198700,1950806600,2049714000
fixed_time_100ms,UCT_MCTS_vs_CNN_ROOT_MCTS,777,29,0,2,UCT_MCTS,CNN_ROOT_MCTS,CNN_ROOT_MCTS,32,16,16,132474,169253,0,16,0,60697300,1668676100,1664760300
fixed_time_100ms,UCT_MCTS_vs_CNN_ROOT_MCTS,777,29,1,2,CNN_ROOT_MCTS,UCT_MCTS,UCT_MCTS,32,16,16,99793,79195,0,16,0,59025700,1657548700,1660309100
fixed_time_100ms,UCT_MCTS_vs_CNN_ROOT_MCTS,777,30,0,4,UCT_MCTS,CNN_ROOT_MCTS,CNN_ROOT_MCTS,34,17,17,117660,165661,0,17,0,63665200,1759943100,1755077300
fixed_time_100ms,UCT_MCTS_vs_CNN_ROOT_MCTS,777,30,1,4,CNN_ROOT_MCTS,UCT_MCTS,CNN_ROOT_MCTS,19,9,10,34677,64659,0,10,0,36895000,943571200,1042640200
fixed_time_100ms,UCT_MCTS_vs_CNN_ROOT_MCTS,777,31,0,2,UCT_MCTS,CNN_ROOT_MCTS,UCT_MCTS,31,16,15,103992,83698,0,15,0,56569000,1659501900,1557001100
fixed_time_100ms,UCT_MCTS_vs_CNN_ROOT_MCTS,777,31,1,2,CNN_ROOT_MCTS,UCT_MCTS,CNN_ROOT_MCTS,31,15,16,82886,91574,0,16,0,60075000,1558824800,1657354000
fixed_time_100ms,UCT_MCTS_vs_CNN_ROOT_MCTS,777,32,0,4,UCT_MCTS,CNN_ROOT_MCTS,UCT_MCTS,3,2,1,57330,17722,0,1,0,3660800,203881400,101881000
fixed_time_100ms,UCT_MCTS_vs_CNN_ROOT_MCTS,777,32,1,4,CNN_ROOT_MCTS,UCT_MCTS,CNN_ROOT_MCTS,3,1,2,17011,52264,0,2,0,7476800,103106700,204512400
fixed_time_100ms,UCT_MCTS_vs_CNN_ROOT_MCTS,777,33,0,6,UCT_MCTS,CNN_ROOT_MCTS,UCT_MCTS,21,11,10,109057,55382,0,10,0,37650900,1148512900,1048970100
fixed_time_100ms,UCT_MCTS_vs_CNN_ROOT_MCTS,777,33,1,6,CNN_ROOT_MCTS,UCT_MCTS,UCT_MCTS,22,11,11,109591,58235,0,11,0,40758600,1148968200,1152196800
fixed_time_100ms,UCT_MCTS_vs_CNN_ROOT_MCTS,777,34,0,2,UCT_MCTS,CNN_ROOT_MCTS,CNN_ROOT_MCTS,34,17,17,92174,103706,0,17,0,63328400,1764974600,1759820600
fixed_time_100ms,UCT_MCTS_vs_CNN_ROOT_MCTS,777,34,1,2,CNN_ROOT_MCTS,UCT_MCTS,UCT_MCTS,38,19,19,199132,147258,0,19,0,71354000,1964424700,1965265400
fixed_time_100ms,UCT_MCTS_vs_CNN_ROOT_MCTS,777,35,0,6,UCT_MCTS,CNN_ROOT_MCTS,CNN_ROOT_MCTS,14,7,7,42131,79331,0,7,0,26165500,729741900,727784700
fixed_time_100ms,UCT_MCTS_vs_CNN_ROOT_MCTS,777,35,1,6,CNN_ROOT_MCTS,UCT_MCTS,UCT_MCTS,10,5,5,83975,34829,0,5,0,18625200,516561700,519512700
fixed_time_100ms,UCT_MCTS_vs_CNN_ROOT_MCTS,777,36,0,4,UCT_MCTS,CNN_ROOT_MCTS,UCT_MCTS,27,14,13,98540,81935,0,13,0,49546500,1447751400,1347590300
fixed_time_100ms,UCT_MCTS_vs_CNN_ROOT_MCTS,777,36,1,4,CNN_ROOT_MCTS,UCT_MCTS,CNN_ROOT_MCTS,29,14,15,81812,103470,0,15,0,56823500,1460556100,1559471900
fixed_time_100ms,UCT_MCTS_vs_CNN_ROOT_MCTS,777,37,0,5,UCT_MCTS,CNN_ROOT_MCTS,CNN_ROOT_MCTS,32,16,16,126576,165274,0,16,0,59716500,1669328800,1662020900
fixed_time_100ms,UCT_MCTS_vs_CNN_ROOT_MCTS,777,37,1,5,CNN_ROOT_MCTS,UCT_MCTS,UCT_MCTS,16,8,8,90254,40909,0,8,0,30191300,832659300,833284000
fixed_time_100ms,UCT_MCTS_vs_CNN_ROOT_MCTS,777,38,0,6,UCT_MCTS,CNN_ROOT_MCTS,UCT_MCTS,29,15,14,163355,98237,0,14,0,53014300,1555690100,1452612700
fixed_time_100ms,UCT_MCTS_vs_CNN_ROOT_MCTS,777,38,1,6,CNN_ROOT_MCTS,UCT_MCTS,UCT_MCTS,24,12,12,113682,71376,0,12,0,45434500,1254722200,1254579300
fixed_time_100ms,UCT_MCTS_vs_CNN_ROOT_MCTS,777,39,0,4,UCT_MCTS,CNN_ROOT_MCTS,CNN_ROOT_MCTS,36,18,18,168787,202050,0,18,0,67448300,1853295800,1848067200
fixed_time_100ms,UCT_MCTS_vs_CNN_ROOT_MCTS,777,39,1,4,CNN_ROOT_MCTS,UCT_MCTS,CNN_ROOT_MCTS,33,16,17,125322,175016,0,17,0,64040300,1651590500,1751420000
fixed_time_100ms,UCT_MCTS_vs_CNN_ROOT_MCTS,777,40,0,2,UCT_MCTS,CNN_ROOT_MCTS,UCT_MCTS,31,16,15,133774,108302,0,15,0,55752500,1649609300,1547670900
fixed_time_100ms,UCT_MCTS_vs_CNN_ROOT_MCTS,777,40,1,2,CNN_ROOT_MCTS,UCT_MCTS,UCT_MCTS,24,12,12,110818,59476,0,12,0,44552700,1249971700,1250884200
fixed_time_100ms,UCT_MCTS_vs_CNN_ROOT_MCTS,777,41,0,4,UCT_MCTS,CNN_ROOT_MCTS,UCT_MCTS,19,10,9,100471,48359,0,9,0,33727900,1041346000,940349800
fixed_time_100ms,UCT_MCTS_vs_CNN_ROOT_MCTS,777,41,1,4,CNN_ROOT_MCTS,UCT_MCTS,CNN_ROOT_MCTS,29,14,15,87214,95468,0,15,0,56083500,1449016100,1549373900
fixed_time_100ms,UCT_MCTS_vs_CNN_ROOT_MCTS,777,42,0,3,UCT_MCTS,CNN_ROOT_MCTS,UCT_MCTS,27,14,13,99897,82420,0,13,0,49433800,1457932300,1355982000
fixed_time_100ms,UCT_MCTS_vs_CNN_ROOT_MCTS,777,42,1,3,CNN_ROOT_MCTS,UCT_MCTS,CNN_ROOT_MCTS,31,15,16,76723,88780,0,16,0,59791100,1563633900,1659692400
fixed_time_100ms,UCT_MCTS_vs_CNN_ROOT_MCTS,777,43,0,6,UCT_MCTS,CNN_ROOT_MCTS,UCT_MCTS,1,1,0,54336,0,0,0,0,0,100580100,0
fixed_time_100ms,UCT_MCTS_vs_CNN_ROOT_MCTS,777,43,1,6,CNN_ROOT_MCTS,UCT_MCTS,CNN_ROOT_MCTS,1,0,1,0,50073,0,1,0,3861400,0,100680800
fixed_time_100ms,UCT_MCTS_vs_CNN_ROOT_MCTS,777,44,0,4,UCT_MCTS,CNN_ROOT_MCTS,UCT_MCTS,27,14,13,114357,97002,0,13,0,47937300,1448412600,1346323300
fixed_time_100ms,UCT_MCTS_vs_CNN_ROOT_MCTS,777,44,1,4,CNN_ROOT_MCTS,UCT_MCTS,CNN_ROOT_MCTS,25,12,13,55311,70644,0,13,0,49154400,1259389000,1361666800
fixed_time_100ms,UCT_MCTS_vs_CNN_ROOT_MCTS,777,45,0,2,UCT_MCTS,CNN_ROOT_MCTS,CNN_ROOT_MCTS,24,12,12,64376,107719,0,12,0,45380000,1253124500,1246867100
fixed_time_100ms,UCT_MCTS_vs_CNN_ROOT_MCTS,777,45,1,2,CNN_ROOT_MCTS,UCT_MCTS,CNN_ROOT_MCTS,35,17,18,146526,183607,0,18,0,67886100,1761829500,1857844000
fixed_time_100ms,UCT_MCTS_vs_CNN_ROOT_MCTS,777,46,0,3,UCT_MCTS,CNN_ROOT_MCTS,CNN_ROOT_MCTS,12,6,6,37846,77814,0,6,0,22418700,623369800,619361300
fixed_time_100ms,UCT_MCTS_vs_CNN_ROOT_MCTS,777,46,1,3,CNN_ROOT_MCTS,UCT_MCTS,CNN_ROOT_MCTS,33,16,17,102037,157677,0,17,0,63303700,1658659500,1759042400
fixed_time_100ms,UCT_MCTS_vs_CNN_ROOT_MCTS,777,47,0,5,UCT_MCTS,CNN_ROOT_MCTS,UCT_MCTS,33,17,16,193603,130015,0,16,0,59948500,1756718400,1653138800
fixed_time_100ms,UCT_MCTS_vs_CNN_ROOT_MCTS,777,47,1,5,CNN_ROOT_MCTS,UCT_MCTS,UCT_MCTS,22,11,11,103460,63783,0,11,0,40808100,1148474800,1149392900
fixed_time_100ms,UCT_MCTS_vs_CNN_ROOT_MCTS,777,48,0,3,UCT_MCTS,CNN_ROOT_MCTS,UCT_MCTS,13,7,6,95198,60427,0,6,0,22253700,723396200,618694300
fixed_time_100ms,UCT_MCTS_vs_CNN_ROOT_MCTS,777,48,1,3,CNN_ROOT_MCTS,UCT_MCTS,CNN_ROOT_MCTS,31,15,16,85245,92705,0,16,0,60934400,1558422000,1657411000
fixed_time_100ms,UCT_MCTS_vs_CNN_ROOT_MCTS,777,49,0,2,UCT_MCTS,CNN_ROOT_MCTS,DRAW,40,20,20,153861,200907,0,20,0,74438600,2059199800,2055320900
fixed_time_100ms,UCT_MCTS_vs_CNN_ROOT_MCTS,777,49,1,2,CNN_ROOT_MCTS,UCT_MCTS,CNN_ROOT_MCTS,31,15,16,86559,96265,0,16,0,59416900,1559341000,1660417400
fixed_time_100ms,MLP_ROOT_MCTS_vs_CNN_ROOT_MCTS,42,0,0,4,MLP_ROOT_MCTS,CNN_ROOT_MCTS,MLP_ROOT_MCTS,29,15,14,105200,83356,15,14,1556200,52389700,1557190900,1454632100
fixed_time_100ms,MLP_ROOT_MCTS_vs_CNN_ROOT_MCTS,42,0,1,4,CNN_ROOT_MCTS,MLP_ROOT_MCTS,DRAW,38,19,19,197491,137352,19,19,1982800,71089900,1951866600,1952566800
fixed_time_100ms,MLP_ROOT_MCTS_vs_CNN_ROOT_MCTS,42,1,0,6,MLP_ROOT_MCTS,CNN_ROOT_MCTS,MLP_ROOT_MCTS,25,13,12,120012,104680,13,12,1378000,45071400,1344242100,1241678100
fixed_time_100ms,MLP_ROOT_MCTS_vs_CNN_ROOT_MCTS,42,1,1,6,CNN_ROOT_MCTS,MLP_ROOT_MCTS,CNN_ROOT_MCTS,27,13,14,89020,96625,13,14,1348200,52567700,1348750000,1449676500
fixed_time_100ms,MLP_ROOT_MCTS_vs_CNN_ROOT_MCTS,42,2,0,2,MLP_ROOT_MCTS,CNN_ROOT_MCTS,MLP_ROOT_MCTS,31,16,15,95782,77131,16,15,1650900,56276000,1650852900,1547811900
fixed_time_100ms,MLP_ROOT_MCTS_vs_CNN_ROOT_MCTS,42,2,1,2,CNN_ROOT_MCTS,MLP_ROOT_MCTS,DRAW,40,20,20,201911,142216,20,20,2131300,74699900,2055212200,2055976200
fixed_time_100ms,MLP_ROOT_MCTS_vs_CNN_ROOT_MCTS,42,3,0,6,MLP_ROOT_MCTS,CNN_ROOT_MCTS,CNN_ROOT_MCTS,26,13,13,102119,113702,13,13,1326100,48567200,1350194800,1346864500
fixed_time_100ms,MLP_ROOT_MCTS_vs_CNN_ROOT_MCTS,42,3,1,6,CNN_ROOT_MCTS,MLP_ROOT_MCTS,CNN_ROOT_MCTS,25,12,13,67735,91364,12,13,1324600,48449600,1253665600,1352721200
fixed_time_100ms,MLP_ROOT_MCTS_vs_CNN_ROOT_MCTS,42,4,0,5,MLP_ROOT_MCTS,CNN_ROOT_MCTS,CNN_ROOT_MCTS,24,12,12,77693,108300,12,12,1207100,45374700,1253196800,1246644300
fixed_time_100ms,MLP_ROOT_MCTS_vs_CNN_ROOT_MCTS,42,4,1,5,CNN_ROOT_MCTS,MLP_ROOT_MCTS,CNN_ROOT_MCTS,31,15,16,118792,160764,15,16,1671100,59321200,1550441900,1651795200
fixed_time_100ms,MLP_ROOT_MCTS_vs_CNN_ROOT_MCTS,42,5,0,5,MLP_ROOT_MCTS,CNN_ROOT_MCTS,CNN_ROOT_MCTS,14,7,7,44861,83914,7,7,717400,26661400,732569600,727070600
fixed_time_100ms,MLP_ROOT_MCTS_vs_CNN_ROOT_MCTS,42,5,1,5,CNN_ROOT_MCTS,MLP_ROOT_MCTS,CNN_ROOT_MCTS,17,8,9,57294,97155,8,9,830700,33544600,835309500,934223200
fixed_time_100ms,MLP_ROOT_MCTS_vs_CNN_ROOT_MCTS,42,6,0,2,MLP_ROOT_MCTS,CNN_ROOT_MCTS,MLP_ROOT_MCTS,17,9,8,71246,35014,9,8,918200,29986700,939333400,837166700
fixed_time_100ms,MLP_ROOT_MCTS_vs_CNN_ROOT_MCTS,42,6,1,2,CNN_ROOT_MCTS,MLP_ROOT_MCTS,MLP_ROOT_MCTS,34,17,17,188373,133287,17,17,1754300,63580200,1762915900,1766140700
fixed_time_100ms,MLP_ROOT_MCTS_vs_CNN_ROOT_MCTS,42,7,0,5,MLP_ROOT_MCTS,CNN_ROOT_MCTS,CNN_ROOT_MCTS,28,14,14,81291,90741,14,14,1662600,51648200,1449498300,1446357900
fixed_time_100ms,MLP_ROOT_MCTS_vs_CNN_ROOT_MCTS,42,7,1,5,CNN_ROOT_MCTS,MLP_ROOT_MCTS,MLP_ROOT_MCTS,34,17,17,187752,135534,17,17,1763000,63755000,1754899900,1757320600
fixed_time_100ms,MLP_ROOT_MCTS_vs_CNN_ROOT_MCTS,42,8,0,6,MLP_ROOT_MCTS,CNN_ROOT_MCTS,MLP_ROOT_MCTS,1,1,0,62705,0,1,0,101200,0,100206300,0
fixed_time_100ms,MLP_ROOT_MCTS_vs_CNN_ROOT_MCTS,42,8,1,6,CNN_ROOT_MCTS,MLP_ROOT_MCTS,CNN_ROOT_MCTS,1,0,1,0,60836,0,1,0,3618600,0,100171200
fixed_time_100ms,MLP_ROOT_MCTS_vs_CNN_ROOT_MCTS,42,9,0,6,MLP_ROOT_MCTS,CNN_ROOT_MCTS,MLP_ROOT_MCTS,17,9,8,104146,46766,9,8,870300,29588500,935087800,834009000
fixed_time_100ms,MLP_ROOT_MCTS_vs_CNN_ROOT_MCTS,42,9,1,6,CNN_ROOT_MCTS,MLP_ROOT_MCTS,MLP_ROOT_MCTS,30,15,15,171568,113162,15,15,1628200,57477100,1549594300,1553450200
fixed_time_100ms,MLP_ROOT_MCTS_vs_CNN_ROOT_MCTS,42,10,0,3,MLP_ROOT_MCTS,CNN_ROOT_MCTS,MLP_ROOT_MCTS,25,13,12,110423,62348,13,12,1379700,45723900,1351393800,1250969400
fixed_time_100ms,MLP_ROOT_MCTS_vs_CNN_ROOT_MCTS,42,10,1,3,CNN_ROOT_MCTS,MLP_ROOT_MCTS,CNN_ROOT_MCTS,27,13,14,86717,98929,13,14,1318000,53495200,1348596600,1448076100
fixed_time_100ms,MLP_ROOT_MCTS_vs_CNN_ROOT_MCTS,42,11,0,3,MLP_ROOT_MCTS,CNN_ROOT_MCTS,CNN_ROOT_MCTS,24,12,12,78582,111918,12,12,1238300,46140300,1249146800,1243386000
fixed_time_100ms,MLP_ROOT_MCTS_vs_CNN_ROOT_MCTS,42,11,1,3,CNN_ROOT_MCTS,MLP_ROOT_MCTS,CNN_ROOT_MCTS,35,17,18,95378,154392,17,18,1842800,68016900,1773021000,1868616000
fixed_time_100ms,MLP_ROOT_MCTS_vs_CNN_ROOT_MCTS,42,12,0,2,MLP_ROOT_MCTS,CNN_ROOT_MCTS,CNN_ROOT_MCTS,36,18,18,159172,198170,18,18,1884500,67931600,1857206200,1852511500
fixed_time_100ms,MLP_ROOT_MCTS_vs_CNN_ROOT_MCTS,42,12,1,2,CNN_ROOT_MCTS,MLP_ROOT_MCTS,MLP_ROOT_MCTS,32,16,16,104371,84512,16,16,1657100,60764000,1668178800,1666881700
fixed_time_100ms,MLP_ROOT_MCTS_vs_CNN_ROOT_MCTS,42,13,0,2,MLP_ROOT_MCTS,CNN_ROOT_MCTS,CNN_ROOT_MCTS,30,15,15,88914,96022,15,15,1582100,56245800,1559934500,1554312200
fixed_time_100ms,MLP_ROOT_MCTS_vs_CNN_ROOT_MCTS,42,13,1,2,CNN_ROOT_MCTS,MLP_ROOT_MCTS,MLP_ROOT_MCTS,34,17,17,171522,114793,17,17,1656100,64123300,1764658800,1767059000
fixed_time_100ms,MLP_ROOT_MCTS_vs_CNN_ROOT_MCTS,42,14,0,2,MLP_ROOT_MCTS,CNN_ROOT_MCTS,CNN_ROOT_MCTS,38,19,19,156206,195211,19,19,1958100,74046900,1956681500,1950048200
fixed_time_100ms,MLP_ROOT_MCTS_vs_CNN_ROOT_MCTS,42,14,1,2,CNN_ROOT_MCTS,MLP_ROOT_MCTS,CNN_ROOT_MCTS,19,9,10,38879,73513,9,10,920200,37796500,941440800,1042340600
fixed_time_100ms,MLP_ROOT_MCTS_vs_CNN_ROOT_MCTS,42,15,0,2,MLP_ROOT_MCTS,CNN_ROOT_MCTS,MLP_ROOT_MCTS,37,19,18,188052,140838,19,18,1955400,67686600,1961172500,1855431600
fixed_time_100ms,MLP_ROOT_MCTS_vs_CNN_ROOT_MCTS,42,15,1,2,CNN_ROOT_MCTS,MLP_ROOT_MCTS,MLP_ROOT_MCTS,24,12,12,114780,71605,12,12,1228000,44507600,1245582600,1247356600
fixed_time_100ms,MLP_ROOT_MCTS_vs_CNN_ROOT_MCTS,42,16,0,5,MLP_ROOT_MCTS,CNN_ROOT_MCTS,MLP_ROOT_MCTS,3,2,1,62048,19702,2,1,192100,3772500,203345000,101959500
fixed_time_100ms,MLP_ROOT_MCTS_vs_CNN_ROOT_MCTS,42,16,1,5,CNN_ROOT_MCTS,MLP_ROOT_MCTS,CNN_ROOT_MCTS,3,1,2,20400,62759,1,2,106600,7379900,102126800,203490900
fixed_time_100ms,MLP_ROOT_MCTS_vs_CNN_ROOT_MCTS,42,17,0,4,MLP_ROOT_MCTS,CNN_ROOT_MCTS,MLP_ROOT_MCTS,17,9,8,98115,44723,9,8,908300,30169800,934337700,834508400
fixed_time_100ms,MLP_ROOT_MCTS_vs_CNN_ROOT_MCTS,42,17,1,4,CNN_ROOT_MCTS,MLP_ROOT_MCTS,MLP_ROOT_MCTS,16,8,8,79241,38233,8,8,820700,29858100,832680200,832775600
fixed_time_100ms,MLP_ROOT_MCTS_vs_CNN_ROOT_MCTS,42,18,0,2,MLP_ROOT_MCTS,CNN_ROOT_MCTS,CNN_ROOT_MCTS,32,16,16,138204,175204,16,16,1669900,60293700,1657949800,1656342300
fixed_time_100ms,MLP_ROOT_MCTS_vs_CNN_ROOT_MCTS,42,18,1,2,CNN_ROOT_MCTS,MLP_ROOT_MCTS,CNN_ROOT_MCTS,33,16,17,87771,98065,16,17,1600900,63426700,1657123500,1754846100
fixed_time_100ms,MLP_ROOT_MCTS_vs_CNN_ROOT_MCTS,42,19,0,2,MLP_ROOT_MCTS,CNN_ROOT_MCTS,CNN_ROOT_MCTS,34,17,17,93247,101900,17,17,1900100,64365100,1762571100,1754430700
fixed_time_100ms,MLP_ROOT_MCTS_vs_CNN_ROOT_MCTS,42,19,1,2,CNN_ROOT_MCTS,MLP_ROOT_MCTS,MLP_ROOT_MCTS,30,15,15,169555,117232,15,15,1521400,55842700,1553171800,1552116500
fixed_time_100ms,MLP_ROOT_MCTS_vs_CNN_ROOT_MCTS,42,20,0,5,MLP_ROOT_MCTS,CNN_ROOT_MCTS,MLP_ROOT_MCTS,3,2,1,68935,13152,2,1,191000,3771700,203080000,103021100
fixed_time_100ms,MLP_ROOT_MCTS_vs_CNN_ROOT_MCTS,42,20,1,5,CNN_ROOT_MCTS,MLP_ROOT_MCTS,CNN_ROOT_MCTS,3,1,2,14800,50547,1,2,106900,7900900,102733300,204036100
fixed_time_100ms,MLP_ROOT_MCTS_vs_CNN_ROOT_MCTS,42,21,0,6,MLP_ROOT_MCTS,CNN_ROOT_MCTS,MLP_ROOT_MCTS,3,2,1,66768,16680,2,1,207200,3825300,203111700,102376400
fixed_time_100ms,MLP_ROOT_MCTS_vs_CNN_ROOT_MCTS,42,21,1,6,CNN_ROOT_MCTS,MLP_ROOT_MCTS,CNN_ROOT_MCTS,3,1,2,17963,59288,1,2,107300,7493100,102653500,203233700
fixed_time_100ms,MLP_ROOT_MCTS_vs_CNN_ROOT_MCTS,42,22,0,5,MLP_ROOT_MCTS,CNN_ROOT_MCTS,MLP_ROOT_MCTS,29,15,14,112301,95693,15,14,1586700,52286300,1559378800,1452694100
fixed_time_100ms,MLP_ROOT_MCTS_vs_CNN_ROOT_MCTS,42,22,1,5,CNN_ROOT_MCTS,MLP_ROOT_MCTS,CNN_ROOT_MCTS,33,16,17,186941,216686,16,17,1758500,63747200,1652198400,1752189800
fixed_time_100ms,MLP_ROOT_MCTS_vs_CNN_ROOT_MCTS,42,23,0,3,MLP_ROOT_MCTS,CNN_ROOT_MCTS,MLP_ROOT_MCTS,29,15,14,128437,105833,15,14,1573100,53428700,1542985100,1441891700
fixed_time_100ms,MLP_ROOT_MCTS_vs_CNN_ROOT_MCTS,42,23,1,3,CNN_ROOT_MCTS,MLP_ROOT_MCTS,CNN_ROOT_MCTS,29,14,15,100551,109058,14,15,1610200,56516100,1445065700,1544218900
fixed_time_100ms,MLP_ROOT_MCTS_vs_CNN_ROOT_MCTS,42,24,0,3,MLP_ROOT_MCTS,CNN_ROOT_MCTS,MLP_ROOT_MCTS,39,20,19,209088,148365,20,19,2047500,72937900,2068658200,1967278400
fixed_time_100ms,MLP_ROOT_MCTS_vs_CNN_ROOT_MCTS,42,24,1,3,CNN_ROOT_MCTS,MLP_ROOT_MCTS,MLP_ROOT_MCTS,36,18,18,193024,140999,18,18,1879500,68490000,1847338600,1848040000
fixed_time_100ms,MLP_ROOT_MCTS_vs_CNN_ROOT_MCTS,42,25,0,3,MLP_ROOT_MCTS,CNN_ROOT_MCTS,DRAW,39,20,19,199818,137593,20,19,2137200,72782400,2060851600,1956916300
fixed_time_100ms,MLP_ROOT_MCTS_vs_CNN_ROOT_MCTS,42,25,1,3,CNN_ROOT_MCTS,MLP_ROOT_MCTS,CNN_ROOT_MCTS,31,15,16,130547,172469,15,16,1615800,60165300,1561260400,1659745900
fixed_time_100ms,MLP_ROOT_MCTS_vs_CNN_ROOT_MCTS,42,26,0,4,MLP_ROOT_MCTS,CNN_ROOT_MCTS,MLP_ROOT_MCTS,31,16,15,164683,118024,16,15,1672600,56814600,1664155000,1558397200
fixed_time_100ms,MLP_ROOT_MCTS_vs_CNN_ROOT_MCTS,42,26,1,4,CNN_ROOT_MCTS,MLP_ROOT_MCTS,CNN_ROOT_MCTS,21,10,11,61055,99723,10,11,1066300,41951000,1048836700,1144669800
fixed_time_100ms,MLP_ROOT_MCTS_vs_CNN_ROOT_MCTS,42,27,0,6,MLP_ROOT_MCTS,CNN_ROOT_MCTS,CNN_ROOT_MCTS,28,14,14,95405,106900,14,14,1427600,52577300,1453681900,1449199700
fixed_time_100ms,MLP_ROOT_MCTS_vs_CNN_ROOT_MCTS,42,27,1,6,CNN_ROOT_MCTS,MLP_ROOT_MCTS,MLP_ROOT_MCTS,28,14,14,169264,116115,14,14,1392400,52324700,1455331600,1453635600
fixed_time_100ms,MLP_ROOT_MCTS_vs_CNN_ROOT_MCTS,42,28,0,4,MLP_ROOT_MCTS,CNN_ROOT_MCTS,CNN_ROOT_MCTS,32,16,16,83964,92665,16,16,1668800,60860000,1666717000,1661371200
fixed_time_100ms,MLP_ROOT_MCTS_vs_CNN_ROOT_MCTS,42,28,1,4,CNN_ROOT_MCTS,MLP_ROOT_MCTS,MLP_ROOT_MCTS,34,17,17,118053,93678,17,17,1778400,63638700,1763469600,1764009600
fixed_time_100ms,MLP_ROOT_MCTS_vs_CNN_ROOT_MCTS,42,29,0,4,MLP_ROOT_MCTS,CNN_ROOT_MCTS,MLP_ROOT_MCTS,3,2,1,55718,9481,2,1,206000,3715100,204528700,103866200
fixed_time_100ms,MLP_ROOT_MCTS_vs_CNN_ROOT_MCTS,42,29,1,4,CNN_ROOT_MCTS,MLP_ROOT_MCTS,CNN_ROOT_MCTS,3,1,2,10349,57149,1,2,87900,7447600,103803400,204620600
fixed_time_100ms,MLP_ROOT_MCTS_vs_CNN_ROOT_MCTS,42,30,0,2,MLP_ROOT_MCTS,CNN_ROOT_MCTS,MLP_ROOT_MCTS,27,14,13,89686,57759,14,13,1442400,48684400,1458613100,1357180400
fixed_time_100ms,MLP_ROOT_MCTS_vs_CNN_ROOT_MCTS,42,30,1,2,CNN_ROOT_MCTS,MLP_ROOT_MCTS,CNN_ROOT_MCTS,35,17,18,96768,155724,17,18,1919300,68716500,1771575000,1871118000
fixed_time_100ms,MLP_ROOT_MCTS_vs_CNN_ROOT_MCTS,42,31,0,5,MLP_ROOT_MCTS,CNN_ROOT_MCTS,MLP_ROOT_MCTS,21,11,10,86669,57877,11,10,1100800,37200300,1148191400,1044473400
fixed_time_100ms,MLP_ROOT_MCTS_vs_CNN_ROOT_MCTS,42,31,1,5,CNN_ROOT_MCTS,MLP_ROOT_MCTS,CNN_ROOT_MCTS,33,16,17,104915,161603,16,17,1662000,63016700,1659263400,1758144800
fixed_time_100ms,MLP_ROOT_MCTS_vs_CNN_ROOT_MCTS,42,32,0,2,MLP_ROOT_MCTS,CNN_ROOT_MCTS,DRAW,40,20,20,149518,193553,20,20,2097900,75164900,2067753600,2061519400
fixed_time_100ms,MLP_ROOT_MCTS_vs_CNN_ROOT_MCTS,42,32,1,2,CNN_ROOT_MCTS,MLP_ROOT_MCTS,MLP_ROOT_MCTS,24,12,12,95762,55356,12,12,1264100,45939100,1252533300,1253752700
fixed_time_100ms,MLP_ROOT_MCTS_vs_CNN_ROOT_MCTS,42,33,0,6,MLP_ROOT_MCTS,CNN_ROOT_MCTS,MLP_ROOT_MCTS,29,15,14,99605,75786,15,14,1579600,51823600,1555397100,1452214500
fixed_time_100ms,MLP_ROOT_MCTS_vs_CNN_ROOT_MCTS,42,33,1,6,CNN_ROOT_MCTS,MLP_ROOT_MCTS,MLP_ROOT_MCTS,24,12,12,96244,82221,12,12,1259300,44893900,1244839200,1245334300
fixed_time_100ms,MLP_ROOT_MCTS_vs_CNN_ROOT_MCTS,42,34,0,6,MLP_ROOT_MCTS,CNN_ROOT_MCTS,DRAW,36,18,18,146049,191452,18,18,1916500,67038400,1854075200,1848594400
fixed_time_100ms,MLP_ROOT_MCTS_vs_CNN_ROOT_MCTS,42,34,1,6,CNN_ROOT_MCTS,MLP_ROOT_MCTS,CNN_ROOT_MCTS,15,7,8,65398,100579,7,8,753900,29847700,725760700,826660300
fixed_time_100ms,MLP_ROOT_MCTS_vs_CNN_ROOT_MCTS,42,35,0,2,MLP_ROOT_MCTS,CNN_ROOT_MCTS,MLP_ROOT_MCTS,27,14,13,90370,66011,14,13,1459500,48610900,1459516300,1359039200
fixed_time_100ms,MLP_ROOT_MCTS_vs_CNN_ROOT_MCTS,42,35,1,2,CNN_ROOT_MCTS,MLP_ROOT_MCTS,MLP_ROOT_MCTS,34,17,17,148144,115922,17,17,1807100,64350700,1758051000,1756741700
fixed_time_100ms,MLP_ROOT_MCTS_vs_CNN_ROOT_MCTS,42,36,0,2,MLP_ROOT_MCTS,CNN_ROOT_MCTS,CNN_ROOT_MCTS,32,16,16,103890,120319,16,16,1633300,59797300,1660983800,1655341500
fixed_time_100ms,MLP_ROOT_MCTS_vs_CNN_ROOT_MCTS,42,36,1,2,CNN_ROOT_MCTS,MLP_ROOT_MCTS,MLP_ROOT_MCTS,34,17,17,184619,129577,17,17,1775100,62648200,1757174600,1757815900
fixed_time_100ms,MLP_ROOT_MCTS_vs_CNN_ROOT_MCTS,42,37,0,2,MLP_ROOT_MCTS,CNN_ROOT_MCTS,MLP_ROOT_MCTS,35,18,17,160814,103537,18,17,1826300,64577000,1872509800,1769601600
fixed_time_100ms,MLP_ROOT_MCTS_vs_CNN_ROOT_MCTS,42,37,1,2,CNN_ROOT_MCTS,MLP_ROOT_MCTS,MLP_ROOT_MCTS,30,15,15,177584,122007,15,15,1533700,56621700,1555895000,1554879500
fixed_time_100ms,MLP_ROOT_MCTS_vs_CNN_ROOT_MCTS,42,38,0,2,MLP_ROOT_MCTS,CNN_ROOT_MCTS,MLP_ROOT_MCTS,21,11,10,104200,53694,11,10,1107900,38106300,1146694500,1044327000
fixed_time_100ms,MLP_ROOT_MCTS_vs_CNN_ROOT_MCTS,42,38,1,2,CNN_ROOT_MCTS,MLP_ROOT_MCTS,MLP_ROOT_MCTS,32,16,16,176936,122651,16,16,1603600,60038700,1661046100,1661958200
fixed_time_100ms,MLP_ROOT_MCTS_vs_CNN_ROOT_MCTS,42,39,0,6,MLP_ROOT_MCTS,CNN_ROOT_MCTS,MLP_ROOT_MCTS,31,16,15,136082,106007,16,15,1637400,56292800,1662097800,1559423200
fixed_time_100ms,MLP_ROOT_MCTS_vs_CNN_ROOT_MCTS,42,39,1,6,CNN_ROOT_MCTS,MLP_ROOT_MCTS,MLP_ROOT_MCTS,22,11,11,95817,73397,11,11,1150200,41116400,1147419700,1146773800
fixed_time_100ms,MLP_ROOT_MCTS_vs_CNN_ROOT_MCTS,42,40,0,6,MLP_ROOT_MCTS,CNN_ROOT_MCTS,CNN_ROOT_MCTS,24,12,12,76099,85694,12,12,1229600,45357900,1247259800,1243986000
fixed_time_100ms,MLP_ROOT_MCTS_vs_CNN_ROOT_MCTS,42,40,1,6,CNN_ROOT_MCTS,MLP_ROOT_MCTS,MLP_ROOT_MCTS,20,10,10,83669,44034,10,10,1028900,38775400,1046681800,1049294500
fixed_time_100ms,MLP_ROOT_MCTS_vs_CNN_ROOT_MCTS,42,41,0,2,MLP_ROOT_MCTS,CNN_ROOT_MCTS,CNN_ROOT_MCTS,34,17,17,118065,128706,17,17,1859300,64352100,1753504600,1750461000
fixed_time_100ms,MLP_ROOT_MCTS_vs_CNN_ROOT_MCTS,42,41,1,2,CNN_ROOT_MCTS,MLP_ROOT_MCTS,MLP_ROOT_MCTS,32,16,16,182823,142136,16,16,1660600,60140800,1647853300,1649373600
fixed_time_100ms,MLP_ROOT_MCTS_vs_CNN_ROOT_MCTS,42,42,0,3,MLP_ROOT_MCTS,CNN_ROOT_MCTS,CNN_ROOT_MCTS,16,8,8,45796,85272,8,8,826200,30234200,832602600,827011600
fixed_time_100ms,MLP_ROOT_MCTS_vs_CNN_ROOT_MCTS,42,42,1,3,CNN_ROOT_MCTS,MLP_ROOT_MCTS,CNN_ROOT_MCTS,31,15,16,115977,129560,15,16,1571100,60224700,1556228000,1655414300
fixed_time_100ms,MLP_ROOT_MCTS_vs_CNN_ROOT_MCTS,42,43,0,2,MLP_ROOT_MCTS,CNN_ROOT_MCTS,CNN_ROOT_MCTS,34,17,17,98964,150773,17,17,1766200,63444700,1764009100,1758078100
fixed_time_100ms,MLP_ROOT_MCTS_vs_CNN_ROOT_MCTS,42,43,1,2,CNN_ROOT_MCTS,MLP_ROOT_MCTS,CNN_ROOT_MCTS,31,15,16,88572,91835,15,16,1583800,60576500,1557213000,1654889700
fixed_time_100ms,MLP_ROOT_MCTS_vs_CNN_ROOT_MCTS,42,44,0,2,MLP_ROOT_MCTS,CNN_ROOT_MCTS,CNN_ROOT_MCTS,34,17,17,133069,165874,17,17,1791800,63892300,1768784900,1765125000
fixed_time_100ms,MLP_ROOT_MCTS_vs_CNN_ROOT_MCTS,42,44,1,2,CNN_ROOT_MCTS,MLP_ROOT_MCTS,CNN_ROOT_MCTS,35,17,18,120578,133380,17,18,1750200,68385000,1760700200,1860709300
fixed_time_100ms,MLP_ROOT_MCTS_vs_CNN_ROOT_MCTS,42,45,0,4,MLP_ROOT_MCTS,CNN_ROOT_MCTS,CNN_ROOT_MCTS,30,15,15,105751,116094,15,15,1585600,56321500,1554461200,1549940700
fixed_time_100ms,MLP_ROOT_MCTS_vs_CNN_ROOT_MCTS,42,45,1,4,CNN_ROOT_MCTS,MLP_ROOT_MCTS,CNN_ROOT_MCTS,31,15,16,137118,168887,15,16,1544500,59721700,1555793500,1654895100
fixed_time_100ms,MLP_ROOT_MCTS_vs_CNN_ROOT_MCTS,42,46,0,4,MLP_ROOT_MCTS,CNN_ROOT_MCTS,MLP_ROOT_MCTS,17,9,8,93218,45261,9,8,941600,30428400,936782800,836660700
fixed_time_100ms,MLP_ROOT_MCTS_vs_CNN_ROOT_MCTS,42,46,1,4,CNN_ROOT_MCTS,MLP_ROOT_MCTS,CNN_ROOT_MCTS,33,16,17,134726,176380,16,17,1712300,64180300,1660782100,1757565100
fixed_time_100ms,MLP_ROOT_MCTS_vs_CNN_ROOT_MCTS,42,47,0,4,MLP_ROOT_MCTS,CNN_ROOT_MCTS,MLP_ROOT_MCTS,21,11,10,84262,35894,11,10,1171900,38074600,1150561200,1047935600
fixed_time_100ms,MLP_ROOT_MCTS_vs_CNN_ROOT_MCTS,42,47,1,4,CNN_ROOT_MCTS,MLP_ROOT_MCTS,CNN_ROOT_MCTS,31,15,16,72207,79809,15,16,1554000,60831700,1562987000,1661686000
fixed_time_100ms,MLP_ROOT_MCTS_vs_CNN_ROOT_MCTS,42,48,0,3,MLP_ROOT_MCTS,CNN_ROOT_MCTS,MLP_ROOT_MCTS,17,9,8,89922,46824,9,8,950400,29992900,934381500,831694100
fixed_time_100ms,MLP_ROOT_MCTS_vs_CNN_ROOT_MCTS,42,48,1,3,CNN_ROOT_MCTS,MLP_ROOT_MCTS,CNN_ROOT_MCTS,27,13,14,88685,98466,13,14,1331200,52760800,1348580600,1447500400
fixed_time_100ms,MLP_ROOT_MCTS_vs_CNN_ROOT_MCTS,42,49,0,2,MLP_ROOT_MCTS,CNN_ROOT_MCTS,MLP_ROOT_MCTS,23,12,11,100931,58889,12,11,1228100,41670000,1250820300,1149017300
fixed_time_100ms,MLP_ROOT_MCTS_vs_CNN_ROOT_MCTS,42,49,1,2,CNN_ROOT_MCTS,MLP_ROOT_MCTS,MLP_ROOT_MCTS,32,16,16,127577,120267,16,16,1620700,60444800,1651069900,1655251600
fixed_time_100ms,MLP_ROOT_MCTS_vs_CNN_ROOT_MCTS,123,0,0,4,MLP_ROOT_MCTS,CNN_ROOT_MCTS,MLP_ROOT_MCTS,3,2,1,47087,13270,2,1,233700,3600600,205211300,103317100
fixed_time_100ms,MLP_ROOT_MCTS_vs_CNN_ROOT_MCTS,123,0,1,4,CNN_ROOT_MCTS,MLP_ROOT_MCTS,CNN_ROOT_MCTS,3,1,2,14414,58480,1,2,102000,7500000,102922700,203877200
fixed_time_100ms,MLP_ROOT_MCTS_vs_CNN_ROOT_MCTS,123,1,0,4,MLP_ROOT_MCTS,CNN_ROOT_MCTS,MLP_ROOT_MCTS,31,16,15,89300,70214,16,15,1790700,56643700,1664433600,1563598500
fixed_time_100ms,MLP_ROOT_MCTS_vs_CNN_ROOT_MCTS,123,1,1,4,CNN_ROOT_MCTS,MLP_ROOT_MCTS,CNN_ROOT_MCTS,29,14,15,116068,155443,14,15,1436300,57421000,1455965100,1554842600
fixed_time_100ms,MLP_ROOT_MCTS_vs_CNN_ROOT_MCTS,123,2,0,3,MLP_ROOT_MCTS,CNN_ROOT_MCTS,CNN_ROOT_MCTS,12,6,6,49487,81262,6,6,639700,22965600,621730100,616458800
fixed_time_100ms,MLP_ROOT_MCTS_vs_CNN_ROOT_MCTS,123,2,1,3,CNN_ROOT_MCTS,MLP_ROOT_MCTS,MLP_ROOT_MCTS,10,5,5,71666,39747,5,5,503500,18627800,516873400,518871400
fixed_time_100ms,MLP_ROOT_MCTS_vs_CNN_ROOT_MCTS,123,3,0,3,MLP_ROOT_MCTS,CNN_ROOT_MCTS,CNN_ROOT_MCTS,18,9,9,57419,88593,9,9,914800,33558200,938240700,934993600
fixed_time_100ms,MLP_ROOT_MCTS_vs_CNN_ROOT_MCTS,123,3,1,3,CNN_ROOT_MCTS,MLP_ROOT_MCTS,CNN_ROOT_MCTS,19,9,10,50170,88832,9,10,948100,37769900,941496400,1038758500
fixed_time_100ms,MLP_ROOT_MCTS_vs_CNN_ROOT_MCTS,123,4,0,3,MLP_ROOT_MCTS,CNN_ROOT_MCTS,MLP_ROOT_MCTS,23,12,11,106901,58072,12,11,1250900,40626100,1249126300,1146734900
fixed_time_100ms,MLP_ROOT_MCTS_vs_CNN_ROOT_MCTS,123,4,1,3,CNN_ROOT_MCTS,MLP_ROOT_MCTS,CNN_ROOT_MCTS,33,16,17,144696,180323,16,17,1659400,63405900,1654003500,1749516800
fixed_time_100ms,MLP_ROOT_MCTS_vs_CNN_ROOT_MCTS,123,5,0,3,MLP_ROOT_MCTS,CNN_ROOT_MCTS,CNN_ROOT_MCTS,18,9,9,52883,95505,9,9,936700,33561700,938956900,933675400
fixed_time_100ms,MLP_ROOT_MCTS_vs_CNN_ROOT_MCTS,123,5,1,3,CNN_ROOT_MCTS,MLP_ROOT_MCTS,CNN_ROOT_MCTS,29,14,15,81341,88916,14,15,1437300,57385700,1449481600,1548749000
fixed_time_100ms,MLP_ROOT_MCTS_vs_CNN_ROOT_MCTS,123,6,0,5,MLP_ROOT_MCTS,CNN_ROOT_MCTS,MLP_ROOT_MCTS,29,15,14,123235,102263,15,14,1541700,52886000,1557574600,1454606600
fixed_time_100ms,MLP_ROOT_MCTS_vs_CNN_ROOT_MCTS,123,6,1,5,CNN_ROOT_MCTS,MLP_ROOT_MCTS,MLP_ROOT_MCTS,30,15,15,104011,92894,15,15,1575600,57324300,1554134300,1554034700
fixed_time_100ms,MLP_ROOT_MCTS_vs_CNN_ROOT_MCTS,123,7,0,6,MLP_ROOT_MCTS,CNN_ROOT_MCTS,CNN_ROOT_MCTS,30,15,15,104617,150788,15,15,1552400,56631300,1554478300,1549796500
fixed_time_100ms,MLP_ROOT_MCTS_vs_CNN_ROOT_MCTS,123,7,1,6,CNN_ROOT_MCTS,MLP_ROOT_MCTS,DRAW,36,18,18,201010,139666,18,18,1842100,67133000,1850101800,1849730000
fixed_time_100ms,MLP_ROOT_MCTS_vs_CNN_ROOT_MCTS,123,8,0,4,MLP_ROOT_MCTS,CNN_ROOT_MCTS,MLP_ROOT_MCTS,3,2,1,54022,9723,2,1,207300,3650100,204942000,103723200
fixed_time_100ms,MLP_ROOT_MCTS_vs_CNN_ROOT_MCTS,123,8,1,4,CNN_ROOT_MCTS,MLP_ROOT_MCTS,CNN_ROOT_MCTS,3,1,2,9929,54514,1,2,106200,7353200,104211900,205095600
fixed_time_100ms,MLP_ROOT_MCTS_vs_CNN_ROOT_MCTS,123,9,0,5,MLP_ROOT_MCTS,CNN_ROOT_MCTS,DRAW,37,19,18,200363,138292,19,18,2183600,67935700,1958019800,1852860100
fixed_time_100ms,MLP_ROOT_MCTS_vs_CNN_ROOT_MCTS,123,9,1,5,CNN_ROOT_MCTS,MLP_ROOT_MCTS,MLP_ROOT_MCTS,34,17,17,194764,145189,17,17,1767000,64215700,1754825800,1755082600
fixed_time_100ms,MLP_ROOT_MCTS_vs_CNN_ROOT_MCTS,123,10,0,4,MLP_ROOT_MCTS,CNN_ROOT_MCTS,CNN_ROOT_MCTS,34,17,17,124207,130119,17,17,1746500,65002700,1762627000,1756060200
fixed_time_100ms,MLP_ROOT_MCTS_vs_CNN_ROOT_MCTS,123,10,1,4,CNN_ROOT_MCTS,MLP_ROOT_MCTS,CNN_ROOT_MCTS,29,14,15,94312,104732,14,15,1472200,55885200,1460344500,1558009000
fixed_time_100ms,MLP_ROOT_MCTS_vs_CNN_ROOT_MCTS,123,11,0,5,MLP_ROOT_MCTS,CNN_ROOT_MCTS,MLP_ROOT_MCTS,31,16,15,200245,142303,16,15,1620300,56702400,1656800200,1552003700
fixed_time_100ms,MLP_ROOT_MCTS_vs_CNN_ROOT_MCTS,123,11,1,5,CNN_ROOT_MCTS,MLP_ROOT_MCTS,MLP_ROOT_MCTS,32,16,16,176702,124509,16,16,1624500,60045000,1649441900,1650091300
fixed_time_100ms,MLP_ROOT_MCTS_vs_CNN_ROOT_MCTS,123,12,0,3,MLP_ROOT_MCTS,CNN_ROOT_MCTS,DRAW,39,20,19,207508,145425,20,19,2166600,72213300,2054090400,1949591400
fixed_time_100ms,MLP_ROOT_MCTS_vs_CNN_ROOT_MCTS,123,12,1,3,CNN_ROOT_MCTS,MLP_ROOT_MCTS,MLP_ROOT_MCTS,28,14,14,95402,82693,14,14,1412800,53295300,1448119300,1448446600
fixed_time_100ms,MLP_ROOT_MCTS_vs_CNN_ROOT_MCTS,123,13,0,6,MLP_ROOT_MCTS,CNN_ROOT_MCTS,MLP_ROOT_MCTS,35,18,17,189688,136765,18,17,1798500,64849100,1859524500,1757074800
fixed_time_100ms,MLP_ROOT_MCTS_vs_CNN_ROOT_MCTS,123,13,1,6,CNN_ROOT_MCTS,MLP_ROOT_MCTS,MLP_ROOT_MCTS,30,15,15,130841,76415,15,15,1564100,56162600,1555919300,1558231300
fixed_time_100ms,MLP_ROOT_MCTS_vs_CNN_ROOT_MCTS,123,14,0,4,MLP_ROOT_MCTS,CNN_ROOT_MCTS,CNN_ROOT_MCTS,34,17,17,96609,111014,17,17,1771500,64304200,1761649300,1755114400
fixed_time_100ms,MLP_ROOT_MCTS_vs_CNN_ROOT_MCTS,123,14,1,4,CNN_ROOT_MCTS,MLP_ROOT_MCTS,CNN_ROOT_MCTS,21,10,11,42842,85630,10,11,996600,41555700,1042266900,1140965300
fixed_time_100ms,MLP_ROOT_MCTS_vs_CNN_ROOT_MCTS,123,15,0,6,MLP_ROOT_MCTS,CNN_ROOT_MCTS,MLP_ROOT_MCTS,1,1,0,50728,0,1,0,102200,0,100676200,0
fixed_time_100ms,MLP_ROOT_MCTS_vs_CNN_ROOT_MCTS,123,15,1,6,CNN_ROOT_MCTS,MLP_ROOT_MCTS,CNN_ROOT_MCTS,1,0,1,0,45919,0,1,0,3666300,0,100853900
fixed_time_100ms,MLP_ROOT_MCTS_vs_CNN_ROOT_MCTS,123,16,0,6,MLP_ROOT_MCTS,CNN_ROOT_MCTS,MLP_ROOT_MCTS,25,13,12,136427,79425,13,12,1337800,44943800,1346633600,1243914600
fixed_time_100ms,MLP_ROOT_MCTS_vs_CNN_ROOT_MCTS,123,16,1,6,CNN_ROOT_MCTS,MLP_ROOT_MCTS,CNN_ROOT_MCTS,13,6,7,43069,90603,6,7,645600,25958600,625906200,723917900
fixed_time_100ms,MLP_ROOT_MCTS_vs_CNN_ROOT_MCTS,123,17,0,6,MLP_ROOT_MCTS,CNN_ROOT_MCTS,MLP_ROOT_MCTS,3,2,1,66714,15371,2,1,221700,3758000,202777900,102656200
fixed_time_100ms,MLP_ROOT_MCTS_vs_CNN_ROOT_MCTS,123,17,1,6,CNN_ROOT_MCTS,MLP_ROOT_MCTS,CNN_ROOT_MCTS,3,1,2,16057,47019,1,2,94100,7504800,102380400,204020400
fixed_time_100ms,MLP_ROOT_MCTS_vs_CNN_ROOT_MCTS,123,18,0,5,MLP_ROOT_MCTS,CNN_ROOT_MCTS,MLP_ROOT_MCTS,33,17,16,175284,125639,17,16,1846400,59785100,1754598300,1651970300
fixed_time_100ms,MLP_ROOT_MCTS_vs_CNN_ROOT_MCTS,123,18,1,5,CNN_ROOT_MCTS,MLP_ROOT_MCTS,MLP_ROOT_MCTS,18,9,9,81987,43261,9,9,909800,34070000,938295100,940870700
fixed_time_100ms,MLP_ROOT_MCTS_vs_CNN_ROOT_MCTS,123,19,0,6,MLP_ROOT_MCTS,CNN_ROOT_MCTS,MLP_ROOT_MCTS,23,12,11,99256,72945,12,11,1227300,41412000,1246041200,1145589100
fixed_time_100ms,MLP_ROOT_MCTS_vs_CNN_ROOT_MCTS,123,19,1,6,CNN_ROOT_MCTS,MLP_ROOT_MCTS,CNN_ROOT_MCTS,17,8,9,49501,87315,8,9,787800,33619500,838940300,938814800
fixed_time_100ms,MLP_ROOT_MCTS_vs_CNN_ROOT_MCTS,123,20,0,6,MLP_ROOT_MCTS,CNN_ROOT_MCTS,MLP_ROOT_MCTS,31,16,15,170434,116906,16,15,1704400,56151000,1667288800,1563432000
fixed_time_100ms,MLP_ROOT_MCTS_vs_CNN_ROOT_MCTS,123,20,1,6,CNN_ROOT_MCTS,MLP_ROOT_MCTS,MLP_ROOT_MCTS,22,11,11,89089,54542,11,11,1120500,41815600,1150199600,1153786400
fixed_time_100ms,MLP_ROOT_MCTS_vs_CNN_ROOT_MCTS,123,21,0,2,MLP_ROOT_MCTS,CNN_ROOT_MCTS,CNN_ROOT_MCTS,38,19,19,166190,201539,19,19,2025100,72204900,1963953500,1960350100
fixed_time_100ms,MLP_ROOT_MCTS_vs_CNN_ROOT_MCTS,123,21,1,2,CNN_ROOT_MCTS,MLP_ROOT_MCTS,MLP_ROOT_MCTS,34,17,17,162641,97355,17,17,1771000,63912500,1765297300,1764775300
fixed_time_100ms,MLP_ROOT_MCTS_vs_CNN_ROOT_MCTS,123,22,0,3,MLP_ROOT_MCTS,CNN_ROOT_MCTS,MLP_ROOT_MCTS,33,17,16,102011,82449,17,16,1793800,60187100,1765381100,1662775500
fixed_time_100ms,MLP_ROOT_MCTS_vs_CNN_ROOT_MCTS,123,22,1,3,CNN_ROOT_MCTS,MLP_ROOT_MCTS,CNN_ROOT_MCTS,33,16,17,93041,106297,16,17,1688800,63291100,1655386400,1755285600
fixed_time_100ms,MLP_ROOT_MCTS_vs_CNN_ROOT_MCTS,123,23,0,4,MLP_ROOT_MCTS,CNN_ROOT_MCTS,MLP_ROOT_MCTS,3,2,1,46380,11127,2,1,204400,3739200,205458600,102995100
fixed_time_100ms,MLP_ROOT_MCTS_vs_CNN_ROOT_MCTS,123,23,1,4,CNN_ROOT_MCTS,MLP_ROOT_MCTS,CNN_ROOT_MCTS,3,1,2,12700,43035,1,2,129000,7700900,103123400,204872500
fixed_time_100ms,MLP_ROOT_MCTS_vs_CNN_ROOT_MCTS,123,24,0,4,MLP_ROOT_MCTS,CNN_ROOT_MCTS,MLP_ROOT_MCTS,3,2,1,57055,13666,2,1,207200,3647400,204799500,102927700
fixed_time_100ms,MLP_ROOT_MCTS_vs_CNN_ROOT_MCTS,123,24,1,4,CNN_ROOT_MCTS,MLP_ROOT_MCTS,CNN_ROOT_MCTS,3,1,2,15013,49788,1,2,104200,7530000,102848300,204538200
fixed_time_100ms,MLP_ROOT_MCTS_vs_CNN_ROOT_MCTS,123,25,0,2,MLP_ROOT_MCTS,CNN_ROOT_MCTS,CNN_ROOT_MCTS,30,15,15,87897,96977,15,15,1547100,56332400,1562225000,1556669700
fixed_time_100ms,MLP_ROOT_MCTS_vs_CNN_ROOT_MCTS,123,25,1,2,CNN_ROOT_MCTS,MLP_ROOT_MCTS,MLP_ROOT_MCTS,32,16,16,188541,137341,16,16,1660700,61036000,1661076300,1662849500
fixed_time_100ms,MLP_ROOT_MCTS_vs_CNN_ROOT_MCTS,123,26,0,3,MLP_ROOT_MCTS,CNN_ROOT_MCTS,CNN_ROOT_MCTS,18,9,9,43187,77542,9,9,1016200,33190200,940841800,936777000
fixed_time_100ms,MLP_ROOT_MCTS_vs_CNN_ROOT_MCTS,123,26,1,3,CNN_ROOT_MCTS,MLP_ROOT_MCTS,MLP_ROOT_MCTS,16,8,8,91143,43051,8,8,836100,29841800,832038700,835149800
fixed_time_100ms,MLP_ROOT_MCTS_vs_CNN_ROOT_MCTS,123,27,0,6,MLP_ROOT_MCTS,CNN_ROOT_MCTS,MLP_ROOT_MCTS,33,17,16,195602,144093,17,16,1736300,60889300,1759875300,1657669500
fixed_time_100ms,MLP_ROOT_MCTS_vs_CNN_ROOT_MCTS,123,27,1,6,CNN_ROOT_MCTS,MLP_ROOT_MCTS,MLP_ROOT_MCTS,32,16,16,191657,147828,16,16,1689500,60309500,1646725500,1649618100
fixed_time_100ms,MLP_ROOT_MCTS_vs_CNN_ROOT_MCTS,123,28,0,5,MLP_ROOT_MCTS,CNN_ROOT_MCTS,DRAW,37,19,18,203348,139420,19,18,1984900,67889500,1953577300,1849417700
fixed_time_100ms,MLP_ROOT_MCTS_vs_CNN_ROOT_MCTS,123,28,1,5,CNN_ROOT_MCTS,MLP_ROOT_MCTS,MLP_ROOT_MCTS,30,15,15,173792,128062,15,15,1563600,55711100,1553347100,1554581000
fixed_time_100ms,MLP_ROOT_MCTS_vs_CNN_ROOT_MCTS,123,29,0,6,MLP_ROOT_MCTS,CNN_ROOT_MCTS,CNN_ROOT_MCTS,10,5,5,34494,75537,5,5,514900,18440100,521811400,516847800
fixed_time_100ms,MLP_ROOT_MCTS_vs_CNN_ROOT_MCTS,123,29,1,6,CNN_ROOT_MCTS,MLP_ROOT_MCTS,MLP_ROOT_MCTS,12,6,6,79321,33670,6,6,623000,22861900,622362700,625530000
fixed_time_100ms,MLP_ROOT_MCTS_vs_CNN_ROOT_MCTS,123,30,0,6,MLP_ROOT_MCTS,CNN_ROOT_MCTS,MLP_ROOT_MCTS,29,15,14,175498,126596,15,14,1630100,53127600,1548587900,1447516400
fixed_time_100ms,MLP_ROOT_MCTS_vs_CNN_ROOT_MCTS,123,30,1,6,CNN_ROOT_MCTS,MLP_ROOT_MCTS,CNN_ROOT_MCTS,29,14,15,163907,189010,14,15,1496000,56223200,1445435500,1548063000
fixed_time_100ms,MLP_ROOT_MCTS_vs_CNN_ROOT_MCTS,123,31,0,4,MLP_ROOT_MCTS,CNN_ROOT_MCTS,MLP_ROOT_MCTS,15,8,7,91682,42353,8,7,835200,25752800,830544800,728881600
fixed_time_100ms,MLP_ROOT_MCTS_vs_CNN_ROOT_MCTS,123,31,1,4,CNN_ROOT_MCTS,MLP_ROOT_MCTS,CNN_ROOT_MCTS,21,10,11,61971,103573,10,11,1047000,42051000,1043650400,1143190800
fixed_time_100ms,MLP_ROOT_MCTS_vs_CNN_ROOT_MCTS,123,32,0,4,MLP_ROOT_MCTS,CNN_ROOT_MCTS,MLP_ROOT_MCTS,3,2,1,57694,9500,2,1,210100,3977100,204134900,103487500
fixed_time_100ms,MLP_ROOT_MCTS_vs_CNN_ROOT_MCTS,123,32,1,4,CNN_ROOT_MCTS,MLP_ROOT_MCTS,CNN_ROOT_MCTS,3,1,2,9292,47580,1,2,102500,7402300,104022600,204731700
fixed_time_100ms,MLP_ROOT_MCTS_vs_CNN_ROOT_MCTS,123,33,0,2,MLP_ROOT_MCTS,CNN_ROOT_MCTS,MLP_ROOT_MCTS,29,15,14,151754,100923,15,14,1557000,53249600,1552005500,1449374000
fixed_time_100ms,MLP_ROOT_MCTS_vs_CNN_ROOT_MCTS,123,33,1,2,CNN_ROOT_MCTS,MLP_ROOT_MCTS,CNN_ROOT_MCTS,31,15,16,87540,103966,15,16,1647700,60567200,1558378700,1653661400
fixed_time_100ms,MLP_ROOT_MCTS_vs_CNN_ROOT_MCTS,123,34,0,4,MLP_ROOT_MCTS,CNN_ROOT_MCTS,MLP_ROOT_MCTS,31,16,15,168284,116133,16,15,1650100,57855500,1654911800,1550607300
fixed_time_100ms,MLP_ROOT_MCTS_vs_CNN_ROOT_MCTS,123,34,1,4,CNN_ROOT_MCTS,MLP_ROOT_MCTS,MLP_ROOT_MCTS,32,16,16,184144,130255,16,16,1712800,60602300,1648098000,1651795200
fixed_time_100ms,MLP_ROOT_MCTS_vs_CNN_ROOT_MCTS,123,35,0,6,MLP_ROOT_MCTS,CNN_ROOT_MCTS,CNN_ROOT_MCTS,26,13,13,91557,98714,13,13,1489300,48235600,1345213300,1340552200
fixed_time_100ms,MLP_ROOT_MCTS_vs_CNN_ROOT_MCTS,123,35,1,6,CNN_ROOT_MCTS,MLP_ROOT_MCTS,MLP_ROOT_MCTS,30,15,15,171101,112884,15,15,1512700,56763800,1548334500,1549364500
fixed_time_100ms,MLP_ROOT_MCTS_vs_CNN_ROOT_MCTS,123,36,0,6,MLP_ROOT_MCTS,CNN_ROOT_MCTS,CNN_ROOT_MCTS,24,12,12,77267,86135,12,12,1230700,45349100,1249570400,1244199300
fixed_time_100ms,MLP_ROOT_MCTS_vs_CNN_ROOT_MCTS,123,36,1,6,CNN_ROOT_MCTS,MLP_ROOT_MCTS,CNN_ROOT_MCTS,27,13,14,122204,166367,13,14,1350000,53069700,1350992000,1452190400
fixed_time_100ms,MLP_ROOT_MCTS_vs_CNN_ROOT_MCTS,123,37,0,4,MLP_ROOT_MCTS,CNN_ROOT_MCTS,DRAW,38,19,19,148480,196468,19,19,1969500,71694900,1968673900,1965578100
fixed_time_100ms,MLP_ROOT_MCTS_vs_CNN_ROOT_MCTS,123,37,1,4,CNN_ROOT_MCTS,MLP_ROOT_MCTS,MLP_ROOT_MCTS,34,17,17,201034,150353,17,17,1771300,64174700,1749071900,1747652900
fixed_time_100ms,MLP_ROOT_MCTS_vs_CNN_ROOT_MCTS,123,38,0,6,MLP_ROOT_MCTS,CNN_ROOT_MCTS,MLP_ROOT_MCTS,1,1,0,56145,0,1,0,113400,0,100605200,0
fixed_time_100ms,MLP_ROOT_MCTS_vs_CNN_ROOT_MCTS,123,38,1,6,CNN_ROOT_MCTS,MLP_ROOT_MCTS,CNN_ROOT_MCTS,1,0,1,0,52552,0,1,0,3788700,0,100559600
fixed_time_100ms,MLP_ROOT_MCTS_vs_CNN_ROOT_MCTS,123,39,0,6,MLP_ROOT_MCTS,CNN_ROOT_MCTS,CNN_ROOT_MCTS,16,8,8,48413,84397,8,8,846800,29951100,837303000,830958000
fixed_time_100ms,MLP_ROOT_MCTS_vs_CNN_ROOT_MCTS,123,39,1,6,CNN_ROOT_MCTS,MLP_ROOT_MCTS,MLP_ROOT_MCTS,26,13,13,115485,96110,13,13,1390200,49056700,1353417000,1355673700
fixed_time_100ms,MLP_ROOT_MCTS_vs_CNN_ROOT_MCTS,123,40,0,2,MLP_ROOT_MCTS,CNN_ROOT_MCTS,MLP_ROOT_MCTS,13,7,6,81796,34688,7,6,717800,22127700,724739100,623249700
fixed_time_100ms,MLP_ROOT_MCTS_vs_CNN_ROOT_MCTS,123,40,1,2,CNN_ROOT_MCTS,MLP_ROOT_MCTS,CNN_ROOT_MCTS,37,18,19,172488,211654,18,19,1874300,71135200,1852499900,1951550200
fixed_time_100ms,MLP_ROOT_MCTS_vs_CNN_ROOT_MCTS,123,41,0,5,MLP_ROOT_MCTS,CNN_ROOT_MCTS,CNN_ROOT_MCTS,30,15,15,88027,94819,15,15,1547200,56210100,1566808700,1563901900
fixed_time_100ms,MLP_ROOT_MCTS_vs_CNN_ROOT_MCTS,123,41,1,5,CNN_ROOT_MCTS,MLP_ROOT_MCTS,MLP_ROOT_MCTS,34,17,17,185539,130987,17,17,1786600,64010900,1755127400,1756162500
fixed_time_100ms,MLP_ROOT_MCTS_vs_CNN_ROOT_MCTS,123,42,0,2,MLP_ROOT_MCTS,CNN_ROOT_MCTS,MLP_ROOT_MCTS,37,19,18,195373,135589,19,18,1961900,68601700,1958995300,1857823700
fixed_time_100ms,MLP_ROOT_MCTS_vs_CNN_ROOT_MCTS,123,42,1,2,CNN_ROOT_MCTS,MLP_ROOT_MCTS,MLP_ROOT_MCTS,22,11,11,103204,58005,11,11,1134000,42269900,1142830500,1145336900
fixed_time_100ms,MLP_ROOT_MCTS_vs_CNN_ROOT_MCTS,123,43,0,6,MLP_ROOT_MCTS,CNN_ROOT_MCTS,MLP_ROOT_MCTS,29,15,14,169080,118160,15,14,1560100,52255100,1554263900,1452520700
fixed_time_100ms,MLP_ROOT_MCTS_vs_CNN_ROOT_MCTS,123,43,1,6,CNN_ROOT_MCTS,MLP_ROOT_MCTS,MLP_ROOT_MCTS,30,15,15,166037,112917,15,15,1592000,56279300,1558617000,1557297600
fixed_time_100ms,MLP_ROOT_MCTS_vs_CNN_ROOT_MCTS,123,44,0,2,MLP_ROOT_MCTS,CNN_ROOT_MCTS,CNN_ROOT_MCTS,36,18,18,106654,123541,18,18,1902200,67191900,1860887000,1858409300
fixed_time_100ms,MLP_ROOT_MCTS_vs_CNN_ROOT_MCTS,123,44,1,2,CNN_ROOT_MCTS,MLP_ROOT_MCTS,MLP_ROOT_MCTS,26,13,13,98616,76269,13,13,1380600,49122900,1349439900,1351112600
fixed_time_100ms,MLP_ROOT_MCTS_vs_CNN_ROOT_MCTS,123,45,0,5,MLP_ROOT_MCTS,CNN_ROOT_MCTS,MLP_ROOT_MCTS,15,8,7,82692,39541,8,7,809200,26806700,832433700,731771300
fixed_time_100ms,MLP_ROOT_MCTS_vs_CNN_ROOT_MCTS,123,45,1,5,CNN_ROOT_MCTS,MLP_ROOT_MCTS,MLP_ROOT_MCTS,30,15,15,148444,130320,15,15,1562000,56424100,1541811500,1542502200
fixed_time_100ms,MLP_ROOT_MCTS_vs_CNN_ROOT_MCTS,123,46,0,4,MLP_ROOT_MCTS,CNN_ROOT_MCTS,MLP_ROOT_MCTS,27,14,13,101925,84854,14,13,1439200,49618500,1444911700,1344726900
fixed_time_100ms,MLP_ROOT_MCTS_vs_CNN_ROOT_MCTS,123,46,1,4,CNN_ROOT_MCTS,MLP_ROOT_MCTS,MLP_ROOT_MCTS,30,15,15,185405,130177,15,15,1561200,57101500,1555240700,1556773000
fixed_time_100ms,MLP_ROOT_MCTS_vs_CNN_ROOT_MCTS,123,47,0,3,MLP_ROOT_MCTS,CNN_ROOT_MCTS,MLP_ROOT_MCTS,31,16,15,156653,105890,16,15,1636300,56665800,1655324900,1552046100
fixed_time_100ms,MLP_ROOT_MCTS_vs_CNN_ROOT_MCTS,123,47,1,3,CNN_ROOT_MCTS,MLP_ROOT_MCTS,CNN_ROOT_MCTS,27,13,14,77344,92752,13,14,1324100,52710000,1356331700,1456953800
fixed_time_100ms,MLP_ROOT_MCTS_vs_CNN_ROOT_MCTS,123,48,0,3,MLP_ROOT_MCTS,CNN_ROOT_MCTS,MLP_ROOT_MCTS,15,8,7,73655,37144,8,7,856600,25910300,830384900,726527200
fixed_time_100ms,MLP_ROOT_MCTS_vs_CNN_ROOT_MCTS,123,48,1,3,CNN_ROOT_MCTS,MLP_ROOT_MCTS,CNN_ROOT_MCTS,23,11,12,56559,98042,11,12,1132100,45333600,1152373300,1249598100
fixed_time_100ms,MLP_ROOT_MCTS_vs_CNN_ROOT_MCTS,123,49,0,3,MLP_ROOT_MCTS,CNN_ROOT_MCTS,MLP_ROOT_MCTS,31,16,15,94586,75185,16,15,1669100,56511500,1664796100,1562228800
fixed_time_100ms,MLP_ROOT_MCTS_vs_CNN_ROOT_MCTS,123,49,1,3,CNN_ROOT_MCTS,MLP_ROOT_MCTS,CNN_ROOT_MCTS,29,14,15,84162,91489,14,15,1445800,56785100,1457779300,1556319100
fixed_time_100ms,MLP_ROOT_MCTS_vs_CNN_ROOT_MCTS,777,0,0,6,MLP_ROOT_MCTS,CNN_ROOT_MCTS,CNN_ROOT_MCTS,34,17,17,145017,189390,17,17,1693100,63870100,1755758700,1750637000
fixed_time_100ms,MLP_ROOT_MCTS_vs_CNN_ROOT_MCTS,777,0,1,6,CNN_ROOT_MCTS,MLP_ROOT_MCTS,CNN_ROOT_MCTS,17,8,9,29794,59984,8,9,831300,33708100,838758100,937981100
fixed_time_100ms,MLP_ROOT_MCTS_vs_CNN_ROOT_MCTS,777,1,0,2,MLP_ROOT_MCTS,CNN_ROOT_MCTS,CNN_ROOT_MCTS,28,14,14,88596,125564,14,14,1434800,52670600,1458487600,1453762200
fixed_time_100ms,MLP_ROOT_MCTS_vs_CNN_ROOT_MCTS,777,1,1,2,CNN_ROOT_MCTS,MLP_ROOT_MCTS,DRAW,40,20,20,195201,139666,20,20,2029700,76525700,2060368100,2059675700
fixed_time_100ms,MLP_ROOT_MCTS_vs_CNN_ROOT_MCTS,777,2,0,4,MLP_ROOT_MCTS,CNN_ROOT_MCTS,MLP_ROOT_MCTS,29,15,14,86296,70756,15,14,1507600,52842700,1557273400,1456198000
fixed_time_100ms,MLP_ROOT_MCTS_vs_CNN_ROOT_MCTS,777,2,1,4,CNN_ROOT_MCTS,MLP_ROOT_MCTS,CNN_ROOT_MCTS,33,16,17,103343,121889,16,17,1741400,65027600,1657535400,1756867100
fixed_time_100ms,MLP_ROOT_MCTS_vs_CNN_ROOT_MCTS,777,3,0,2,MLP_ROOT_MCTS,CNN_ROOT_MCTS,MLP_ROOT_MCTS,31,16,15,106129,91349,16,15,1669600,56520200,1658223600,1556689000
fixed_time_100ms,MLP_ROOT_MCTS_vs_CNN_ROOT_MCTS,777,3,1,2,CNN_ROOT_MCTS,MLP_ROOT_MCTS,MLP_ROOT_MCTS,30,15,15,103226,87771,15,15,1532800,56676000,1555317000,1556293400
fixed_time_100ms,MLP_ROOT_MCTS_vs_CNN_ROOT_MCTS,777,4,0,5,MLP_ROOT_MCTS,CNN_ROOT_MCTS,DRAW,37,19,18,205166,143621,19,18,2020400,68108000,1955410000,1852729700
fixed_time_100ms,MLP_ROOT_MCTS_vs_CNN_ROOT_MCTS,777,4,1,5,CNN_ROOT_MCTS,MLP_ROOT_MCTS,CNN_ROOT_MCTS,15,7,8,51292,95665,7,8,735400,29812200,733359500,833853900
fixed_time_100ms,MLP_ROOT_MCTS_vs_CNN_ROOT_MCTS,777,5,0,2,MLP_ROOT_MCTS,CNN_ROOT_MCTS,MLP_ROOT_MCTS,17,9,8,91796,40884,9,8,945800,29800300,934356700,831648000
fixed_time_100ms,MLP_ROOT_MCTS_vs_CNN_ROOT_MCTS,777,5,1,2,CNN_ROOT_MCTS,MLP_ROOT_MCTS,MLP_ROOT_MCTS,36,18,18,184575,125294,18,18,1850400,67965200,1856041700,1857069800
fixed_time_100ms,MLP_ROOT_MCTS_vs_CNN_ROOT_MCTS,777,6,0,6,MLP_ROOT_MCTS,CNN_ROOT_MCTS,MLP_ROOT_MCTS,9,5,4,79955,36380,5,4,535200,14964200,516077100,413548700
fixed_time_100ms,MLP_ROOT_MCTS_vs_CNN_ROOT_MCTS,777,6,1,6,CNN_ROOT_MCTS,MLP_ROOT_MCTS,CNN_ROOT_MCTS,9,4,5,38657,76425,4,5,406800,18669400,414857900,514585000
fixed_time_100ms,MLP_ROOT_MCTS_vs_CNN_ROOT_MCTS,777,7,0,6,MLP_ROOT_MCTS,CNN_ROOT_MCTS,MLP_ROOT_MCTS,11,6,5,87979,34971,6,5,627700,19261100,622082500,521679800
fixed_time_100ms,MLP_ROOT_MCTS_vs_CNN_ROOT_MCTS,777,7,1,6,CNN_ROOT_MCTS,MLP_ROOT_MCTS,CNN_ROOT_MCTS,11,5,6,44782,84713,5,6,506700,22405800,521006200,618818600
fixed_time_100ms,MLP_ROOT_MCTS_vs_CNN_ROOT_MCTS,777,8,0,6,MLP_ROOT_MCTS,CNN_ROOT_MCTS,MLP_ROOT_MCTS,31,16,15,159265,95226,16,15,1685700,56408100,1661319500,1556733900
fixed_time_100ms,MLP_ROOT_MCTS_vs_CNN_ROOT_MCTS,777,8,1,6,CNN_ROOT_MCTS,MLP_ROOT_MCTS,CNN_ROOT_MCTS,27,13,14,88847,105109,13,14,1341100,52988200,1348053700,1448150200
fixed_time_100ms,MLP_ROOT_MCTS_vs_CNN_ROOT_MCTS,777,9,0,3,MLP_ROOT_MCTS,CNN_ROOT_MCTS,CNN_ROOT_MCTS,16,8,8,43547,80236,8,8,853200,30269600,836355500,829291100
fixed_time_100ms,MLP_ROOT_MCTS_vs_CNN_ROOT_MCTS,777,9,1,3,CNN_ROOT_MCTS,MLP_ROOT_MCTS,MLP_ROOT_MCTS,22,11,11,109900,73862,11,11,1145700,41749500,1142273500,1144863400
fixed_time_100ms,MLP_ROOT_MCTS_vs_CNN_ROOT_MCTS,777,10,0,5,MLP_ROOT_MCTS,CNN_ROOT_MCTS,CNN_ROOT_MCTS,22,11,11,64540,100805,11,11,1130400,42009200,1150154500,1145459300
fixed_time_100ms,MLP_ROOT_MCTS_vs_CNN_ROOT_MCTS,777,10,1,5,CNN_ROOT_MCTS,MLP_ROOT_MCTS,MLP_ROOT_MCTS,28,14,14,95865,82968,14,14,1472500,54994700,1458645200,1457236400
fixed_time_100ms,MLP_ROOT_MCTS_vs_CNN_ROOT_MCTS,777,11,0,5,MLP_ROOT_MCTS,CNN_ROOT_MCTS,MLP_ROOT_MCTS,33,17,16,151216,85489,17,16,1970400,59511200,1766185600,1663898300
fixed_time_100ms,MLP_ROOT_MCTS_vs_CNN_ROOT_MCTS,777,11,1,5,CNN_ROOT_MCTS,MLP_ROOT_MCTS,MLP_ROOT_MCTS,30,15,15,141063,80721,15,15,1523200,56648700,1559747900,1559532100
fixed_time_100ms,MLP_ROOT_MCTS_vs_CNN_ROOT_MCTS,777,12,0,3,MLP_ROOT_MCTS,CNN_ROOT_MCTS,MLP_ROOT_MCTS,31,16,15,112080,64257,16,15,1617100,56805700,1667695100,1564129500
fixed_time_100ms,MLP_ROOT_MCTS_vs_CNN_ROOT_MCTS,777,12,1,3,CNN_ROOT_MCTS,MLP_ROOT_MCTS,CNN_ROOT_MCTS,35,17,18,153948,190960,17,18,1750900,69505200,1761406100,1859677700
fixed_time_100ms,MLP_ROOT_MCTS_vs_CNN_ROOT_MCTS,777,13,0,2,MLP_ROOT_MCTS,CNN_ROOT_MCTS,CNN_ROOT_MCTS,30,15,15,87442,96507,15,15,1584100,55832900,1562217600,1556935400
fixed_time_100ms,MLP_ROOT_MCTS_vs_CNN_ROOT_MCTS,777,13,1,2,CNN_ROOT_MCTS,MLP_ROOT_MCTS,CNN_ROOT_MCTS,33,16,17,150423,186062,16,17,1658000,65440600,1652012100,1750308500
fixed_time_100ms,MLP_ROOT_MCTS_vs_CNN_ROOT_MCTS,777,14,0,5,MLP_ROOT_MCTS,CNN_ROOT_MCTS,CNN_ROOT_MCTS,30,15,15,75494,83469,15,15,1606400,56132300,1563807600,1558415200
fixed_time_100ms,MLP_ROOT_MCTS_vs_CNN_ROOT_MCTS,777,14,1,5,CNN_ROOT_MCTS,MLP_ROOT_MCTS,MLP_ROOT_MCTS,32,16,16,155309,94243,16,16,1684300,60310400,1663644500,1661378400
fixed_time_100ms,MLP_ROOT_MCTS_vs_CNN_ROOT_MCTS,777,15,0,6,MLP_ROOT_MCTS,CNN_ROOT_MCTS,MLP_ROOT_MCTS,27,14,13,106159,85848,14,13,1483200,49458900,1452662600,1348785600
fixed_time_100ms,MLP_ROOT_MCTS_vs_CNN_ROOT_MCTS,777,15,1,6,CNN_ROOT_MCTS,MLP_ROOT_MCTS,CNN_ROOT_MCTS,29,14,15,69501,79815,14,15,1489600,56691400,1459621100,1556730600
fixed_time_100ms,MLP_ROOT_MCTS_vs_CNN_ROOT_MCTS,777,16,0,3,MLP_ROOT_MCTS,CNN_ROOT_MCTS,MLP_ROOT_MCTS,27,14,13,91314,66207,14,13,1445500,49193200,1455502800,1352820700
fixed_time_100ms,MLP_ROOT_MCTS_vs_CNN_ROOT_MCTS,777,16,1,3,CNN_ROOT_MCTS,MLP_ROOT_MCTS,MLP_ROOT_MCTS,32,16,16,192853,147951,16,16,1684600,60068900,1655923600,1655443100
fixed_time_100ms,MLP_ROOT_MCTS_vs_CNN_ROOT_MCTS,777,17,0,5,MLP_ROOT_MCTS,CNN_ROOT_MCTS,MLP_ROOT_MCTS,31,16,15,123343,109525,16,15,1716000,57295000,1645433400,1542544300
fixed_time_100ms,MLP_ROOT_MCTS_vs_CNN_ROOT_MCTS,777,17,1,5,CNN_ROOT_MCTS,MLP_ROOT_MCTS,MLP_ROOT_MCTS,28,14,14,110291,97904,14,14,1394700,53222000,1444362900,1446097300
fixed_time_100ms,MLP_ROOT_MCTS_vs_CNN_ROOT_MCTS,777,18,0,6,MLP_ROOT_MCTS,CNN_ROOT_MCTS,DRAW,36,18,18,136955,185407,18,18,1927600,68008900,1857014200,1851386600
fixed_time_100ms,MLP_ROOT_MCTS_vs_CNN_ROOT_MCTS,777,18,1,6,CNN_ROOT_MCTS,MLP_ROOT_MCTS,DRAW,36,18,18,197495,139521,18,18,1914300,67800800,1851402200,1853517900
fixed_time_100ms,MLP_ROOT_MCTS_vs_CNN_ROOT_MCTS,777,19,0,6,MLP_ROOT_MCTS,CNN_ROOT_MCTS,MLP_ROOT_MCTS,29,15,14,116717,93726,15,14,1599600,52874400,1552035700,1449442100
fixed_time_100ms,MLP_ROOT_MCTS_vs_CNN_ROOT_MCTS,777,19,1,6,CNN_ROOT_MCTS,MLP_ROOT_MCTS,CNN_ROOT_MCTS,27,13,14,84865,94449,13,14,1323500,52604200,1355150700,1452400500
fixed_time_100ms,MLP_ROOT_MCTS_vs_CNN_ROOT_MCTS,777,20,0,2,MLP_ROOT_MCTS,CNN_ROOT_MCTS,CNN_ROOT_MCTS,34,17,17,113532,156879,17,17,1771100,63613100,1759557400,1756447800
fixed_time_100ms,MLP_ROOT_MCTS_vs_CNN_ROOT_MCTS,777,20,1,2,CNN_ROOT_MCTS,MLP_ROOT_MCTS,MLP_ROOT_MCTS,30,15,15,106283,89770,15,15,1540000,56206000,1561323800,1559524500
fixed_time_100ms,MLP_ROOT_MCTS_vs_CNN_ROOT_MCTS,777,21,0,6,MLP_ROOT_MCTS,CNN_ROOT_MCTS,CNN_ROOT_MCTS,28,14,14,127432,166336,14,14,1394700,52302900,1452381600,1446988000
fixed_time_100ms,MLP_ROOT_MCTS_vs_CNN_ROOT_MCTS,777,21,1,6,CNN_ROOT_MCTS,MLP_ROOT_MCTS,MLP_ROOT_MCTS,22,11,11,107672,60994,11,11,1174100,41821200,1145471500,1147847400
fixed_time_100ms,MLP_ROOT_MCTS_vs_CNN_ROOT_MCTS,777,22,0,6,MLP_ROOT_MCTS,CNN_ROOT_MCTS,MLP_ROOT_MCTS,27,14,13,100541,89324,14,13,1471100,48726400,1451039800,1345675900
fixed_time_100ms,MLP_ROOT_MCTS_vs_CNN_ROOT_MCTS,777,22,1,6,CNN_ROOT_MCTS,MLP_ROOT_MCTS,CNN_ROOT_MCTS,31,15,16,94304,153937,15,16,1625800,60967100,1566630400,1666712200
fixed_time_100ms,MLP_ROOT_MCTS_vs_CNN_ROOT_MCTS,777,23,0,3,MLP_ROOT_MCTS,CNN_ROOT_MCTS,CNN_ROOT_MCTS,30,15,15,89746,95931,15,15,1558100,56477400,1560874700,1554759300
fixed_time_100ms,MLP_ROOT_MCTS_vs_CNN_ROOT_MCTS,777,23,1,3,CNN_ROOT_MCTS,MLP_ROOT_MCTS,CNN_ROOT_MCTS,33,16,17,81304,92711,16,17,1659200,63860300,1665777100,1766703300
fixed_time_100ms,MLP_ROOT_MCTS_vs_CNN_ROOT_MCTS,777,24,0,4,MLP_ROOT_MCTS,CNN_ROOT_MCTS,CNN_ROOT_MCTS,22,11,11,55738,95901,11,11,1311200,40512800,1150091200,1144787900
fixed_time_100ms,MLP_ROOT_MCTS_vs_CNN_ROOT_MCTS,777,24,1,4,CNN_ROOT_MCTS,MLP_ROOT_MCTS,MLP_ROOT_MCTS,34,17,17,170746,105197,17,17,1790300,63124200,1753418500,1756151700
fixed_time_100ms,MLP_ROOT_MCTS_vs_CNN_ROOT_MCTS,777,25,0,6,MLP_ROOT_MCTS,CNN_ROOT_MCTS,CNN_ROOT_MCTS,30,15,15,87514,102778,15,15,1586000,56239800,1554098400,1549637700
fixed_time_100ms,MLP_ROOT_MCTS_vs_CNN_ROOT_MCTS,777,25,1,6,CNN_ROOT_MCTS,MLP_ROOT_MCTS,MLP_ROOT_MCTS,32,16,16,156212,94875,16,16,1747000,60547500,1667653600,1668603500
fixed_time_100ms,MLP_ROOT_MCTS_vs_CNN_ROOT_MCTS,777,26,0,4,MLP_ROOT_MCTS,CNN_ROOT_MCTS,MLP_ROOT_MCTS,21,11,10,93757,55722,11,10,1197700,37376800,1151803100,1048647400
fixed_time_100ms,MLP_ROOT_MCTS_vs_CNN_ROOT_MCTS,777,26,1,4,CNN_ROOT_MCTS,MLP_ROOT_MCTS,CNN_ROOT_MCTS,11,5,6,52756,83008,5,6,513100,22345800,517053800,617000000
fixed_time_100ms,MLP_ROOT_MCTS_vs_CNN_ROOT_MCTS,777,27,0,3,MLP_ROOT_MCTS,CNN_ROOT_MCTS,CNN_ROOT_MCTS,24,12,12,62769,77554,12,12,1242700,45836500,1255681100,1253823200
fixed_time_100ms,MLP_ROOT_MCTS_vs_CNN_ROOT_MCTS,777,27,1,3,CNN_ROOT_MCTS,MLP_ROOT_MCTS,CNN_ROOT_MCTS,25,12,13,63940,98965,12,13,1249900,50237300,1254067800,1350760500
fixed_time_100ms,MLP_ROOT_MCTS_vs_CNN_ROOT_MCTS,777,28,0,3,MLP_ROOT_MCTS,CNN_ROOT_MCTS,CNN_ROOT_MCTS,30,15,15,84951,93751,15,15,1580000,56148700,1557111300,1552220500
fixed_time_100ms,MLP_ROOT_MCTS_vs_CNN_ROOT_MCTS,777,28,1,3,CNN_ROOT_MCTS,MLP_ROOT_MCTS,CNN_ROOT_MCTS,19,9,10,62421,102272,9,10,924400,37823700,940448600,1037980500
fixed_time_100ms,MLP_ROOT_MCTS_vs_CNN_ROOT_MCTS,777,29,0,2,MLP_ROOT_MCTS,CNN_ROOT_MCTS,CNN_ROOT_MCTS,32,16,16,136671,171098,16,16,1658800,61029600,1660083200,1656518700
fixed_time_100ms,MLP_ROOT_MCTS_vs_CNN_ROOT_MCTS,777,29,1,2,CNN_ROOT_MCTS,MLP_ROOT_MCTS,MLP_ROOT_MCTS,32,16,16,90072,73119,16,16,1669500,59735200,1660765100,1662635200
fixed_time_100ms,MLP_ROOT_MCTS_vs_CNN_ROOT_MCTS,777,30,0,4,MLP_ROOT_MCTS,CNN_ROOT_MCTS,MLP_ROOT_MCTS,31,16,15,177770,127171,16,15,1686200,56991600,1655254900,1554099400
fixed_time_100ms,MLP_ROOT_MCTS_vs_CNN_ROOT_MCTS,777,30,1,4,CNN_ROOT_MCTS,MLP_ROOT_MCTS,CNN_ROOT_MCTS,21,10,11,37369,68103,10,11,1032700,41165800,1049691300,1148836300
fixed_time_100ms,MLP_ROOT_MCTS_vs_CNN_ROOT_MCTS,777,31,0,2,MLP_ROOT_MCTS,CNN_ROOT_MCTS,MLP_ROOT_MCTS,35,18,17,191155,146678,18,17,1901500,63695100,1858006600,1752460600
fixed_time_100ms,MLP_ROOT_MCTS_vs_CNN_ROOT_MCTS,777,31,1,2,CNN_ROOT_MCTS,MLP_ROOT_MCTS,CNN_ROOT_MCTS,31,15,16,91884,99252,15,16,1545200,60651300,1556494500,1658159000
fixed_time_100ms,MLP_ROOT_MCTS_vs_CNN_ROOT_MCTS,777,32,0,4,MLP_ROOT_MCTS,CNN_ROOT_MCTS,MLP_ROOT_MCTS,3,2,1,61803,18282,2,1,225400,3664800,203339500,102061500
fixed_time_100ms,MLP_ROOT_MCTS_vs_CNN_ROOT_MCTS,777,32,1,4,CNN_ROOT_MCTS,MLP_ROOT_MCTS,CNN_ROOT_MCTS,3,1,2,18132,51526,1,2,105400,7780000,102562500,204298400
fixed_time_100ms,MLP_ROOT_MCTS_vs_CNN_ROOT_MCTS,777,33,0,6,MLP_ROOT_MCTS,CNN_ROOT_MCTS,CNN_ROOT_MCTS,32,16,16,107471,156071,16,16,1782700,60970800,1662322000,1658955700
fixed_time_100ms,MLP_ROOT_MCTS_vs_CNN_ROOT_MCTS,777,33,1,6,CNN_ROOT_MCTS,MLP_ROOT_MCTS,MLP_ROOT_MCTS,18,9,9,88599,44394,9,9,950900,34093500,937408900,939508000
fixed_time_100ms,MLP_ROOT_MCTS_vs_CNN_ROOT_MCTS,777,34,0,2,MLP_ROOT_MCTS,CNN_ROOT_MCTS,MLP_ROOT_MCTS,29,15,14,91676,73294,15,14,1578400,53724300,1558759800,1457303400
fixed_time_100ms,MLP_ROOT_MCTS_vs_CNN_ROOT_MCTS,777,34,1,2,CNN_ROOT_MCTS,MLP_ROOT_MCTS,MLP_ROOT_MCTS,32,16,16,170276,120160,16,16,1661100,60074700,1664055700,1665704500
fixed_time_100ms,MLP_ROOT_MCTS_vs_CNN_ROOT_MCTS,777,35,0,6,MLP_ROOT_MCTS,CNN_ROOT_MCTS,CNN_ROOT_MCTS,28,14,14,103003,109021,14,14,1412500,52345100,1460005300,1452545200
fixed_time_100ms,MLP_ROOT_MCTS_vs_CNN_ROOT_MCTS,777,35,1,6,CNN_ROOT_MCTS,MLP_ROOT_MCTS,MLP_ROOT_MCTS,30,15,15,148490,85247,15,15,1572200,56238500,1562625100,1562527500
fixed_time_100ms,MLP_ROOT_MCTS_vs_CNN_ROOT_MCTS,777,36,0,4,MLP_ROOT_MCTS,CNN_ROOT_MCTS,MLP_ROOT_MCTS,19,10,9,90689,42772,10,9,1042700,33639100,1039474200,940445300
fixed_time_100ms,MLP_ROOT_MCTS_vs_CNN_ROOT_MCTS,777,36,1,4,CNN_ROOT_MCTS,MLP_ROOT_MCTS,CNN_ROOT_MCTS,29,14,15,98862,114514,14,15,1493700,57465300,1450530700,1549597600
fixed_time_100ms,MLP_ROOT_MCTS_vs_CNN_ROOT_MCTS,777,37,0,5,MLP_ROOT_MCTS,CNN_ROOT_MCTS,CNN_ROOT_MCTS,34,17,17,154063,192790,17,17,1784800,64313800,1756442900,1750856000
fixed_time_100ms,MLP_ROOT_MCTS_vs_CNN_ROOT_MCTS,777,37,1,5,CNN_ROOT_MCTS,MLP_ROOT_MCTS,MLP_ROOT_MCTS,30,15,15,186120,139914,15,15,1608700,56754300,1546242000,1548703600
fixed_time_100ms,MLP_ROOT_MCTS_vs_CNN_ROOT_MCTS,777,38,0,6,MLP_ROOT_MCTS,CNN_ROOT_MCTS,CNN_ROOT_MCTS,32,16,16,118146,158781,16,16,1646900,60943600,1654515300,1648568600
fixed_time_100ms,MLP_ROOT_MCTS_vs_CNN_ROOT_MCTS,777,38,1,6,CNN_ROOT_MCTS,MLP_ROOT_MCTS,MLP_ROOT_MCTS,28,14,14,97355,84026,14,14,1462400,52513900,1451417500,1453225700
fixed_time_100ms,MLP_ROOT_MCTS_vs_CNN_ROOT_MCTS,777,39,0,4,MLP_ROOT_MCTS,CNN_ROOT_MCTS,MLP_ROOT_MCTS,17,9,8,91144,48200,9,8,942600,29913400,937516800,834385000
fixed_time_100ms,MLP_ROOT_MCTS_vs_CNN_ROOT_MCTS,777,39,1,4,CNN_ROOT_MCTS,MLP_ROOT_MCTS,MLP_ROOT_MCTS,32,16,16,95025,78262,16,16,1659100,59772300,1665525100,1666291300
fixed_time_100ms,MLP_ROOT_MCTS_vs_CNN_ROOT_MCTS,777,40,0,2,MLP_ROOT_MCTS,CNN_ROOT_MCTS,CNN_ROOT_MCTS,30,15,15,114333,157744,15,15,1529900,56949100,1555698800,1548843400
fixed_time_100ms,MLP_ROOT_MCTS_vs_CNN_ROOT_MCTS,777,40,1,2,CNN_ROOT_MCTS,MLP_ROOT_MCTS,CNN_ROOT_MCTS,29,14,15,87993,100374,14,15,1398100,57516600,1459180800,1556093400
fixed_time_100ms,MLP_ROOT_MCTS_vs_CNN_ROOT_MCTS,777,41,0,4,MLP_ROOT_MCTS,CNN_ROOT_MCTS,MLP_ROOT_MCTS,29,15,14,115974,93988,15,14,1598900,53502000,1548787100,1446214800
fixed_time_100ms,MLP_ROOT_MCTS_vs_CNN_ROOT_MCTS,777,41,1,4,CNN_ROOT_MCTS,MLP_ROOT_MCTS,CNN_ROOT_MCTS,15,7,8,38710,85643,7,8,752100,29907700,729185300,828670600
fixed_time_100ms,MLP_ROOT_MCTS_vs_CNN_ROOT_MCTS,777,42,0,3,MLP_ROOT_MCTS,CNN_ROOT_MCTS,CNN_ROOT_MCTS,34,17,17,111168,154627,17,17,1733800,64079400,1759662400,1756539900
fixed_time_100ms,MLP_ROOT_MCTS_vs_CNN_ROOT_MCTS,777,42,1,3,CNN_ROOT_MCTS,MLP_ROOT_MCTS,CNN_ROOT_MCTS,31,15,16,103999,109848,15,16,1543200,60742900,1553429900,1654241800
fixed_time_100ms,MLP_ROOT_MCTS_vs_CNN_ROOT_MCTS,777,43,0,6,MLP_ROOT_MCTS,CNN_ROOT_MCTS,MLP_ROOT_MCTS,1,1,0,53685,0,1,0,100900,0,100631400,0
fixed_time_100ms,MLP_ROOT_MCTS_vs_CNN_ROOT_MCTS,777,43,1,6,CNN_ROOT_MCTS,MLP_ROOT_MCTS,CNN_ROOT_MCTS,1,0,1,0,49672,0,1,0,3927900,0,100599700
fixed_time_100ms,MLP_ROOT_MCTS_vs_CNN_ROOT_MCTS,777,44,0,4,MLP_ROOT_MCTS,CNN_ROOT_MCTS,CNN_ROOT_MCTS,34,17,17,112806,164612,17,17,1744400,65016700,1755427300,1751600200
fixed_time_100ms,MLP_ROOT_MCTS_vs_CNN_ROOT_MCTS,777,44,1,4,CNN_ROOT_MCTS,MLP_ROOT_MCTS,CNN_ROOT_MCTS,23,11,12,76804,90824,11,12,1123500,45169600,1148305300,1247595600
fixed_time_100ms,MLP_ROOT_MCTS_vs_CNN_ROOT_MCTS,777,45,0,2,MLP_ROOT_MCTS,CNN_ROOT_MCTS,MLP_ROOT_MCTS,31,16,15,99769,79117,16,15,1636700,55612200,1656155400,1553467700
fixed_time_100ms,MLP_ROOT_MCTS_vs_CNN_ROOT_MCTS,777,45,1,2,CNN_ROOT_MCTS,MLP_ROOT_MCTS,MLP_ROOT_MCTS,22,11,11,91064,51917,11,11,1126500,42450700,1144956800,1145310700
fixed_time_100ms,MLP_ROOT_MCTS_vs_CNN_ROOT_MCTS,777,46,0,3,MLP_ROOT_MCTS,CNN_ROOT_MCTS,MLP_ROOT_MCTS,33,17,16,158789,93090,17,16,1731900,60757900,1761387400,1657204600
fixed_time_100ms,MLP_ROOT_MCTS_vs_CNN_ROOT_MCTS,777,46,1,3,CNN_ROOT_MCTS,MLP_ROOT_MCTS,CNN_ROOT_MCTS,33,16,17,110598,159990,16,17,1665200,65040300,1656350400,1753287700
fixed_time_100ms,MLP_ROOT_MCTS_vs_CNN_ROOT_MCTS,777,47,0,5,MLP_ROOT_MCTS,CNN_ROOT_MCTS,MLP_ROOT_MCTS,31,16,15,183179,130310,16,15,1652800,58502400,1660150400,1556270200
fixed_time_100ms,MLP_ROOT_MCTS_vs_CNN_ROOT_MCTS,777,47,1,5,CNN_ROOT_MCTS,MLP_ROOT_MCTS,MLP_ROOT_MCTS,32,16,16,181547,126554,16,16,2015700,60053100,1662029700,1663625500
fixed_time_100ms,MLP_ROOT_MCTS_vs_CNN_ROOT_MCTS,777,48,0,3,MLP_ROOT_MCTS,CNN_ROOT_MCTS,MLP_ROOT_MCTS,21,11,10,98932,49703,11,10,1105800,38097500,1146704200,1046716700
fixed_time_100ms,MLP_ROOT_MCTS_vs_CNN_ROOT_MCTS,777,48,1,3,CNN_ROOT_MCTS,MLP_ROOT_MCTS,CNN_ROOT_MCTS,33,16,17,109504,160659,16,17,1664600,64271200,1656572600,1755848900
fixed_time_100ms,MLP_ROOT_MCTS_vs_CNN_ROOT_MCTS,777,49,0,2,MLP_ROOT_MCTS,CNN_ROOT_MCTS,MLP_ROOT_MCTS,33,17,16,159857,98875,17,16,1924900,59571000,1750907800,1646079300
fixed_time_100ms,MLP_ROOT_MCTS_vs_CNN_ROOT_MCTS,777,49,1,2,CNN_ROOT_MCTS,MLP_ROOT_MCTS,MLP_ROOT_MCTS,36,18,18,205319,160903,18,18,1908300,68474100,1859240100,1860432400
